{"type": "FeatureCollection", "features": [{"type": "Feature", "geometry": {"type": "Polygon", "coordinates": [[[78.3335456, 25.8912967], [78.3335426, 25.8912913], [78.3333906, 25.8910374], [78.3333809, 25.8910223], [78.3332329, 25.8907926], [78.3330514, 25.8908541], [78.3329465, 25.8908897], [78.3329423, 25.8908881], [78.3329367, 25.8908828], [78.3329366, 25.8908827], [78.3329274, 25.8908685], [78.332915, 25.8908498], [78.3329091, 25.8908408], [78.3328913, 25.8908114], [78.332858, 25.8907564], [78.332835, 25.8907125], [78.3328014, 25.8906571], [78.3327935, 25.8906496], [78.3327905, 25.8906447], [78.3327862, 25.8906376], [78.3327529, 25.8905219], [78.3327058, 25.8903375], [78.332868, 25.8903122], [78.3329155, 25.890306], [78.3329233, 25.890305], [78.3329185, 25.8902379], [78.3329113, 25.8901355], [78.3329203, 25.8900938], [78.3329311, 25.8900444], [78.3329537, 25.8899663], [78.332992, 25.8898336], [78.3329925, 25.8898318], [78.3329926, 25.8898315], [78.3329976, 25.8898155], [78.3330064, 25.8898011], [78.3330272, 25.8897444], [78.3330272, 25.8897443], [78.3330504, 25.8896807], [78.3330553, 25.8896675], [78.3330553, 25.8896675], [78.3330684, 25.8896322], [78.3330911, 25.8895714], [78.3331382, 25.889445], [78.3331603, 25.8893857], [78.3331783, 25.8893389], [78.3331854, 25.8893165], [78.3332085, 25.8892442], [78.3332153, 25.8892218], [78.3332153, 25.8892218], [78.333238, 25.8891469], [78.3332541, 25.889094], [78.3332777, 25.8890109], [78.3333276, 25.8888351], [78.3333278, 25.8888345], [78.3333276, 25.8888344], [78.3332593, 25.8888177], [78.3331472, 25.8887903], [78.3331314, 25.8887865], [78.333044, 25.8887653], [78.333042, 25.8887648], [78.3330401, 25.8887644], [78.3330336, 25.8887589], [78.3330267, 25.8887506], [78.3330264, 25.8887503], [78.3330104, 25.8887143], [78.3329522, 25.8886133], [78.332941, 25.8885938], [78.3329297, 25.8885792], [78.3329245, 25.8885732], [78.3329086, 25.8885684], [78.3328981, 25.8885666], [78.3328834, 25.8885654], [78.3328457, 25.8885663], [78.3327717, 25.8885883], [78.3327293, 25.888603], [78.3325658, 25.8886608], [78.3325097, 25.8886806], [78.332458, 25.8886972], [78.3324371, 25.8887033], [78.3324328, 25.888648], [78.3323616, 25.888655], [78.3321172, 25.8886792], [78.3320749, 25.8886833], [78.3320746, 25.8886807], [78.3320693, 25.8886457], [78.3320463, 25.8884119], [78.3320248, 25.8880748], [78.3320046, 25.8876951], [78.3319909, 25.8876034], [78.3319814, 25.8875662], [78.3319788, 25.8875681], [78.3319358, 25.8875987], [78.331928, 25.8876042], [78.3319086, 25.8876348], [78.3318815, 25.8877073], [78.3318781, 25.8877169], [78.3318333, 25.8878424], [78.3318325, 25.8878446], [78.3317657, 25.8880315], [78.3317434, 25.8880914], [78.3316824, 25.8882551], [78.3316553, 25.8883279], [78.3316538, 25.8883324], [78.3316337, 25.8883923], [78.3315156, 25.8887441], [78.3314856, 25.8888329], [78.331451, 25.8889626], [78.3314718, 25.8890471], [78.3314597, 25.8893192], [78.33146, 25.8894577], [78.3314599, 25.8895004], [78.3314599, 25.8895007], [78.3314588, 25.8895921], [78.3314619, 25.8896167], [78.3314655, 25.889645], [78.331487, 25.8898312], [78.3314921, 25.8898752], [78.3314923, 25.8898772], [78.3314925, 25.8898782], [78.3315151, 25.889876], [78.3317574, 25.8898596], [78.3317971, 25.8898573], [78.3318324, 25.8898548], [78.3319503, 25.8898463], [78.3321906, 25.8898314], [78.3321929, 25.8898321], [78.332194, 25.8898325], [78.3321953, 25.8898329], [78.3321982, 25.8898361], [78.3322008, 25.8898462], [78.3322182, 25.8900232], [78.3322244, 25.8900804], [78.3322281, 25.8901147], [78.3322427, 25.8902247], [78.3322596, 25.8903376], [78.3322743, 25.8904171], [78.3323066, 25.8905923], [78.3323074, 25.8905966], [78.3323182, 25.8906554], [78.3323262, 25.8906986], [78.3323295, 25.8907167], [78.3323353, 25.8907445], [78.3323355, 25.8907493], [78.3323359, 25.8907576], [78.3323472, 25.8908231], [78.3323693, 25.890951], [78.3323729, 25.8909718], [78.3323735, 25.890977], [78.3323821, 25.8910497], [78.3323823, 25.891053], [78.3323854, 25.8910717], [78.3323941, 25.8911236], [78.3324012, 25.8911572], [78.3324211, 25.8912494], [78.3324564, 25.8913814], [78.3325187, 25.8916171], [78.3325823, 25.8918284], [78.3325846, 25.8918352], [78.3325978, 25.8918302], [78.3326069, 25.8918267], [78.3326182, 25.891822], [78.332626, 25.8918186], [78.3326366, 25.8918139], [78.3326485, 25.8918085], [78.3326851, 25.8917905], [78.3326875, 25.8917893], [78.3327154, 25.8917756], [78.3327433, 25.8917557], [78.3327476, 25.8917516], [78.3327499, 25.8917494], [78.3327537, 25.8917459], [78.3327603, 25.8917398], [78.3327848, 25.8917172], [78.3327867, 25.8917151], [78.3328004, 25.8917055], [78.3328298, 25.8916849], [78.3328369, 25.8916799], [78.3328832, 25.8916509], [78.3329181, 25.8916309], [78.3329806, 25.8915945], [78.3330341, 25.8915632], [78.333082, 25.8915353], [78.3331217, 25.8915121], [78.3331496, 25.8914959], [78.3331665, 25.8914871], [78.3332295, 25.8914544], [78.3332853, 25.8914255], [78.3332948, 25.8914206], [78.3333002, 25.8914178], [78.3333371, 25.8913987], [78.3333598, 25.8913877], [78.333405, 25.8913659], [78.3334157, 25.8913608], [78.3334488, 25.8913448], [78.3335049, 25.8913177], [78.3335238, 25.891308], [78.3335456, 25.8912967]]]}, "properties": {"objectid": 31783, "statename": "Madhya Pradesh", "statecode": "23", "districtname": "Gwalior", "districtcode": "421", "ulbname": "Dabra", "ulbcode": "802104", "wardname": "Ward 4", "wardcode": "4", "id": null, "status": "APPROVED", "misglobalid": null, "approved_by": null, "createdate": 1643827573000, "updateddate": 1659589382000, "globalid": "d6mBmRn5-nBoQ-PBm5-QQnB-dP4Q5K5K4nao", "gisglobalid": "BPsc4PQs-ld6m-P55R-QPQn-K5dcdlBl6nKm", "remark": "", "st_area(shape)": 3.679903467212952e-06, "st_perimeter(shape)": 0.012114460462258432}}, {"type": "Feature", "geometry": {"type": "Polygon", "coordinates": [[[78.3320515, 25.8870418], [78.3320517, 25.8870413], [78.332053, 25.8870354], [78.3320583, 25.8870119], [78.332062, 25.8869951], [78.3320625, 25.8869931], [78.3321184, 25.8867442], [78.3321305, 25.8867023], [78.3322296, 25.8864167], [78.3322347, 25.8864021], [78.332261, 25.8863468], [78.3321315, 25.8863111], [78.3320783, 25.8862965], [78.3319987, 25.8862732], [78.3319904, 25.8862708], [78.3317589, 25.8862031], [78.3316566, 25.8861716], [78.3313153, 25.8860664], [78.3310122, 25.8859737], [78.3308494, 25.8859228], [78.3308584, 25.8858939], [78.3308602, 25.8858878], [78.3303661, 25.8857383], [78.3299638, 25.8856197], [78.329833, 25.8855812], [78.3295571, 25.8854956], [78.3294439, 25.8854532], [78.3294413, 25.8854598], [78.3294302, 25.8854881], [78.329233, 25.8854155], [78.3290944, 25.8853519], [78.3288894, 25.885251], [78.3288843, 25.8852485], [78.3287041, 25.8851599], [78.3287039, 25.8851598], [78.328699, 25.8851577], [78.3286719, 25.885146], [78.3286708, 25.8851455], [78.3286697, 25.885145], [78.3286402, 25.8851323], [78.3286292, 25.8851275], [78.328626, 25.8851261], [78.3286243, 25.8851254], [78.3286229, 25.8851248], [78.3286215, 25.8851244], [78.3286019, 25.885156], [78.328597, 25.8851639], [78.3285969, 25.8851642], [78.3285849, 25.8851834], [78.3285676, 25.8852113], [78.3285582, 25.8852265], [78.3285612, 25.8852276], [78.3285646, 25.8852288], [78.3285867, 25.8852368], [78.3285755, 25.8852541], [78.3283975, 25.885531], [78.3283971, 25.8855316], [78.3282915, 25.885711], [78.3281056, 25.8860268], [78.3281052, 25.8860273], [78.3279064, 25.8863503], [78.3277694, 25.8865728], [78.3277513, 25.8866022], [78.3277563, 25.886605], [78.3277689, 25.8866112], [78.3277705, 25.8866119], [78.3277888, 25.8866208], [78.3279359, 25.8866922], [78.3279454, 25.8866989], [78.3279633, 25.8867114], [78.3280323, 25.8867328], [78.3280962, 25.8867526], [78.3281056, 25.8867553], [78.3281125, 25.8867606], [78.3281166, 25.8867657], [78.328117, 25.8867758], [78.3281195, 25.8868402], [78.3281195, 25.8868405], [78.3281194, 25.8868408], [78.328119, 25.8868517], [78.3281183, 25.886868], [78.3281242, 25.8869351], [78.3281242, 25.8869355], [78.3281242, 25.8869356], [78.3281243, 25.8869359], [78.3281243, 25.886936], [78.3281278, 25.8869469], [78.3281313, 25.8869579], [78.3281313, 25.886958], [78.3281313, 25.886958], [78.3281426, 25.8869944], [78.3281574, 25.8870249], [78.3281634, 25.8870371], [78.3281832, 25.8870813], [78.3282348, 25.8872194], [78.3282349, 25.8872196], [78.3282355, 25.8872209], [78.3282415, 25.8872339], [78.3282447, 25.8872408], [78.3282935, 25.8873457], [78.3282952, 25.8873492], [78.3282903, 25.8873651], [78.328287, 25.8873775], [78.328296, 25.8873783], [78.328307, 25.8873793], [78.3286456, 25.8874107], [78.3286608, 25.8872935], [78.3287059, 25.8868561], [78.3287212, 25.8867428], [78.3287282, 25.8866908], [78.3287436, 25.8865769], [78.3287527, 25.8865789], [78.3287888, 25.8865918], [78.3287898, 25.8865921], [78.3287941, 25.8865936], [78.3288065, 25.886598], [78.3288069, 25.8865982], [78.3288072, 25.8865983], [78.3288665, 25.8866205], [78.3288668, 25.8866206], [78.3288669, 25.8866206], [78.3288674, 25.8866208], [78.3289254, 25.8866365], [78.3289452, 25.8866419], [78.3289483, 25.8866428], [78.3289485, 25.8866428], [78.3289488, 25.8866429], [78.3290366, 25.8866631], [78.3290509, 25.8866664], [78.3290944, 25.8866765], [78.3290947, 25.8866765], [78.329095, 25.8866766], [78.3292461, 25.8867138], [78.3292572, 25.8867165], [78.3294569, 25.8867579], [78.3294761, 25.8867621], [78.3298663, 25.8868243], [78.3298709, 25.8868251], [78.3300047, 25.8868306], [78.3301063, 25.8868304], [78.3301139, 25.8868304], [78.330115, 25.8868303], [78.3301485, 25.886828], [78.3301612, 25.8868253], [78.3301671, 25.8868241], [78.3301828, 25.8868217], [78.3302008, 25.8868197], [78.3302203, 25.8868209], [78.3302433, 25.8868263], [78.3303313, 25.8868482], [78.3305533, 25.8868944], [78.3305712, 25.8868969], [78.3305845, 25.8868964], [78.330593, 25.8868908], [78.3305978, 25.8868836], [78.3305989, 25.886882], [78.3306085, 25.8868686], [78.3306148, 25.8868643], [78.3306251, 25.8868629], [78.3306445, 25.8868636], [78.3307992, 25.8868827], [78.3308151, 25.8868847], [78.3309568, 25.8869022], [78.3310803, 25.8869148], [78.331149, 25.886923], [78.3313642, 25.8869487], [78.3313809, 25.8869507], [78.3315023, 25.8869672], [78.3320412, 25.8870404], [78.3320511, 25.8870418], [78.3320515, 25.8870418]]]}, "properties": {"objectid": 31784, "statename": "Madhya Pradesh", "statecode": "23", "districtname": "Gwalior", "districtcode": "421", "ulbname": "Dabra", "ulbcode": "802104", "wardname": "Ward 6", "wardcode": "6", "id": null, "status": "APPROVED", "misglobalid": null, "approved_by": null, "createdate": 1643827573000, "updateddate": 1659589442000, "globalid": "dBncc5lP-4RBd-P44s-s6nQ-PlQocPRQ6RKn", "gisglobalid": "4m54ondP-6d6B-PdBR-sRdc-PlsdcBRBnQQP", "remark": "", "st_area(shape)": 4.903134264651466e-06, "st_perimeter(shape)": 0.0120189547306715}}, {"type": "Feature", "geometry": {"type": "Polygon", "coordinates": [[[78.3366889, 25.8837464], [78.3366828, 25.8837256], [78.3366777, 25.8837082], [78.336195, 25.8837867], [78.3359951, 25.8838192], [78.3359186, 25.8838317], [78.3356251, 25.8838794], [78.3357356, 25.884351], [78.3357206, 25.8843909], [78.3346156, 25.8840638], [78.3338374, 25.8838344], [78.3337027, 25.8837947], [78.3336909, 25.8837911], [78.3336908, 25.883791], [78.3332879, 25.8836678], [78.333271, 25.8836627], [78.3332612, 25.8836597], [78.3331535, 25.8839557], [78.3330298, 25.8842954], [78.3330272, 25.8843026], [78.3327976, 25.8849335], [78.3327965, 25.8849365], [78.3327804, 25.8849796], [78.3327775, 25.8849876], [78.3325516, 25.8855939], [78.3325483, 25.8856028], [78.3325397, 25.885626], [78.3324267, 25.8859269], [78.3323036, 25.8862629], [78.3322978, 25.8862741], [78.3322978, 25.8862742], [78.332261, 25.8863468], [78.3322619, 25.886347], [78.3323082, 25.8863598], [78.3323747, 25.8863807], [78.3323753, 25.8863808], [78.3323961, 25.8863874], [78.3327407, 25.8864869], [78.3334712, 25.8866968], [78.334725, 25.8870747], [78.3347572, 25.8870826], [78.3347837, 25.8870313], [78.3348129, 25.8869579], [78.3349269, 25.88667], [78.3349547, 25.8865873], [78.3350241, 25.8863846], [78.3350334, 25.8863571], [78.3350354, 25.8863511], [78.3350787, 25.8862123], [78.3351965, 25.8858711], [78.3352205, 25.8858025], [78.3352396, 25.8857192], [78.335241, 25.885713], [78.3352482, 25.8856814], [78.3354294, 25.885196], [78.3354766, 25.885075], [78.3354939, 25.8850363], [78.3355056, 25.8850104], [78.3355884, 25.8847767], [78.3356129, 25.884784], [78.3357627, 25.8848295], [78.3359811, 25.8848861], [78.3360561, 25.8849055], [78.3360639, 25.8849063], [78.3360611, 25.8847578], [78.3360611, 25.8847578], [78.33607, 25.8847575], [78.336263, 25.8847362], [78.3363209, 25.8847316], [78.3364732, 25.8847158], [78.3364878, 25.8847147], [78.3364865, 25.8846835], [78.336499, 25.8846832], [78.3366223, 25.8846716], [78.3366181, 25.8846301], [78.336615, 25.8845812], [78.3366146, 25.8845768], [78.3366107, 25.8845198], [78.3366106, 25.8845101], [78.3367558, 25.884498], [78.336768, 25.8844977], [78.3367781, 25.8844974], [78.3369397, 25.8844754], [78.3369285, 25.8843843], [78.3369221, 25.8843681], [78.336916, 25.884353], [78.3369014, 25.8843077], [78.3368849, 25.8842566], [78.3368685, 25.8842059], [78.336858, 25.8841733], [78.3368458, 25.8841357], [78.336832, 25.8840927], [78.3368299, 25.8840864], [78.3368166, 25.8840452], [78.3367976, 25.8839923], [78.3367834, 25.8839529], [78.3367612, 25.8839192], [78.3367415, 25.8838894], [78.3367029, 25.883794], [78.336697, 25.8837739], [78.3366889, 25.8837464]]]}, "properties": {"objectid": 31785, "statename": "Madhya Pradesh", "statecode": "23", "districtname": "Gwalior", "districtcode": "421", "ulbname": "Dabra", "ulbcode": "802104", "wardname": "Ward 11", "wardcode": "11", "id": null, "status": "APPROVED", "misglobalid": null, "approved_by": null, "createdate": 1643827573000, "updateddate": 1659589512000, "globalid": "dPaRaB4c-lnna-PRnR-sdP4-RP6nRn4oo4Rn", "gisglobalid": "Rm4n4oc6-PlQo-Pn46-s6oK-lQ6Rsa656mRQ", "remark": "", "st_area(shape)": 8.462540221421524e-06, "st_perimeter(shape)": 0.014629360059119719}}, {"type": "Feature", "geometry": {"type": "Polygon", "coordinates": [[[78.3332612, 25.8836597], [78.3332645, 25.8836454], [78.3332653, 25.8836437], [78.3332678, 25.8836386], [78.333268, 25.8836381], [78.3330454, 25.8835688], [78.3329638, 25.8835456], [78.3326465, 25.8834554], [78.33148, 25.8831133], [78.3313466, 25.8830726], [78.3309997, 25.88297], [78.3308463, 25.8829166], [78.3308896, 25.8828445], [78.3309885, 25.8826826], [78.3310214, 25.8826306], [78.3309986, 25.8826191], [78.3309985, 25.8826193], [78.3309934, 25.8826167], [78.330971, 25.8826056], [78.3309682, 25.8826042], [78.3309452, 25.8825927], [78.330933, 25.8825866], [78.3309208, 25.8825805], [78.3309066, 25.8825734], [78.3309209, 25.8825499], [78.3309337, 25.8825289], [78.330969, 25.882471], [78.3310005, 25.8824193], [78.331029, 25.8823726], [78.3310339, 25.8823651], [78.3310424, 25.8823521], [78.3310166, 25.882338], [78.3308906, 25.882269], [78.3308365, 25.8822394], [78.330817, 25.8822286], [78.3307971, 25.8822178], [78.3307852, 25.8822112], [78.3307618, 25.8821976], [78.3307519, 25.8821913], [78.3307241, 25.8821744], [78.3307013, 25.8821606], [78.3307013, 25.8821606], [78.3306969, 25.8821579], [78.3306837, 25.8821499], [78.3306698, 25.8821413], [78.3306659, 25.8821389], [78.3306033, 25.8821003], [78.330602, 25.8820995], [78.3305819, 25.8820871], [78.3305759, 25.8820834], [78.3305706, 25.8820801], [78.3305632, 25.8820755], [78.3305589, 25.8820725], [78.3305453, 25.8820629], [78.3305293, 25.8820516], [78.3305289, 25.8820514], [78.3301487, 25.8826634], [78.3295972, 25.8835297], [78.329086, 25.8843626], [78.3286453, 25.8850861], [78.3286411, 25.885093], [78.3286218, 25.8851241], [78.3286217, 25.8851242], [78.3286215, 25.8851244], [78.3286229, 25.8851248], [78.3286243, 25.8851254], [78.328626, 25.8851261], [78.3286292, 25.8851275], [78.3286402, 25.8851323], [78.3286697, 25.885145], [78.3286708, 25.8851455], [78.3286719, 25.885146], [78.328699, 25.8851577], [78.3287039, 25.8851598], [78.3287041, 25.8851599], [78.3288843, 25.8852485], [78.3288894, 25.885251], [78.3290944, 25.8853519], [78.329233, 25.8854155], [78.3294302, 25.8854881], [78.3294413, 25.8854598], [78.3294439, 25.8854532], [78.3295571, 25.8854956], [78.329833, 25.8855812], [78.3299638, 25.8856197], [78.3303661, 25.8857383], [78.3308602, 25.8858878], [78.3308584, 25.8858939], [78.3308494, 25.8859228], [78.3310122, 25.8859737], [78.3313153, 25.8860664], [78.3316566, 25.8861716], [78.3317589, 25.8862031], [78.3319904, 25.8862708], [78.3319987, 25.8862732], [78.3320783, 25.8862965], [78.3321315, 25.8863111], [78.332261, 25.8863468], [78.3322978, 25.8862742], [78.3322978, 25.8862741], [78.3323036, 25.8862629], [78.3324267, 25.8859269], [78.3325397, 25.885626], [78.3325483, 25.8856028], [78.3325516, 25.8855939], [78.3327775, 25.8849876], [78.3327804, 25.8849796], [78.3327965, 25.8849365], [78.3327976, 25.8849335], [78.3330272, 25.8843026], [78.3330298, 25.8842954], [78.3331535, 25.8839557], [78.3332612, 25.8836597]]]}, "properties": {"objectid": 31786, "statename": "Madhya Pradesh", "statecode": "23", "districtname": "Gwalior", "districtcode": "421", "ulbname": "Dabra", "ulbcode": "802104", "wardname": "Ward 14", "wardcode": "14", "id": null, "status": "APPROVED", "misglobalid": null, "approved_by": null, "createdate": 1643827573000, "updateddate": 1659589547000, "globalid": "c4K6dK5Q-l4cd-PcKm-aodP-ds4cdnlm4mld", "gisglobalid": "5slKRPP4-m54d-PQB6-RsRn-R4s5laK5ocno", "remark": "", "st_area(shape)": 1.0677343051658796e-05, "st_perimeter(shape)": 0.014271040359150888}}, {"type": "Feature", "geometry": {"type": "Polygon", "coordinates": [[[78.3266166, 25.8884067], [78.3266359, 25.8883761], [78.3274415, 25.8870949], [78.3275228, 25.8869646], [78.3275017, 25.8869543], [78.3274999, 25.8869534], [78.327477, 25.8869423], [78.3274632, 25.8869355], [78.3274626, 25.8869353], [78.3273986, 25.886904], [78.3273581, 25.8868843], [78.3273405, 25.8868757], [78.3272555, 25.8868343], [78.3272554, 25.8868342], [78.3272227, 25.8868182], [78.3272147, 25.8868143], [78.3272085, 25.8868113], [78.3271827, 25.8867988], [78.3271827, 25.8867988], [78.3271436, 25.8868559], [78.3270001, 25.8870655], [78.3269964, 25.8870709], [78.3269324, 25.887165], [78.3268632, 25.8872667], [78.3268628, 25.8872673], [78.3268627, 25.8872673], [78.3268621, 25.8872682], [78.3268606, 25.8872673], [78.326316, 25.8869722], [78.3260904, 25.8868514], [78.3260892, 25.8868508], [78.3258188, 25.8866982], [78.3257013, 25.8866344], [78.3256085, 25.8867792], [78.3256078, 25.8867804], [78.3256016, 25.88679], [78.32557, 25.8868412], [78.3255554, 25.8868648], [78.325509, 25.88694], [78.3254647, 25.8870119], [78.3254646, 25.8870121], [78.3253371, 25.8872189], [78.3253368, 25.8872193], [78.3252638, 25.8873385], [78.3251947, 25.8874498], [78.3251932, 25.8874521], [78.3251931, 25.8874522], [78.325167, 25.8874919], [78.3250423, 25.8876813], [78.3250414, 25.8876826], [78.324898, 25.8879003], [78.3248832, 25.8879228], [78.3248225, 25.8880245], [78.3247516, 25.8881433], [78.3247515, 25.8881436], [78.3246982, 25.8882329], [78.3246954, 25.8882376], [78.3246792, 25.8882647], [78.3246772, 25.8882681], [78.3246574, 25.8883014], [78.324637, 25.8883339], [78.3246303, 25.8883446], [78.3245999, 25.8883985], [78.3245649, 25.8884604], [78.3245311, 25.8885143], [78.3244647, 25.8886204], [78.3244061, 25.8886964], [78.324459, 25.8887274], [78.3244659, 25.8887315], [78.3244662, 25.8887316], [78.3244736, 25.888736], [78.3244799, 25.8887397], [78.3244806, 25.8887402], [78.3244806, 25.8887402], [78.3244788, 25.8887436], [78.3244771, 25.8887471], [78.3244379, 25.8888229], [78.3244361, 25.8888265], [78.3244301, 25.888838], [78.3244298, 25.8888385], [78.3244238, 25.8888493], [78.3244179, 25.88886], [78.3243855, 25.8889196], [78.3243843, 25.8889217], [78.3243594, 25.8889654], [78.3243355, 25.8890085], [78.3243363, 25.8890511], [78.3243368, 25.8890805], [78.3243379, 25.8891389], [78.3243379, 25.8891406], [78.3243386, 25.8891814], [78.3243408, 25.8892994], [78.324342, 25.8893647], [78.3243539, 25.8893705], [78.324345, 25.8894433], [78.3242987, 25.8895372], [78.3241849, 25.8897769], [78.3239387, 25.8901228], [78.323883, 25.8902184], [78.3238445, 25.8902908], [78.3237674, 25.8903986], [78.3236923, 25.890487], [78.3236806, 25.8905175], [78.3237127, 25.8905608], [78.3237649, 25.8905961], [78.3238909, 25.8906361], [78.3239971, 25.8906355], [78.3241194, 25.8906087], [78.3241992, 25.8906039], [78.324262, 25.8906075], [78.3243214, 25.890639], [78.3244875, 25.8907761], [78.3245484, 25.8908025], [78.3246058, 25.8907972], [78.32465, 25.8907589], [78.3246832, 25.8907258], [78.3246973, 25.8907226], [78.3247123, 25.8907234], [78.3247283, 25.8907244], [78.3247284, 25.8907244], [78.3247324, 25.8907246], [78.3247488, 25.8907353], [78.3247669, 25.8907471], [78.3247963, 25.890797], [78.3248125, 25.8908095], [78.3248187, 25.8908095], [78.3248367, 25.8908172], [78.3248615, 25.890827], [78.3249529, 25.8908872], [78.3249739, 25.8909176], [78.324989, 25.890923], [78.3250046, 25.8909286], [78.3250206, 25.8909343], [78.3251802, 25.8906735], [78.3257089, 25.8898315], [78.3259252, 25.8894868], [78.3261164, 25.8891913], [78.3262095, 25.8890472], [78.3263507, 25.8888288], [78.3264344, 25.888695], [78.3264345, 25.8886947], [78.3264759, 25.8886285], [78.3266166, 25.8884067]]]}, "properties": {"objectid": 31787, "statename": "Madhya Pradesh", "statecode": "23", "districtname": "Gwalior", "districtcode": "421", "ulbname": "Dabra", "ulbcode": "802104", "wardname": "Ward 18", "wardcode": "18", "id": null, "status": "APPROVED", "misglobalid": null, "approved_by": null, "createdate": 1643827573000, "updateddate": 1659589576000, "globalid": "a4Qsod6l-44mB-Pcoo-R4dc-6socsmdlldo4", "gisglobalid": "QQlPm6dl-6a5o-PnB5-Rmo5-RalB5mB5lloK", "remark": "", "st_area(shape)": 6.925399171607035e-06, "st_perimeter(shape)": 0.013053836225584765}}, {"type": "Feature", "geometry": {"type": "Polygon", "coordinates": [[[78.322053, 25.8827049], [78.3223143, 25.8826137], [78.3228478, 25.8824237], [78.3228929, 25.8824103], [78.3230305, 25.8823482], [78.3232008, 25.8822713], [78.3232049, 25.8822694], [78.3233346, 25.8822033], [78.3235216, 25.882108], [78.3235117, 25.8820923], [78.323417, 25.8819424], [78.323443, 25.8819289], [78.3234551, 25.8819229], [78.3234596, 25.8819207], [78.3234959, 25.8819027], [78.3235065, 25.8818974], [78.3235343, 25.8818837], [78.3235381, 25.8818896], [78.3235383, 25.8818895], [78.3235454, 25.8818858], [78.3236117, 25.8818513], [78.3236223, 25.8818461], [78.3236809, 25.8818172], [78.3237017, 25.881807], [78.3237118, 25.881802], [78.3237362, 25.8817899], [78.323793, 25.881762], [78.3238739, 25.8817221], [78.3239348, 25.8816921], [78.3239899, 25.8816649], [78.3240373, 25.8816416], [78.324084, 25.8816186], [78.3241192, 25.8816012], [78.3241916, 25.8815656], [78.3242336, 25.8815449], [78.3242756, 25.8815242], [78.3243147, 25.8815049], [78.3243736, 25.8814759], [78.3244203, 25.8814529], [78.3244527, 25.8814369], [78.3244911, 25.881418], [78.3245106, 25.8814084], [78.3245447, 25.8813916], [78.3245884, 25.88137], [78.3246153, 25.8813568], [78.3246779, 25.8813259], [78.3246794, 25.8813252], [78.3247531, 25.8812889], [78.3248082, 25.8812617], [78.3248681, 25.8812322], [78.3249943, 25.88117], [78.3250393, 25.8811478], [78.3250535, 25.8811414], [78.3251587, 25.8810938], [78.3254119, 25.8809647], [78.3254163, 25.8809624], [78.3254616, 25.880944], [78.3255034, 25.880922], [78.3255331, 25.8809063], [78.325544, 25.8809006], [78.3255744, 25.8809481], [78.325678, 25.8811097], [78.3256783, 25.8811103], [78.3256868, 25.8811058], [78.325688, 25.8811052], [78.3256882, 25.8811051], [78.3257174, 25.8810898], [78.3257226, 25.881087], [78.3257301, 25.8810831], [78.325748, 25.8810735], [78.3257557, 25.8810694], [78.3257612, 25.8810665], [78.3257781, 25.8810577], [78.3257516, 25.8810162], [78.3258003, 25.8809888], [78.3258328, 25.8809704], [78.3259, 25.8809326], [78.3259215, 25.8809659], [78.3259216, 25.8809658], [78.3259417, 25.8809568], [78.3259483, 25.8809536], [78.3259696, 25.8809433], [78.3260223, 25.8809177], [78.3260734, 25.8808929], [78.3260829, 25.8808883], [78.3261169, 25.8808718], [78.3261415, 25.8808599], [78.3261466, 25.8808574], [78.3261977, 25.8808326], [78.3262116, 25.8808259], [78.3262211, 25.8808421], [78.3263061, 25.8808198], [78.3264333, 25.8807864], [78.3264648, 25.8807774], [78.3265672, 25.8807482], [78.3266234, 25.8807307], [78.3266808, 25.8807129], [78.3267126, 25.880703], [78.3267148, 25.8807023], [78.32674, 25.8806945], [78.3267992, 25.880676], [78.3268046, 25.8806744], [78.326853, 25.8806593], [78.3268599, 25.8806571], [78.3268794, 25.8806511], [78.3269019, 25.8806441], [78.3269666, 25.880624], [78.3269752, 25.8806213], [78.3270447, 25.8805997], [78.327087, 25.8805869], [78.3270873, 25.8805874], [78.3270874, 25.8805874], [78.3271028, 25.8805826], [78.3271177, 25.880578], [78.3271252, 25.8805757], [78.3271537, 25.8805668], [78.3271958, 25.8805537], [78.3273047, 25.8805199], [78.3274055, 25.8804885], [78.3274816, 25.8804679], [78.3277188, 25.8803964], [78.3277799, 25.880378], [78.3278477, 25.8803575], [78.3279126, 25.880338], [78.3280187, 25.880306], [78.3280739, 25.8802889], [78.328093, 25.8802833], [78.328121, 25.8802752], [78.3281842, 25.8802561], [78.3281881, 25.8802549], [78.3282378, 25.8802399], [78.3283492, 25.8802063], [78.3284787, 25.8801673], [78.3285557, 25.8801441], [78.3286156, 25.880126], [78.3287934, 25.8800723], [78.328807, 25.8800681], [78.3288206, 25.8800639], [78.328904, 25.8800389], [78.3290364, 25.8799991], [78.3290541, 25.8799938], [78.3291555, 25.8799632], [78.3292634, 25.8799304], [78.3292733, 25.8799275], [78.3292838, 25.8799245], [78.3293131, 25.8799157], [78.3295205, 25.8798532], [78.3295205, 25.8798532], [78.3295442, 25.8798464], [78.3295549, 25.8798433], [78.329565, 25.8798404], [78.3295941, 25.879832], [78.3295949, 25.8798323], [78.3295952, 25.8798317], [78.3308655, 25.8804027], [78.3312088, 25.880563], [78.3312216, 25.88057], [78.3313285, 25.8804307], [78.3313578, 25.8803736], [78.331388, 25.8803093], [78.3313993, 25.880274], [78.3314137, 25.8802143], [78.3314181, 25.8801756], [78.3314287, 25.8800155], [78.3314248, 25.8799175], [78.3314191, 25.8798194], [78.3314082, 25.8797229], [78.3313984, 25.8796548], [78.3313913, 25.8796199], [78.3313741, 25.8795714], [78.3312509, 25.8793022], [78.3311657, 25.8791324], [78.3311117, 25.8790507], [78.3310057, 25.8788983], [78.3309084, 25.8787598], [78.3309162, 25.8787574], [78.3309237, 25.8787548], [78.3309578, 25.8787433], [78.3310143, 25.8787172], [78.3310698, 25.8786881], [78.3311199, 25.8786496], [78.3311504, 25.8786256], [78.3311717, 25.8786056], [78.3311758, 25.8786016], [78.3311885, 25.878589], [78.3312299, 25.8785345], [78.3312776, 25.8784725], [78.3313328, 25.8783809], [78.3314421, 25.8781978], [78.3316013, 25.8779302], [78.3317319, 25.8777075], [78.3317505, 25.8776823], [78.3317639, 25.8776677], [78.3317782, 25.8776578], [78.3317904, 25.8776524], [78.3317993, 25.8776484], [78.3318181, 25.8776421], [78.3318253, 25.8776401], [78.331842, 25.8776354], [78.3318709, 25.8776324], [78.3318924, 25.8776338], [78.3319122, 25.8776356], [78.3320188, 25.8776453], [78.3320436, 25.8776493], [78.3323551, 25.8777308], [78.3323971, 25.8777418], [78.332416, 25.8777464], [78.3325849, 25.8777882], [78.3326204, 25.8777909], [78.332669, 25.8777923], [78.3326974, 25.8777892], [78.3327354, 25.8777838], [78.3327581, 25.8777786], [78.3327855, 25.8777658], [78.3328113, 25.8777494], [78.332827, 25.8777313], [78.3328569, 25.8776817], [78.3330814, 25.8773184], [78.3330838, 25.8773146], [78.333111, 25.8772706], [78.3332583, 25.8770314], [78.3335261, 25.8765669], [78.3335477, 25.876553], [78.3335676, 25.8765452], [78.3335534, 25.8765375], [78.3335436, 25.8765321], [78.3335392, 25.8765299], [78.3335211, 25.876521], [78.3331392, 25.876332], [78.3332193, 25.8762199], [78.33322, 25.876219], [78.3333418, 25.8760485], [78.3329508, 25.8757787], [78.3330311, 25.8756952], [78.3318161, 25.8750424], [78.3315465, 25.8748802], [78.3313753, 25.874789], [78.3314416, 25.8746777], [78.3314659, 25.8746207], [78.331384, 25.8745933], [78.3313584, 25.8746505], [78.3311853, 25.8746845], [78.3311813, 25.8746846], [78.3311816, 25.8746841], [78.3312102, 25.8746285], [78.3312129, 25.8746233], [78.3313059, 25.8744425], [78.3313174, 25.8744201], [78.3313161, 25.8744197], [78.331299, 25.8744138], [78.3312796, 25.8744072], [78.3312557, 25.8743991], [78.3311494, 25.874595], [78.3311189, 25.8746512], [78.331119, 25.8746512], [78.3311114, 25.8746629], [78.3311112, 25.8746628], [78.3309492, 25.874576], [78.330809, 25.8745009], [78.3306198, 25.8744068], [78.3300725, 25.8741347], [78.3299461, 25.8740699], [78.3299442, 25.874069], [78.3294241, 25.8738026], [78.3294271, 25.8737979], [78.3294337, 25.8737873], [78.3298158, 25.8731811], [78.3298164, 25.8731801], [78.3299388, 25.872986], [78.32994, 25.8729841], [78.3301046, 25.8727229], [78.3301079, 25.8727177], [78.3304619, 25.8721562], [78.3300157, 25.8719292], [78.3300065, 25.8719246], [78.3292986, 25.8715645], [78.3286598, 25.8712364], [78.3286355, 25.8712239], [78.3275695, 25.8706764], [78.3275681, 25.8706757], [78.3269688, 25.8703679], [78.3268455, 25.8703046], [78.3268416, 25.8703026], [78.3264814, 25.8701175], [78.3264811, 25.8701174], [78.3250983, 25.869407], [78.325097, 25.8694063], [78.3251046, 25.8693959], [78.3251068, 25.8693927], [78.3251072, 25.8693923], [78.3251734, 25.8692755], [78.3251736, 25.8692753], [78.3254256, 25.8688312], [78.325616, 25.8684959], [78.3247052, 25.868064], [78.3238936, 25.8676792], [78.3237417, 25.8676071], [78.3237328, 25.867603], [78.323448, 25.8680061], [78.3234425, 25.8680139], [78.3234423, 25.8680142], [78.3234278, 25.8680348], [78.3234139, 25.8680544], [78.3233668, 25.8681212], [78.3233214, 25.8681857], [78.3231676, 25.868404], [78.3231647, 25.8684081], [78.3231759, 25.8684325], [78.3231897, 25.8684625], [78.3231613, 25.8685144], [78.323083, 25.8686458], [78.3230806, 25.8686497], [78.3225259, 25.8695797], [78.3221903, 25.870121], [78.3236373, 25.8708355], [78.3236399, 25.8708367], [78.3242548, 25.8701759], [78.3242618, 25.8701684], [78.3244396, 25.8704336], [78.3252043, 25.87159], [78.3252121, 25.8716017], [78.3254511, 25.8719631], [78.325615, 25.8722085], [78.3266692, 25.8737869], [78.3267215, 25.8738671], [78.3267335, 25.8738883], [78.3267309, 25.8738932], [78.3266847, 25.8739803], [78.3266835, 25.8739825], [78.326152, 25.8749833], [78.3258137, 25.8755926], [78.3255575, 25.8757878], [78.3249979, 25.8762143], [78.3246817, 25.8764564], [78.3242665, 25.8767744], [78.3239703, 25.8770049], [78.3236551, 25.8772364], [78.3236548, 25.8772365], [78.3236407, 25.877245], [78.323584, 25.8772788], [78.3235746, 25.8772844], [78.3235358, 25.8773075], [78.3235192, 25.8773174], [78.3235172, 25.8773186], [78.3234608, 25.8773522], [78.3234328, 25.8773689], [78.3234267, 25.8773607], [78.3233187, 25.8772146], [78.323247, 25.8772525], [78.3232442, 25.877254], [78.3232411, 25.8772556], [78.3232183, 25.8772676], [78.3233199, 25.8774263], [78.3233302, 25.8774425], [78.323331, 25.8774437], [78.3235684, 25.8778148], [78.3235755, 25.8778259], [78.3238256, 25.8782168], [78.3241919, 25.8787968], [78.3238736, 25.8789533], [78.3238726, 25.8789538], [78.323835, 25.8789722], [78.3236547, 25.8790609], [78.3236067, 25.879092], [78.3233725, 25.8792168], [78.3232646, 25.879275], [78.3231425, 25.8793347], [78.3229815, 25.8794024], [78.3225857, 25.8795803], [78.3222507, 25.8797336], [78.3220884, 25.8798065], [78.3220567, 25.8798208], [78.3220555, 25.8798213], [78.3219904, 25.879851], [78.3219875, 25.8798524], [78.3217844, 25.8799451], [78.3217781, 25.879948], [78.3218241, 25.8800201], [78.3218301, 25.8800304], [78.3219012, 25.8801524], [78.3219541, 25.8802453], [78.3220321, 25.8803938], [78.3221414, 25.8805956], [78.3221093, 25.8806014], [78.3220543, 25.8806114], [78.3219005, 25.8806361], [78.3217768, 25.880656], [78.3217422, 25.8806615], [78.3215993, 25.8806848], [78.321515, 25.8806985], [78.3214737, 25.8807052], [78.3214485, 25.8807093], [78.3214448, 25.8807099], [78.3214512, 25.8807223], [78.3214547, 25.8807289], [78.321458, 25.8807353], [78.3214791, 25.8807757], [78.3215215, 25.8809592], [78.3215316, 25.8810036], [78.321533, 25.8810098], [78.3215514, 25.8810461], [78.3215652, 25.8810733], [78.3215978, 25.8811374], [78.321599, 25.8811398], [78.321602, 25.8811456], [78.3216327, 25.8812046], [78.3216621, 25.8812603], [78.3216686, 25.8812726], [78.3216907, 25.8813145], [78.3217157, 25.8813619], [78.3217162, 25.8813628], [78.321739, 25.8814062], [78.3217627, 25.8814513], [78.3217883, 25.8814995], [78.3217969, 25.8814958], [78.3217996, 25.8814946], [78.3218198, 25.8815295], [78.3218419, 25.8815676], [78.321844, 25.8815712], [78.3218453, 25.8815736], [78.3218463, 25.8815752], [78.3218532, 25.8815853], [78.3218602, 25.8815953], [78.321871, 25.8815908], [78.321877, 25.8815884], [78.3218781, 25.8815901], [78.3218965, 25.8816224], [78.321935, 25.8816901], [78.3219582, 25.8817311], [78.3219588, 25.8817322], [78.322008, 25.8818223], [78.3220144, 25.8818342], [78.3220207, 25.8818456], [78.3220266, 25.8818571], [78.3220664, 25.8819391], [78.3220914, 25.8819929], [78.3220978, 25.8820042], [78.3221032, 25.8820154], [78.3221325, 25.8820699], [78.3221337, 25.8820722], [78.3221345, 25.8820737], [78.3221455, 25.882094], [78.3221506, 25.8821035], [78.3221511, 25.8821078], [78.3221683, 25.8822346], [78.3221609, 25.8823871], [78.322162, 25.8823912], [78.3221695, 25.882405], [78.3219442, 25.8825045], [78.321951, 25.8825186], [78.3219512, 25.8825189], [78.3219833, 25.8825855], [78.3219835, 25.8825858], [78.3220004, 25.8826208], [78.3220081, 25.8826367], [78.3220258, 25.8826735], [78.3220259, 25.8826738], [78.3220286, 25.8826793], [78.3220313, 25.8826849], [78.3220357, 25.8826939], [78.3220427, 25.8827085], [78.322045, 25.8827077], [78.3220451, 25.8827076], [78.322053, 25.8827049]]]}, "properties": {"objectid": 31788, "statename": "Madhya Pradesh", "statecode": "23", "districtname": "Gwalior", "districtcode": "421", "ulbname": "Dabra", "ulbcode": "802104", "wardname": "Ward 22", "wardcode": "22", "id": null, "status": "APPROVED", "misglobalid": null, "approved_by": null, "createdate": 1643827573000, "updateddate": 1659589603000, "globalid": "lcBmmlK6-6RQ5-P4la-R6Bs-5Rd5Kd6QPcsl", "gisglobalid": "mnB4a54o-KdBB-PRda-RdlR-csPBP5m4Pnns", "remark": "", "st_area(shape)": 7.455790055916443e-05, "st_perimeter(shape)": 0.05736507386222349}}, {"type": "Feature", "geometry": {"type": "Polygon", "coordinates": [[[78.3305289, 25.8820514], [78.3306781, 25.8818083], [78.330412, 25.881656], [78.3304057, 25.8816336], [78.33039, 25.8816241], [78.330388, 25.8816229], [78.3302155, 25.8815184], [78.3301757, 25.8814943], [78.3300192, 25.8813994], [78.3299487, 25.8813568], [78.3298683, 25.8813057], [78.3297083, 25.8812042], [78.3296826, 25.8811879], [78.3296357, 25.8811582], [78.3295609, 25.8811191], [78.3293888, 25.8810293], [78.3293544, 25.8810118], [78.3293386, 25.8810039], [78.3291688, 25.880918], [78.3289918, 25.8808285], [78.3289607, 25.8808126], [78.3288273, 25.8807441], [78.3287913, 25.8807256], [78.3287892, 25.8807245], [78.3285138, 25.8805832], [78.3284257, 25.880538], [78.328133, 25.8803939], [78.327929, 25.8806948], [78.3279081, 25.8807241], [78.3277441, 25.8809538], [78.327683, 25.8810394], [78.3275603, 25.8812171], [78.3273603, 25.8815069], [78.3273508, 25.8815207], [78.3273418, 25.8815337], [78.3271443, 25.8818075], [78.3271413, 25.8818129], [78.327134, 25.8818261], [78.3271203, 25.8818704], [78.327115, 25.8818878], [78.3270818, 25.8820044], [78.3270737, 25.8820329], [78.3270664, 25.8820833], [78.3270512, 25.8821888], [78.3270432, 25.8821763], [78.3268563, 25.8818845], [78.3266223, 25.881519], [78.3265966, 25.8814789], [78.3265229, 25.8813639], [78.3264103, 25.881188], [78.3262975, 25.8810118], [78.3262936, 25.8810057], [78.3262923, 25.8810038], [78.3262895, 25.8809993], [78.3262868, 25.8809985], [78.3262838, 25.8809993], [78.3261408, 25.8810724], [78.3260375, 25.8811252], [78.3258214, 25.8812357], [78.325815, 25.8812389], [78.3258129, 25.88124], [78.3257678, 25.881169], [78.3257411, 25.8811828], [78.3257377, 25.8811846], [78.3257281, 25.8811896], [78.3257278, 25.8811897], [78.3259252, 25.8815072], [78.3259282, 25.881512], [78.3260948, 25.8817744], [78.3262142, 25.8819625], [78.3262289, 25.8819858], [78.3262325, 25.8819915], [78.3264567, 25.8823492], [78.3264729, 25.8823737], [78.3265416, 25.8824773], [78.3265969, 25.8825664], [78.3266038, 25.8825776], [78.3266039, 25.8825778], [78.3268787, 25.8830293], [78.3271003, 25.8833884], [78.3271818, 25.8835204], [78.3273045, 25.8837194], [78.3275156, 25.884057], [78.32775, 25.8844282], [78.3277556, 25.884437], [78.3278023, 25.8845061], [78.3278443, 25.8845682], [78.3279244, 25.8846783], [78.3279927, 25.8847496], [78.3280697, 25.8848106], [78.3281166, 25.8848419], [78.3282042, 25.8849004], [78.3283324, 25.8849726], [78.3283568, 25.8849863], [78.3285993, 25.8851128], [78.3286088, 25.8851178], [78.3286153, 25.8851212], [78.3286185, 25.8851229], [78.3286215, 25.8851244], [78.3286217, 25.8851242], [78.3286218, 25.8851241], [78.3286411, 25.885093], [78.3286453, 25.8850861], [78.329086, 25.8843626], [78.3295972, 25.8835297], [78.3301487, 25.8826634], [78.3305289, 25.8820514]]]}, "properties": {"objectid": 31789, "statename": "Madhya Pradesh", "statecode": "23", "districtname": "Gwalior", "districtcode": "421", "ulbname": "Dabra", "ulbcode": "802104", "wardname": "Ward 15", "wardcode": "15", "id": null, "status": "APPROVED", "misglobalid": null, "approved_by": null, "createdate": 1643827573000, "updateddate": 1659589556000, "globalid": "4R4RKold-BPKa-PmP5-Qmla-4cdKsc5onQn4", "gisglobalid": "l45l6Ps4-R5cc-Pnms-adnc-6oBlRQQQQlmn", "remark": "", "st_area(shape)": 1.1183698879286741e-05, "st_perimeter(shape)": 0.01597428090488803}}, {"type": "Feature", "geometry": {"type": "Polygon", "coordinates": [[[78.3347572, 25.8870826], [78.334725, 25.8870747], [78.3334712, 25.8866968], [78.3327407, 25.8864869], [78.3323961, 25.8863874], [78.3323753, 25.8863808], [78.3323747, 25.8863807], [78.3323082, 25.8863598], [78.3322619, 25.886347], [78.332261, 25.8863468], [78.3322347, 25.8864021], [78.3322296, 25.8864167], [78.3321305, 25.8867023], [78.3321184, 25.8867442], [78.3320625, 25.8869931], [78.332062, 25.8869951], [78.3320583, 25.8870119], [78.332053, 25.8870354], [78.3320517, 25.8870413], [78.3320515, 25.8870418], [78.3320513, 25.887043], [78.3320506, 25.8870465], [78.3320173, 25.8872532], [78.3320155, 25.8872768], [78.3319979, 25.8875215], [78.3319814, 25.8875662], [78.3319909, 25.8876034], [78.3320046, 25.8876951], [78.3320248, 25.8880748], [78.3320463, 25.8884119], [78.3320693, 25.8886457], [78.3320746, 25.8886807], [78.3320749, 25.8886833], [78.3321172, 25.8886792], [78.3323616, 25.888655], [78.3324328, 25.888648], [78.3324371, 25.8887033], [78.332458, 25.8886972], [78.3325097, 25.8886806], [78.3325658, 25.8886608], [78.3327293, 25.888603], [78.3327717, 25.8885883], [78.3328457, 25.8885663], [78.3328834, 25.8885654], [78.3328981, 25.8885666], [78.3329086, 25.8885684], [78.3329245, 25.8885732], [78.3329297, 25.8885792], [78.332941, 25.8885938], [78.3329522, 25.8886133], [78.3330104, 25.8887143], [78.3330264, 25.8887503], [78.3330267, 25.8887506], [78.3330336, 25.8887589], [78.3330401, 25.8887644], [78.333042, 25.8887648], [78.333044, 25.8887653], [78.3331314, 25.8887865], [78.3331472, 25.8887903], [78.3332593, 25.8888177], [78.3333276, 25.8888344], [78.3333278, 25.8888345], [78.3335548, 25.88889], [78.333722, 25.8889308], [78.3338459, 25.8888961], [78.3338748, 25.88887], [78.3340672, 25.8883419], [78.3342754, 25.8877704], [78.3342782, 25.8877627], [78.3345069, 25.8877954], [78.334512, 25.887797], [78.3345728, 25.8876049], [78.3345781, 25.8875704], [78.3345781, 25.887559], [78.3346182, 25.8874003], [78.3346823, 25.8871587], [78.3347572, 25.8870826]]]}, "properties": {"objectid": 32200, "statename": "Madhya Pradesh", "statecode": "23", "districtname": "Gwalior", "districtcode": "421", "ulbname": "Dabra", "ulbcode": "802104", "wardname": "Ward 5", "wardcode": "5", "id": null, "status": "APPROVED", "misglobalid": null, "approved_by": null, "createdate": 1643827573000, "updateddate": 1659589390000, "globalid": "o5nmPBlK-KsPm-P4nm-s5QK-5oP46PPmdoda", "gisglobalid": "sdB5o44Q-5P5B-PsPd-Qmmo-RKnd465RPoKK", "remark": "", "st_area(shape)": 4.81786553982298e-06, "st_perimeter(shape)": 0.009186144905713102}}, {"type": "Feature", "geometry": {"type": "Polygon", "coordinates": [[[78.3314925, 25.8898782], [78.3314923, 25.8898772], [78.3314921, 25.8898752], [78.331487, 25.8898312], [78.3314655, 25.889645], [78.3314619, 25.8896167], [78.3314588, 25.8895921], [78.3314599, 25.8895007], [78.3314599, 25.8895004], [78.33146, 25.8894577], [78.3314597, 25.8893192], [78.3314718, 25.8890471], [78.331451, 25.8889626], [78.3314856, 25.8888329], [78.3315156, 25.8887441], [78.3316337, 25.8883923], [78.3316538, 25.8883324], [78.3316553, 25.8883279], [78.3316824, 25.8882551], [78.3317434, 25.8880914], [78.3317657, 25.8880315], [78.3318325, 25.8878446], [78.3318333, 25.8878424], [78.3318781, 25.8877169], [78.3318815, 25.8877073], [78.3319086, 25.8876348], [78.331928, 25.8876042], [78.3319358, 25.8875987], [78.3319788, 25.8875681], [78.3319814, 25.8875662], [78.3319979, 25.8875215], [78.3320155, 25.8872768], [78.3320173, 25.8872532], [78.3320506, 25.8870465], [78.3320513, 25.887043], [78.3320515, 25.8870418], [78.3320511, 25.8870418], [78.3320412, 25.8870404], [78.3315023, 25.8869672], [78.3313809, 25.8869507], [78.3313642, 25.8869487], [78.331149, 25.886923], [78.3310803, 25.8869148], [78.3309568, 25.8869022], [78.3308151, 25.8868847], [78.3307992, 25.8868827], [78.3306445, 25.8868636], [78.3306251, 25.8868629], [78.3306148, 25.8868643], [78.3306085, 25.8868686], [78.3305989, 25.886882], [78.3305978, 25.8868836], [78.330593, 25.8868908], [78.3305845, 25.8868964], [78.3305712, 25.8868969], [78.3305533, 25.8868944], [78.3303313, 25.8868482], [78.3302433, 25.8868263], [78.3302203, 25.8868209], [78.3302008, 25.8868197], [78.3301828, 25.8868217], [78.3301671, 25.8868241], [78.3301612, 25.8868253], [78.3301485, 25.886828], [78.330115, 25.8868303], [78.3301139, 25.8868304], [78.3301063, 25.8868304], [78.3300047, 25.8868306], [78.3298709, 25.8868251], [78.3298663, 25.8868243], [78.3294761, 25.8867621], [78.3294569, 25.8867579], [78.3292572, 25.8867165], [78.3292461, 25.8867138], [78.329095, 25.8866766], [78.3290947, 25.8866765], [78.3290944, 25.8866765], [78.3290509, 25.8866664], [78.3290366, 25.8866631], [78.3289488, 25.8866429], [78.3289485, 25.8866428], [78.3289483, 25.8866428], [78.3289452, 25.8866419], [78.3289254, 25.8866365], [78.3288674, 25.8866208], [78.3288669, 25.8866206], [78.3288668, 25.8866206], [78.3288665, 25.8866205], [78.3288072, 25.8865983], [78.3288069, 25.8865982], [78.3288065, 25.886598], [78.3287941, 25.8865936], [78.3287898, 25.8865921], [78.3287888, 25.8865918], [78.3287527, 25.8865789], [78.3287436, 25.8865769], [78.3287282, 25.8866908], [78.3287212, 25.8867428], [78.3287059, 25.8868561], [78.3286608, 25.8872935], [78.3286456, 25.8874107], [78.328307, 25.8873793], [78.328296, 25.8873783], [78.328287, 25.8873775], [78.3282903, 25.8873651], [78.3282952, 25.8873492], [78.3282935, 25.8873457], [78.3282447, 25.8872408], [78.3282415, 25.8872339], [78.3282355, 25.8872209], [78.3282349, 25.8872196], [78.3282348, 25.8872194], [78.3281832, 25.8870813], [78.3281634, 25.8870371], [78.3281574, 25.8870249], [78.3281426, 25.8869944], [78.3281313, 25.886958], [78.3281313, 25.886958], [78.3281313, 25.8869579], [78.3281278, 25.8869469], [78.3281243, 25.886936], [78.3281243, 25.8869359], [78.3281242, 25.8869356], [78.3281242, 25.8869355], [78.3281242, 25.8869351], [78.3281183, 25.886868], [78.328119, 25.8868517], [78.3281194, 25.8868408], [78.3281195, 25.8868405], [78.3281195, 25.8868402], [78.328117, 25.8867758], [78.3281166, 25.8867657], [78.3281125, 25.8867606], [78.3281056, 25.8867553], [78.3280962, 25.8867526], [78.3280323, 25.8867328], [78.3279633, 25.8867114], [78.3279454, 25.8866989], [78.3279359, 25.8866922], [78.3277888, 25.8866208], [78.3277705, 25.8866119], [78.3277689, 25.8866112], [78.3277563, 25.886605], [78.3277513, 25.8866022], [78.3277511, 25.8866025], [78.327748, 25.8866075], [78.3275335, 25.8869486], [78.3275228, 25.8869646], [78.3274415, 25.8870949], [78.3266359, 25.8883761], [78.3266166, 25.8884067], [78.3266369, 25.8884185], [78.3266538, 25.8884283], [78.3268937, 25.8885211], [78.3269097, 25.8885273], [78.3269309, 25.8885355], [78.3269468, 25.8885061], [78.3269674, 25.8885134], [78.3269815, 25.8885183], [78.3269857, 25.8885198], [78.3271506, 25.8885778], [78.3273845, 25.88866], [78.3274012, 25.8886651], [78.3274043, 25.8886658], [78.3274062, 25.888666], [78.3274092, 25.8886661], [78.3274099, 25.8886661], [78.3274237, 25.8886624], [78.3274245, 25.8886622], [78.327425, 25.8886617], [78.3274359, 25.8886498], [78.3274799, 25.888559], [78.3275425, 25.8884313], [78.3275646, 25.8883862], [78.3275668, 25.8883821], [78.3276749, 25.8881542], [78.327676, 25.8881519], [78.3278059, 25.8881725], [78.3278182, 25.8881745], [78.3279806, 25.8881983], [78.3281454, 25.8882226], [78.3281586, 25.8882245], [78.3281847, 25.8882283], [78.328542, 25.8882703], [78.3285408, 25.8882808], [78.3285362, 25.8883214], [78.3285032, 25.8885756], [78.3284711, 25.8887876], [78.3284675, 25.8888307], [78.3284603, 25.8889171], [78.3284567, 25.8889611], [78.3284418, 25.8891729], [78.3284414, 25.8891781], [78.3284399, 25.8892003], [78.3284328, 25.8893256], [78.3284304, 25.8893683], [78.3284283, 25.8894649], [78.3284355, 25.8895396], [78.3284404, 25.8895907], [78.3284603, 25.8897159], [78.3284781, 25.8898175], [78.3284832, 25.8898461], [78.3285275, 25.8900598], [78.3285276, 25.8900601], [78.3285534, 25.8901989], [78.3285794, 25.8903386], [78.3286015, 25.8904178], [78.3286092, 25.8904456], [78.3286416, 25.8905593], [78.3286527, 25.8905981], [78.3286611, 25.8906037], [78.3286805, 25.8906096], [78.3287198, 25.8906149], [78.3288228, 25.890619], [78.3289057, 25.8906196], [78.328919, 25.8906195], [78.3289439, 25.8906195], [78.329011, 25.8906195], [78.3292302, 25.8906055], [78.3292823, 25.8906021], [78.32931, 25.8906016], [78.3294725, 25.8905987], [78.3295135, 25.8905993], [78.3295991, 25.8906006], [78.3296402, 25.8906035], [78.3297827, 25.8906189], [78.3298017, 25.8906209], [78.3299135, 25.8906328], [78.3299605, 25.890636], [78.3300825, 25.8906444], [78.3302159, 25.8906476], [78.3302225, 25.8906478], [78.3302523, 25.8906485], [78.330556, 25.8906615], [78.3306785, 25.8906648], [78.3306872, 25.8906644], [78.330688, 25.8906644], [78.330688, 25.8906644], [78.3307135, 25.8906634], [78.3307347, 25.890659], [78.3307468, 25.8906542], [78.3307558, 25.8906473], [78.3307772, 25.8906109], [78.3308244, 25.8904943], [78.3308589, 25.8904091], [78.330879, 25.8904145], [78.330902, 25.8904161], [78.3309421, 25.8904114], [78.331006, 25.8904047], [78.3310605, 25.890396], [78.3311535, 25.8903773], [78.3312921, 25.8903457], [78.3315642, 25.890285], [78.3315644, 25.890285], [78.3315632, 25.8902817], [78.3315528, 25.8902312], [78.3315253, 25.8900789], [78.3315078, 25.8899768], [78.3315058, 25.8899665], [78.3315006, 25.8899394], [78.3314925, 25.8898782]]]}, "properties": {"objectid": 32201, "statename": "Madhya Pradesh", "statecode": "23", "districtname": "Gwalior", "districtcode": "421", "ulbname": "Dabra", "ulbcode": "802104", "wardname": "Ward 7", "wardcode": "7", "id": null, "status": "APPROVED", "misglobalid": null, "approved_by": null, "createdate": 1643827573000, "updateddate": 1659589461000, "globalid": "Bocm6mn5-Pdn6-PdmP-sllc-sc54RQonK6sc", "gisglobalid": "Qmc6QasP-dPR5-P6cQ-acK5-44adlcRddPcB", "remark": "", "st_area(shape)": 1.372530156337599e-05, "st_perimeter(shape)": 0.018898227269100124}}, {"type": "Feature", "geometry": {"type": "Polygon", "coordinates": [[[78.3269244, 25.892659], [78.3269336, 25.8926541], [78.3269351, 25.8926533], [78.3270087, 25.8926146], [78.3271364, 25.8925322], [78.3271859, 25.8924934], [78.3271861, 25.8924932], [78.3271883, 25.8924911], [78.3272091, 25.8924706], [78.3272208, 25.8924627], [78.3272371, 25.8924516], [78.3273166, 25.8924062], [78.3273781, 25.8923829], [78.3274218, 25.8923695], [78.3274646, 25.8923629], [78.3275336, 25.8923571], [78.3275607, 25.892356], [78.3276048, 25.8923542], [78.3276883, 25.8923508], [78.327801, 25.8923448], [78.3279377, 25.8923346], [78.3279792, 25.892329], [78.3280007, 25.8923261], [78.328124, 25.8923028], [78.3281503, 25.8922978], [78.3281761, 25.8922916], [78.3282287, 25.8922788], [78.3283454, 25.8922475], [78.3284421, 25.8922215], [78.3284823, 25.8922108], [78.3285842, 25.8921897], [78.3288109, 25.8921428], [78.3288464, 25.8921355], [78.3288418, 25.8921198], [78.3287721, 25.8918822], [78.3287635, 25.8918513], [78.3287345, 25.8917471], [78.3287243, 25.8917088], [78.3287176, 25.8916533], [78.3286995, 25.8915293], [78.3286956, 25.8915025], [78.328688, 25.8914601], [78.3286486, 25.891242], [78.3286427, 25.8912111], [78.3286425, 25.89121], [78.328624, 25.8911136], [78.3285932, 25.8909327], [78.3285564, 25.8907007], [78.3285578, 25.8906815], [78.3285575, 25.8906797], [78.3285676, 25.8906772], [78.3285697, 25.8906765], [78.3285707, 25.8906761], [78.328572, 25.8906756], [78.3285732, 25.8906749], [78.3285741, 25.8906743], [78.3285754, 25.8906733], [78.3286527, 25.8905981], [78.3286416, 25.8905593], [78.3286092, 25.8904456], [78.3286015, 25.8904178], [78.3285794, 25.8903386], [78.3285534, 25.8901989], [78.3285276, 25.8900601], [78.3285275, 25.8900598], [78.3284832, 25.8898461], [78.3284781, 25.8898175], [78.3284603, 25.8897159], [78.3284404, 25.8895907], [78.3284355, 25.8895396], [78.3284283, 25.8894649], [78.3284304, 25.8893683], [78.3284328, 25.8893256], [78.3284399, 25.8892003], [78.3284414, 25.8891781], [78.3284418, 25.8891729], [78.3284567, 25.8889611], [78.3284603, 25.8889171], [78.3284675, 25.8888307], [78.3284711, 25.8887876], [78.3285032, 25.8885756], [78.3285362, 25.8883214], [78.3285408, 25.8882808], [78.328542, 25.8882703], [78.3281847, 25.8882283], [78.3281586, 25.8882245], [78.3281454, 25.8882226], [78.3279806, 25.8881983], [78.3278182, 25.8881745], [78.3278059, 25.8881725], [78.327676, 25.8881519], [78.3276749, 25.8881542], [78.3275668, 25.8883821], [78.3275646, 25.8883862], [78.3275425, 25.8884313], [78.3274799, 25.888559], [78.3274359, 25.8886498], [78.327425, 25.8886617], [78.3274245, 25.8886622], [78.3274237, 25.8886624], [78.3274099, 25.8886661], [78.3274092, 25.8886661], [78.3274062, 25.888666], [78.3274043, 25.8886658], [78.3274012, 25.8886651], [78.3273845, 25.88866], [78.3271506, 25.8885778], [78.3269857, 25.8885198], [78.3269815, 25.8885183], [78.3269674, 25.8885134], [78.3269468, 25.8885061], [78.3269309, 25.8885355], [78.3269097, 25.8885273], [78.3268937, 25.8885211], [78.3266538, 25.8884283], [78.3266369, 25.8884185], [78.3266166, 25.8884067], [78.3264759, 25.8886285], [78.3264345, 25.8886947], [78.3264344, 25.888695], [78.3263507, 25.8888288], [78.3262095, 25.8890472], [78.3261164, 25.8891913], [78.3259252, 25.8894868], [78.3257089, 25.8898315], [78.3251802, 25.8906735], [78.3250206, 25.8909343], [78.3250518, 25.890946], [78.3250592, 25.8909487], [78.3250669, 25.8909516], [78.325104, 25.8909654], [78.3251496, 25.8909689], [78.3253535, 25.8909951], [78.325439, 25.8910061], [78.3254571, 25.8910163], [78.3254921, 25.8910361], [78.3255271, 25.8910558], [78.3255371, 25.8910615], [78.3254866, 25.8911178], [78.3254961, 25.8911661], [78.325529, 25.8912018], [78.3256179, 25.891266], [78.3258043, 25.8913644], [78.3258341, 25.89138], [78.3258638, 25.8913955], [78.3259158, 25.8914391], [78.3259474, 25.8914574], [78.325956, 25.8914583], [78.3260109, 25.8914409], [78.3261363, 25.8914164], [78.3261917, 25.891416], [78.3262391, 25.8914253], [78.3262597, 25.8914448], [78.32628, 25.8914795], [78.3263145, 25.8915569], [78.3263517, 25.8916526], [78.3263759, 25.891714], [78.3263711, 25.8917432], [78.3263719, 25.8917603], [78.3263741, 25.8917772], [78.3263693, 25.8918297], [78.3263102, 25.8919908], [78.3262956, 25.8920387], [78.3262774, 25.892055], [78.3262271, 25.8920813], [78.3261071, 25.8921311], [78.3260175, 25.8921927], [78.3259912, 25.8922227], [78.3259882, 25.8922527], [78.3260162, 25.8923146], [78.3260558, 25.892373], [78.3260822, 25.8924326], [78.3261159, 25.8924968], [78.326128, 25.8925065], [78.3261413, 25.892511], [78.3262192, 25.8925129], [78.326273, 25.8925182], [78.3263118, 25.8925364], [78.326355, 25.892568], [78.32647, 25.892669], [78.326528, 25.892691], [78.3266197, 25.8927105], [78.3266823, 25.8927087], [78.3267195, 25.8927004], [78.3268616, 25.892642], [78.3268846, 25.8926349], [78.3268848, 25.8926353], [78.3268979, 25.8926532], [78.3269023, 25.8926593], [78.3269025, 25.8926596], [78.3269027, 25.8926598], [78.3269081, 25.8926675], [78.3269244, 25.892659]]]}, "properties": {"objectid": 32202, "statename": "Madhya Pradesh", "statecode": "23", "districtname": "Gwalior", "districtcode": "421", "ulbname": "Dabra", "ulbcode": "802104", "wardname": "Ward 16", "wardcode": "16", "id": null, "status": "APPROVED", "misglobalid": null, "approved_by": null, "createdate": 1643827573000, "updateddate": 1659589563000, "globalid": "dPsanQ4o-o4P5-Poom-sBoa-d4KmomQcRsaa", "gisglobalid": "mQdlcBnc-lR5l-PlBQ-amoc-BcP646sdKsPm", "remark": "", "st_area(shape)": 1.0919502921336171e-05, "st_perimeter(shape)": 0.015043788164572856}}, {"type": "Feature", "geometry": {"type": "Polygon", "coordinates": [[[78.3277513, 25.8866022], [78.3277694, 25.8865728], [78.3279064, 25.8863503], [78.3281052, 25.8860273], [78.3281056, 25.8860268], [78.3282915, 25.885711], [78.3283971, 25.8855316], [78.3283975, 25.885531], [78.3285755, 25.8852541], [78.3285867, 25.8852368], [78.3285646, 25.8852288], [78.3285612, 25.8852276], [78.3285582, 25.8852265], [78.3285676, 25.8852113], [78.3285849, 25.8851834], [78.3285969, 25.8851642], [78.328597, 25.8851639], [78.3286019, 25.885156], [78.3286215, 25.8851244], [78.3286185, 25.8851229], [78.3286153, 25.8851212], [78.3286088, 25.8851178], [78.3285993, 25.8851128], [78.3283568, 25.8849863], [78.3283324, 25.8849726], [78.3282042, 25.8849004], [78.3281166, 25.8848419], [78.3280697, 25.8848106], [78.3279927, 25.8847496], [78.3279244, 25.8846783], [78.3278443, 25.8845682], [78.3278023, 25.8845061], [78.3277556, 25.884437], [78.32775, 25.8844282], [78.3275156, 25.884057], [78.3273045, 25.8837194], [78.3271818, 25.8835204], [78.3271432, 25.8835415], [78.3271183, 25.8835551], [78.3271177, 25.8835554], [78.3271149, 25.8835568], [78.3269981, 25.883615], [78.326817, 25.8837049], [78.326804, 25.8837114], [78.3267779, 25.8837244], [78.3267119, 25.8837572], [78.3266596, 25.883782], [78.3266523, 25.8837873], [78.3266463, 25.8837921], [78.3264687, 25.883881], [78.326467, 25.8838819], [78.3264628, 25.8838754], [78.3264486, 25.8838526], [78.3264448, 25.8838466], [78.3263518, 25.8837123], [78.326243, 25.8835553], [78.326242, 25.8835538], [78.3261687, 25.8834479], [78.3261277, 25.8833888], [78.3259005, 25.8835115], [78.3258686, 25.883528], [78.3257296, 25.8835999], [78.3257242, 25.8836026], [78.3257241, 25.8836027], [78.3256956, 25.883617], [78.3254846, 25.8837229], [78.3254832, 25.8837237], [78.3254805, 25.883725], [78.3254903, 25.8837403], [78.325532, 25.8838059], [78.3255456, 25.8838274], [78.3255928, 25.8839015], [78.3255928, 25.8839015], [78.3256068, 25.8839236], [78.325632, 25.8839632], [78.3256606, 25.8840081], [78.3257449, 25.8841408], [78.3258542, 25.8843127], [78.3258659, 25.8843304], [78.3258747, 25.8843436], [78.3259013, 25.8843912], [78.3259203, 25.8844251], [78.3259281, 25.8844413], [78.3259749, 25.8845387], [78.3259787, 25.8845466], [78.3259908, 25.8845718], [78.3260319, 25.8846308], [78.3260443, 25.8846487], [78.3260589, 25.8846695], [78.3260713, 25.8846874], [78.3260829, 25.884704], [78.3260842, 25.8847083], [78.3260868, 25.8847162], [78.3260902, 25.8847271], [78.3260909, 25.8847315], [78.3260914, 25.8847346], [78.3260944, 25.8847542], [78.3260944, 25.8847544], [78.3260948, 25.884757], [78.3260966, 25.8847686], [78.3260996, 25.8847764], [78.3261055, 25.8847921], [78.3261199, 25.8848191], [78.3261388, 25.8848515], [78.32615, 25.8848707], [78.3261734, 25.8849058], [78.3263072, 25.8851068], [78.326423, 25.8852644], [78.3264776, 25.8853386], [78.3264899, 25.8853533], [78.3264969, 25.8853624], [78.3265383, 25.8854162], [78.3265531, 25.8854355], [78.3265595, 25.8854456], [78.3266052, 25.8855178], [78.3266151, 25.8855353], [78.3266747, 25.8856407], [78.326796, 25.8858713], [78.3268746, 25.8859837], [78.326934, 25.8860787], [78.3270003, 25.8861757], [78.3270019, 25.8861781], [78.3270301, 25.8862173], [78.3270705, 25.8862737], [78.3271664, 25.8863736], [78.3271696, 25.8863759], [78.3272144, 25.886409], [78.3272395, 25.8864261], [78.3273632, 25.8865103], [78.3273607, 25.8865142], [78.3272826, 25.8866382], [78.327251, 25.8866885], [78.3272222, 25.8867413], [78.3272161, 25.8867501], [78.3271827, 25.8867988], [78.3272085, 25.8868113], [78.3272147, 25.8868143], [78.3272227, 25.8868182], [78.3272554, 25.8868342], [78.3272555, 25.8868343], [78.3273405, 25.8868757], [78.3273581, 25.8868843], [78.3273986, 25.886904], [78.3274626, 25.8869353], [78.3274632, 25.8869355], [78.327477, 25.8869423], [78.3274999, 25.8869534], [78.3275017, 25.8869543], [78.3275228, 25.8869646], [78.3275335, 25.8869486], [78.327748, 25.8866075], [78.3277511, 25.8866025], [78.3277513, 25.8866022]]]}, "properties": {"objectid": 32203, "statename": "Madhya Pradesh", "statecode": "23", "districtname": "Gwalior", "districtcode": "421", "ulbname": "Dabra", "ulbcode": "802104", "wardname": "Ward 19", "wardcode": "19", "id": null, "status": "APPROVED", "misglobalid": null, "approved_by": null, "createdate": 1643827573000, "updateddate": 1659589583000, "globalid": "oBKPnBPK-alRB-PQd6-aQ6B-od5RRKc6d5P6", "gisglobalid": "6sRdcR4c-aQBR-Pssa-s45o-6nKPmBnBsaca", "remark": "", "st_area(shape)": 4.989236294410623e-06, "st_perimeter(shape)": 0.010627199013694357}}, {"type": "Feature", "geometry": {"type": "Polygon", "coordinates": [[[78.3339968, 25.8767419], [78.3339917, 25.8767391], [78.3339915, 25.876739], [78.3339624, 25.8767226], [78.3339523, 25.8767168], [78.3339513, 25.8767162], [78.333923, 25.8767], [78.333911, 25.8766932], [78.3339016, 25.8766878], [78.3337305, 25.87659], [78.3337284, 25.876589], [78.3336578, 25.8765538], [78.3336132, 25.8765415], [78.333584, 25.8765388], [78.3335676, 25.8765452], [78.3335477, 25.876553], [78.3335261, 25.8765669], [78.3332583, 25.8770314], [78.333111, 25.8772706], [78.3330838, 25.8773146], [78.3330814, 25.8773184], [78.3328569, 25.8776817], [78.332827, 25.8777313], [78.3328113, 25.8777494], [78.3327855, 25.8777658], [78.3327581, 25.8777786], [78.3327354, 25.8777838], [78.3326974, 25.8777892], [78.332669, 25.8777923], [78.3326204, 25.8777909], [78.3325849, 25.8777882], [78.332416, 25.8777464], [78.3323971, 25.8777418], [78.3323551, 25.8777308], [78.3320436, 25.8776493], [78.3320188, 25.8776453], [78.3319122, 25.8776356], [78.3318924, 25.8776338], [78.3318709, 25.8776324], [78.331842, 25.8776354], [78.3318253, 25.8776401], [78.3318181, 25.8776421], [78.3317993, 25.8776484], [78.3317904, 25.8776524], [78.3317782, 25.8776578], [78.3317639, 25.8776677], [78.3317505, 25.8776823], [78.3317319, 25.8777075], [78.3316013, 25.8779302], [78.3314421, 25.8781978], [78.3313328, 25.8783809], [78.3312776, 25.8784725], [78.3312299, 25.8785345], [78.3311885, 25.878589], [78.3311758, 25.8786016], [78.3311717, 25.8786056], [78.3311504, 25.8786256], [78.3311199, 25.8786496], [78.3310698, 25.8786881], [78.3310143, 25.8787172], [78.3309578, 25.8787433], [78.3309237, 25.8787548], [78.3309162, 25.8787574], [78.3309084, 25.8787598], [78.3310057, 25.8788983], [78.3311117, 25.8790507], [78.3311657, 25.8791324], [78.3312509, 25.8793022], [78.3313741, 25.8795714], [78.3313913, 25.8796199], [78.3313984, 25.8796548], [78.3314082, 25.8797229], [78.3314191, 25.8798194], [78.3314248, 25.8799175], [78.3314287, 25.8800155], [78.3314181, 25.8801756], [78.3314137, 25.8802143], [78.3313993, 25.880274], [78.331388, 25.8803093], [78.3313578, 25.8803736], [78.3313285, 25.8804307], [78.3312216, 25.88057], [78.3312088, 25.880563], [78.3308655, 25.8804027], [78.3295952, 25.8798317], [78.3295949, 25.8798323], [78.3295941, 25.879832], [78.329565, 25.8798404], [78.3295549, 25.8798433], [78.3295442, 25.8798464], [78.3295205, 25.8798532], [78.3295205, 25.8798532], [78.3293131, 25.8799157], [78.3292838, 25.8799245], [78.3292733, 25.8799275], [78.3292634, 25.8799304], [78.3291555, 25.8799632], [78.3290541, 25.8799938], [78.3290364, 25.8799991], [78.328904, 25.8800389], [78.3288206, 25.8800639], [78.328807, 25.8800681], [78.3287934, 25.8800723], [78.3286156, 25.880126], [78.3285557, 25.8801441], [78.3284787, 25.8801673], [78.3283492, 25.8802063], [78.3282378, 25.8802399], [78.3281881, 25.8802549], [78.3281842, 25.8802561], [78.328121, 25.8802752], [78.328093, 25.8802833], [78.3280739, 25.8802889], [78.3280187, 25.880306], [78.3279126, 25.880338], [78.3278477, 25.8803575], [78.3277799, 25.880378], [78.3277188, 25.8803964], [78.3274816, 25.8804679], [78.3274055, 25.8804885], [78.3273047, 25.8805199], [78.3271958, 25.8805537], [78.3271537, 25.8805668], [78.3271252, 25.8805757], [78.3271177, 25.880578], [78.3271028, 25.8805826], [78.3270874, 25.8805874], [78.3270873, 25.8805874], [78.327087, 25.8805869], [78.3270447, 25.8805997], [78.3269752, 25.8806213], [78.3269666, 25.880624], [78.3269019, 25.8806441], [78.3268794, 25.8806511], [78.3268599, 25.8806571], [78.326853, 25.8806593], [78.3268046, 25.8806744], [78.3267992, 25.880676], [78.32674, 25.8806945], [78.3267148, 25.8807023], [78.3267126, 25.880703], [78.3266808, 25.8807129], [78.3266234, 25.8807307], [78.3265672, 25.8807482], [78.3264648, 25.8807774], [78.3264333, 25.8807864], [78.3263061, 25.8808198], [78.3262211, 25.8808421], [78.3262116, 25.8808259], [78.3261977, 25.8808326], [78.3261466, 25.8808574], [78.3261415, 25.8808599], [78.3261169, 25.8808718], [78.3260829, 25.8808883], [78.3260734, 25.8808929], [78.3260223, 25.8809177], [78.3259696, 25.8809433], [78.3259483, 25.8809536], [78.3259417, 25.8809568], [78.3259216, 25.8809658], [78.3259215, 25.8809659], [78.3259, 25.8809326], [78.3258328, 25.8809704], [78.3258003, 25.8809888], [78.3257516, 25.8810162], [78.3257781, 25.8810577], [78.3257612, 25.8810665], [78.3257557, 25.8810694], [78.325748, 25.8810735], [78.3257301, 25.8810831], [78.3257226, 25.881087], [78.3257174, 25.8810898], [78.3256882, 25.8811051], [78.325688, 25.8811052], [78.3256868, 25.8811058], [78.3256783, 25.8811103], [78.3256791, 25.8811115], [78.3257278, 25.8811897], [78.3257281, 25.8811896], [78.3257377, 25.8811846], [78.3257411, 25.8811828], [78.3257678, 25.881169], [78.3258129, 25.88124], [78.325815, 25.8812389], [78.3258214, 25.8812357], [78.3260375, 25.8811252], [78.3261408, 25.8810724], [78.3262838, 25.8809993], [78.3262868, 25.8809985], [78.3262895, 25.8809993], [78.3262923, 25.8810038], [78.3262936, 25.8810057], [78.3262975, 25.8810118], [78.3264103, 25.881188], [78.3265229, 25.8813639], [78.3265966, 25.8814789], [78.3266223, 25.881519], [78.3268563, 25.8818845], [78.3270432, 25.8821763], [78.3270512, 25.8821888], [78.3270664, 25.8820833], [78.3270737, 25.8820329], [78.3270818, 25.8820044], [78.327115, 25.8818878], [78.3271203, 25.8818704], [78.327134, 25.8818261], [78.3271413, 25.8818129], [78.3271443, 25.8818075], [78.3273418, 25.8815337], [78.3273508, 25.8815207], [78.3273603, 25.8815069], [78.3275603, 25.8812171], [78.327683, 25.8810394], [78.3277441, 25.8809538], [78.3279081, 25.8807241], [78.327929, 25.8806948], [78.328133, 25.8803939], [78.3284257, 25.880538], [78.3285138, 25.8805832], [78.3287892, 25.8807245], [78.3287913, 25.8807256], [78.3288273, 25.8807441], [78.3289607, 25.8808126], [78.3289918, 25.8808285], [78.3291688, 25.880918], [78.3293386, 25.8810039], [78.3293544, 25.8810118], [78.3293888, 25.8810293], [78.3295609, 25.8811191], [78.3296357, 25.8811582], [78.3296826, 25.8811879], [78.3297083, 25.8812042], [78.3298683, 25.8813057], [78.3299487, 25.8813568], [78.3300192, 25.8813994], [78.3301757, 25.8814943], [78.3302155, 25.8815184], [78.330388, 25.8816229], [78.33039, 25.8816241], [78.3304057, 25.8816336], [78.3304059, 25.8816337], [78.330412, 25.881656], [78.3306781, 25.8818083], [78.3305289, 25.8820514], [78.3305293, 25.8820516], [78.3305453, 25.8820629], [78.3305589, 25.8820725], [78.3305632, 25.8820755], [78.3305706, 25.8820801], [78.3305759, 25.8820834], [78.3305819, 25.8820871], [78.330602, 25.8820995], [78.3306033, 25.8821003], [78.3306659, 25.8821389], [78.3306698, 25.8821413], [78.3306837, 25.8821499], [78.3306969, 25.8821579], [78.3307013, 25.8821606], [78.3307013, 25.8821606], [78.3307241, 25.8821744], [78.3307519, 25.8821913], [78.3307618, 25.8821976], [78.3307852, 25.8822112], [78.3307971, 25.8822178], [78.330817, 25.8822286], [78.3308365, 25.8822394], [78.3308906, 25.882269], [78.3310166, 25.882338], [78.3310424, 25.8823521], [78.3310339, 25.8823651], [78.331029, 25.8823726], [78.3310005, 25.8824193], [78.330969, 25.882471], [78.3309337, 25.8825289], [78.3309209, 25.8825499], [78.3309066, 25.8825734], [78.3309208, 25.8825805], [78.330933, 25.8825866], [78.3309452, 25.8825927], [78.3309682, 25.8826042], [78.330971, 25.8826056], [78.3309934, 25.8826167], [78.3309985, 25.8826193], [78.3309986, 25.8826191], [78.3310214, 25.8826306], [78.3310841, 25.8825298], [78.3311113, 25.8824889], [78.3311626, 25.8824223], [78.3311658, 25.8824181], [78.3311746, 25.8824067], [78.3312705, 25.8822602], [78.3313884, 25.8820594], [78.3315085, 25.8818623], [78.3315088, 25.8818618], [78.3315862, 25.8817391], [78.3316328, 25.8816652], [78.3316468, 25.8816429], [78.3316599, 25.8816221], [78.3317479, 25.8814534], [78.3318773, 25.8812312], [78.3318776, 25.8812309], [78.3319532, 25.8811016], [78.3319732, 25.881076], [78.3319977, 25.8810447], [78.3321191, 25.8808529], [78.3321228, 25.880847], [78.3323024, 25.8805619], [78.3323479, 25.8804982], [78.3323818, 25.8804605], [78.3324068, 25.8804155], [78.3325216, 25.8802203], [78.3325524, 25.8801724], [78.3326251, 25.8800686], [78.3327134, 25.879936], [78.3327451, 25.87989], [78.3327756, 25.8798393], [78.3328831, 25.8796694], [78.332974, 25.8795183], [78.3330726, 25.879363], [78.3331878, 25.8791743], [78.333188, 25.8791739], [78.3331962, 25.8791568], [78.333197, 25.8791552], [78.3332073, 25.8791212], [78.3332547, 25.8788697], [78.3332683, 25.8787771], [78.3332827, 25.8786996], [78.3333184, 25.8785775], [78.3334056, 25.8783438], [78.3334719, 25.8781639], [78.3334648, 25.8781619], [78.3334555, 25.8781589], [78.3334182, 25.8781469], [78.3333425, 25.8781211], [78.3332935, 25.8781045], [78.3332451, 25.8780881], [78.3331817, 25.8780665], [78.3331745, 25.878064], [78.3331747, 25.8780638], [78.3331798, 25.8780555], [78.3332523, 25.8779389], [78.3339744, 25.8767773], [78.3339745, 25.8767771], [78.3339773, 25.8767726], [78.3339844, 25.8767615], [78.3339968, 25.8767419]]]}, "properties": {"objectid": 32204, "statename": "Madhya Pradesh", "statecode": "23", "districtname": "Gwalior", "districtcode": "421", "ulbname": "Dabra", "ulbcode": "802104", "wardname": "Ward 23", "wardcode": "23", "id": null, "status": "APPROVED", "misglobalid": null, "approved_by": null, "createdate": 1643827573000, "updateddate": 1659589621000, "globalid": "KRcBddQR-5RmK-P5lP-Rddo-Rn6a5oBQ5nPo", "gisglobalid": "ln5P6c4n-6Q6d-Pl5l-RcQa-sBnK5am5oQd5", "remark": "", "st_area(shape)": 1.1634657012658338e-05, "st_perimeter(shape)": 0.027916405041256285}}, {"type": "Feature", "geometry": {"type": "Polygon", "coordinates": [[[78.3341922, 25.8768262], [78.3341798, 25.87682], [78.3341005, 25.8767875], [78.3339982, 25.8767427], [78.3339968, 25.8767419], [78.3339844, 25.8767615], [78.3339773, 25.8767726], [78.3339745, 25.8767771], [78.3339744, 25.8767773], [78.3332523, 25.8779389], [78.3331798, 25.8780555], [78.3331747, 25.8780638], [78.3331745, 25.878064], [78.3331817, 25.8780665], [78.3332451, 25.8780881], [78.3332935, 25.8781045], [78.3333425, 25.8781211], [78.3334182, 25.8781469], [78.3334555, 25.8781589], [78.3334648, 25.8781619], [78.3334719, 25.8781639], [78.3334056, 25.8783438], [78.3333184, 25.8785775], [78.3332827, 25.8786996], [78.3332683, 25.8787771], [78.3332547, 25.8788697], [78.3332073, 25.8791212], [78.333197, 25.8791552], [78.3331962, 25.8791568], [78.333188, 25.8791739], [78.3331878, 25.8791743], [78.3330726, 25.879363], [78.332974, 25.8795183], [78.3328831, 25.8796694], [78.3327756, 25.8798393], [78.3327451, 25.87989], [78.3327134, 25.879936], [78.3326251, 25.8800686], [78.3325524, 25.8801724], [78.3325216, 25.8802203], [78.3324068, 25.8804155], [78.3323818, 25.8804605], [78.3323479, 25.8804982], [78.3323024, 25.8805619], [78.3321228, 25.880847], [78.3321191, 25.8808529], [78.3319977, 25.8810447], [78.3319732, 25.881076], [78.3319532, 25.8811016], [78.3318776, 25.8812309], [78.3318773, 25.8812312], [78.3317479, 25.8814534], [78.3316599, 25.8816221], [78.3316468, 25.8816429], [78.3316328, 25.8816652], [78.3315862, 25.8817391], [78.3315088, 25.8818618], [78.3315085, 25.8818623], [78.3313884, 25.8820594], [78.3312705, 25.8822602], [78.3311746, 25.8824067], [78.3311658, 25.8824181], [78.3311626, 25.8824223], [78.3311113, 25.8824889], [78.3310841, 25.8825298], [78.3310214, 25.8826306], [78.3309885, 25.8826826], [78.3308896, 25.8828445], [78.3308463, 25.8829166], [78.3309997, 25.88297], [78.3313466, 25.8830726], [78.33148, 25.8831133], [78.3326465, 25.8834554], [78.3329638, 25.8835456], [78.3330454, 25.8835688], [78.333268, 25.8836381], [78.3332882, 25.8835965], [78.333523, 25.8829568], [78.3335269, 25.8829461], [78.3337474, 25.8823452], [78.3339805, 25.88171], [78.3340479, 25.8815262], [78.3341711, 25.8811904], [78.3341752, 25.8811792], [78.3336987, 25.8810479], [78.3334946, 25.8809916], [78.333248, 25.8809526], [78.3332593, 25.880752], [78.3332603, 25.8807347], [78.3332755, 25.8805183], [78.3332866, 25.8803612], [78.3332909, 25.8802994], [78.3332986, 25.8801835], [78.3333158, 25.8800293], [78.3333336, 25.87992], [78.3333669, 25.8797012], [78.3333673, 25.8796985], [78.3333708, 25.8796766], [78.3334255, 25.8793321], [78.3334442, 25.8792562], [78.3334483, 25.8792393], [78.3334613, 25.8791945], [78.3334621, 25.8791913], [78.3335208, 25.8789284], [78.3335214, 25.8789257], [78.3335657, 25.8787448], [78.3335998, 25.8786142], [78.3336346, 25.8784809], [78.3336908, 25.8782203], [78.3337546, 25.8779304], [78.3338012, 25.8777831], [78.3338475, 25.8776331], [78.3338857, 25.8775094], [78.3339604, 25.877297], [78.3340363, 25.8771292], [78.3340952, 25.8770147], [78.3341874, 25.8768352], [78.3341875, 25.8768351], [78.3341895, 25.8768311], [78.3341922, 25.8768262]]]}, "properties": {"objectid": 32645, "statename": "Madhya Pradesh", "statecode": "23", "districtname": "Gwalior", "districtcode": "421", "ulbname": "Dabra", "ulbcode": "802104", "wardname": "Ward 13", "wardcode": "13", "id": null, "status": "APPROVED", "misglobalid": null, "approved_by": null, "createdate": 1643827573000, "updateddate": 1659589538000, "globalid": "lK6PssRQ-Pon5-P5ls-ssmn-l5aBRQsBsPQP", "gisglobalid": "QaPnRBdK-n44s-Pddc-QRBB-BllR6PmolmoP", "remark": "", "st_area(shape)": 7.701727534933858e-06, "st_perimeter(shape)": 0.01792140239987659}}, {"type": "Feature", "geometry": {"type": "Polygon", "coordinates": [[[78.3356592, 25.8930102], [78.3356839, 25.8929385], [78.3357819, 25.892622], [78.3359021, 25.8922659], [78.3359904, 25.8919813], [78.336109, 25.8916228], [78.3361233, 25.8915736], [78.3362845, 25.8910498], [78.3363439, 25.8908615], [78.3363559, 25.8908247], [78.3363874, 25.8907278], [78.3363882, 25.8907256], [78.3364284, 25.8906021], [78.3364894, 25.8904115], [78.3365011, 25.8903768], [78.3368565, 25.8893174], [78.3368798, 25.8892452], [78.3369503, 25.8890267], [78.3369971, 25.8888961], [78.3370741, 25.888681], [78.3371012, 25.8885973], [78.3371422, 25.8884705], [78.3371733, 25.8883664], [78.3372155, 25.8882254], [78.3373344, 25.8878278], [78.3371927, 25.8877868], [78.3371926, 25.8877868], [78.336024, 25.8874488], [78.3359954, 25.8874405], [78.335963, 25.8874312], [78.3352248, 25.8872176], [78.3347866, 25.8870909], [78.3347572, 25.8870826], [78.3346823, 25.8871587], [78.3346182, 25.8874003], [78.3345781, 25.887559], [78.3345781, 25.8875704], [78.3345728, 25.8876049], [78.334512, 25.887797], [78.3345069, 25.8877954], [78.3342782, 25.8877627], [78.3342754, 25.8877704], [78.3340672, 25.8883419], [78.3338748, 25.88887], [78.3338459, 25.8888961], [78.333722, 25.8889308], [78.3335548, 25.88889], [78.3333278, 25.8888345], [78.3333276, 25.8888351], [78.3332777, 25.8890109], [78.3332541, 25.889094], [78.333238, 25.8891469], [78.3332153, 25.8892218], [78.3332153, 25.8892218], [78.3332085, 25.8892442], [78.3331854, 25.8893165], [78.3331783, 25.8893389], [78.3331603, 25.8893857], [78.3331382, 25.889445], [78.3330911, 25.8895714], [78.3330684, 25.8896322], [78.3330553, 25.8896675], [78.3330553, 25.8896675], [78.3330504, 25.8896807], [78.3330272, 25.8897443], [78.3330272, 25.8897444], [78.3330064, 25.8898011], [78.3329976, 25.8898155], [78.3329926, 25.8898315], [78.3329925, 25.8898318], [78.332992, 25.8898336], [78.3329537, 25.8899663], [78.3329311, 25.8900444], [78.3329203, 25.8900938], [78.3329113, 25.8901355], [78.3329185, 25.8902379], [78.3329233, 25.890305], [78.3329155, 25.890306], [78.332868, 25.8903122], [78.3327058, 25.8903375], [78.3327529, 25.8905219], [78.3327862, 25.8906376], [78.3327905, 25.8906447], [78.3327935, 25.8906496], [78.3328014, 25.8906571], [78.332835, 25.8907125], [78.332858, 25.8907564], [78.3328913, 25.8908114], [78.3329091, 25.8908408], [78.332915, 25.8908498], [78.3329274, 25.8908685], [78.3329366, 25.8908827], [78.3329367, 25.8908828], [78.3329423, 25.8908881], [78.3329465, 25.8908897], [78.3330514, 25.8908541], [78.3332329, 25.8907926], [78.3333809, 25.8910223], [78.3333906, 25.8910374], [78.3335426, 25.8912913], [78.3335456, 25.8912967], [78.3335696, 25.8913395], [78.3335811, 25.8913602], [78.3336421, 25.8914692], [78.3337574, 25.8916751], [78.3337083, 25.8916998], [78.3335614, 25.8917737], [78.333558, 25.8917755], [78.3338249, 25.8921081], [78.3338254, 25.8921088], [78.3339852, 25.8923029], [78.3339856, 25.8923034], [78.334032, 25.892373], [78.33412, 25.892561], [78.3341692, 25.8926775], [78.3340088, 25.8927339], [78.3340113, 25.8927397], [78.3340125, 25.8927424], [78.334181, 25.893132], [78.3342598, 25.8931122], [78.3342769, 25.8931079], [78.3343569, 25.8930877], [78.3344186, 25.8930758], [78.334465, 25.8930676], [78.3346449, 25.8930503], [78.3351584, 25.8929988], [78.3354446, 25.8930053], [78.3356166, 25.8930093], [78.3356516, 25.8930101], [78.3356592, 25.8930102]]]}, "properties": {"objectid": 32984, "statename": "Madhya Pradesh", "statecode": "23", "districtname": "Gwalior", "districtcode": "421", "ulbname": "Dabra", "ulbcode": "802104", "wardname": " Ward 1", "wardcode": "1", "id": null, "status": "APPROVED", "misglobalid": null, "approved_by": null, "createdate": 1643827573000, "updateddate": 1659530391000, "globalid": "lndnK5dB-BaRQ-PlBB-QQ4o-mdaRsol6dcom", "gisglobalid": "oPd4QKs5-4lo5-PlBR-sls5-l4o4KsRam55c", "remark": "", "st_area(shape)": 1.6443569872100997e-05, "st_perimeter(shape)": 0.017997671532525638}}, {"type": "Feature", "geometry": {"type": "Polygon", "coordinates": [[[78.3366889, 25.8837464], [78.3368238, 25.8832641], [78.3368894, 25.8830233], [78.3369021, 25.8829766], [78.3369129, 25.8829562], [78.3369318, 25.8829472], [78.3369211, 25.8829358], [78.3369005, 25.8829137], [78.336895, 25.8829114], [78.3368576, 25.8828965], [78.3368211, 25.8828818], [78.3367446, 25.8828512], [78.3366918, 25.8828242], [78.3366703, 25.8828046], [78.3366117, 25.8827285], [78.3365639, 25.8826575], [78.3365329, 25.882603], [78.3364728, 25.8824941], [78.3364459, 25.8824308], [78.3364036, 25.8823184], [78.3363779, 25.8822444], [78.3363624, 25.8821995], [78.3362878, 25.881941], [78.3362061, 25.8816816], [78.3361778, 25.8815918], [78.3361403, 25.8814657], [78.336137, 25.8814548], [78.3361331, 25.8814418], [78.3361293, 25.8814287], [78.3360781, 25.8812569], [78.3360355, 25.881119], [78.3359307, 25.8807941], [78.3358717, 25.8805919], [78.3358086, 25.8803593], [78.335731, 25.880071], [78.3357092, 25.8799958], [78.3356481, 25.8797856], [78.3356193, 25.8797025], [78.3356125, 25.879661], [78.3356119, 25.8796249], [78.3356116, 25.8796076], [78.3356088, 25.8795764], [78.3356017, 25.8795476], [78.335593, 25.8795231], [78.3355758, 25.8794744], [78.3355428, 25.8793711], [78.3355406, 25.8793632], [78.3355136, 25.8792669], [78.3354675, 25.8790987], [78.3354197, 25.878969], [78.3353932, 25.878892], [78.3353466, 25.8787572], [78.3352705, 25.8785052], [78.3352609, 25.878492], [78.3352482, 25.8784888], [78.3352286, 25.8784906], [78.3352248, 25.8784915], [78.3352202, 25.8784927], [78.3351876, 25.8785011], [78.3350794, 25.878529], [78.3350768, 25.8785297], [78.3350769, 25.8785263], [78.3350788, 25.878484], [78.3350764, 25.8784056], [78.3350746, 25.8783482], [78.3350658, 25.878243], [78.335062, 25.8781963], [78.3350374, 25.8780574], [78.335034, 25.8780424], [78.3349223, 25.8776651], [78.3349044, 25.8776059], [78.334814, 25.8773071], [78.3348136, 25.877306], [78.3347975, 25.8772527], [78.3347348, 25.8770604], [78.3347208, 25.8770338], [78.334695, 25.8770161], [78.3346751, 25.877007], [78.3346153, 25.8769816], [78.3341922, 25.8768262], [78.3341895, 25.8768311], [78.3341875, 25.8768351], [78.3341874, 25.8768352], [78.3340952, 25.8770147], [78.3340363, 25.8771292], [78.3339604, 25.877297], [78.3338857, 25.8775094], [78.3338475, 25.8776331], [78.3338012, 25.8777831], [78.3337546, 25.8779304], [78.3336908, 25.8782203], [78.3336346, 25.8784809], [78.3335998, 25.8786142], [78.3335657, 25.8787448], [78.3335214, 25.8789257], [78.3335208, 25.8789284], [78.3334621, 25.8791913], [78.3334613, 25.8791945], [78.3334483, 25.8792393], [78.3334442, 25.8792562], [78.3334255, 25.8793321], [78.3333708, 25.8796766], [78.3333673, 25.8796985], [78.3333669, 25.8797012], [78.3333336, 25.87992], [78.3333158, 25.8800293], [78.3332986, 25.8801835], [78.3332909, 25.8802994], [78.3332866, 25.8803612], [78.3332755, 25.8805183], [78.3332603, 25.8807347], [78.3332593, 25.880752], [78.333248, 25.8809526], [78.3334946, 25.8809916], [78.3336987, 25.8810479], [78.3341752, 25.8811792], [78.3341711, 25.8811904], [78.3340479, 25.8815262], [78.3339805, 25.88171], [78.3337474, 25.8823452], [78.3335269, 25.8829461], [78.333523, 25.8829568], [78.3332882, 25.8835965], [78.333268, 25.8836381], [78.3332678, 25.8836386], [78.3332653, 25.8836437], [78.3332645, 25.8836454], [78.3332612, 25.8836597], [78.333271, 25.8836627], [78.3332879, 25.8836678], [78.3336908, 25.883791], [78.3336909, 25.8837911], [78.3337027, 25.8837947], [78.3338374, 25.8838344], [78.3346156, 25.8840638], [78.3357206, 25.8843909], [78.3357356, 25.884351], [78.3356251, 25.8838794], [78.3359186, 25.8838317], [78.3359951, 25.8838192], [78.336195, 25.8837867], [78.3366777, 25.8837082], [78.3366828, 25.8837256], [78.3366889, 25.8837464]]]}, "properties": {"objectid": 32985, "statename": "Madhya Pradesh", "statecode": "23", "districtname": "Gwalior", "districtcode": "421", "ulbname": "Dabra", "ulbcode": "802104", "wardname": "Ward 12", "wardcode": "12", "id": null, "status": "APPROVED", "misglobalid": null, "approved_by": null, "createdate": 1643827573000, "updateddate": 1659589528000, "globalid": "6anPdaQn-nQKn-PaK5-aosl-dPoRscKR4ls6", "gisglobalid": "sQcQc4dd-cB4a-PBK5-Qo6P-d6n6PmdKmsBR", "remark": "", "st_area(shape)": 1.5590285909279675e-05, "st_perimeter(shape)": 0.020068080104131244}}, {"type": "Feature", "geometry": {"type": "Polygon", "coordinates": [[[78.3373395, 25.8878106], [78.3374921, 25.8873374], [78.3375646, 25.8871162], [78.3376219, 25.8869348], [78.3376413, 25.8868741], [78.3377882, 25.8864147], [78.3377941, 25.8863964], [78.3378202, 25.8863178], [78.3379329, 25.8859797], [78.338054, 25.8856151], [78.3381138, 25.8854351], [78.3381203, 25.8854153], [78.3382059, 25.8851419], [78.3382944, 25.8848592], [78.3383088, 25.884814], [78.3383766, 25.8846022], [78.3384357, 25.8844176], [78.338451, 25.8843686], [78.3384823, 25.8842682], [78.3385675, 25.8839949], [78.3385876, 25.8839304], [78.3386309, 25.8837912], [78.3386597, 25.883701], [78.3387282, 25.8834859], [78.3387596, 25.8833938], [78.3387648, 25.8833787], [78.3387649, 25.8833785], [78.3387631, 25.883378], [78.3378143, 25.8831462], [78.3377961, 25.883142], [78.3369669, 25.8829507], [78.3369618, 25.8829502], [78.3369318, 25.8829472], [78.3369129, 25.8829562], [78.3369021, 25.8829766], [78.3368894, 25.8830233], [78.3368238, 25.8832641], [78.3366889, 25.8837464], [78.336697, 25.8837739], [78.3367029, 25.883794], [78.3367415, 25.8838894], [78.3367612, 25.8839192], [78.3367834, 25.8839529], [78.3367976, 25.8839923], [78.3368166, 25.8840452], [78.3368299, 25.8840864], [78.336832, 25.8840927], [78.3368458, 25.8841357], [78.336858, 25.8841733], [78.3368685, 25.8842059], [78.3368849, 25.8842566], [78.3369014, 25.8843077], [78.336916, 25.884353], [78.3369221, 25.8843681], [78.3369285, 25.8843843], [78.3369397, 25.8844754], [78.3367781, 25.8844974], [78.336768, 25.8844977], [78.3367558, 25.884498], [78.3366106, 25.8845101], [78.3366107, 25.8845198], [78.3366146, 25.8845768], [78.336615, 25.8845812], [78.3366181, 25.8846301], [78.3366223, 25.8846716], [78.336499, 25.8846832], [78.3364865, 25.8846835], [78.3364878, 25.8847147], [78.3364732, 25.8847158], [78.3363209, 25.8847316], [78.336263, 25.8847362], [78.33607, 25.8847575], [78.3360611, 25.8847578], [78.3360611, 25.8847578], [78.3360639, 25.8849063], [78.3360561, 25.8849055], [78.3359811, 25.8848861], [78.3357627, 25.8848295], [78.3356129, 25.884784], [78.3355884, 25.8847767], [78.3355056, 25.8850104], [78.3354939, 25.8850363], [78.3354766, 25.885075], [78.3354294, 25.885196], [78.3352482, 25.8856814], [78.335241, 25.885713], [78.3352396, 25.8857192], [78.3352205, 25.8858025], [78.3351965, 25.8858711], [78.3350787, 25.8862123], [78.3350354, 25.8863511], [78.3350334, 25.8863571], [78.3350241, 25.8863846], [78.3349547, 25.8865873], [78.3349269, 25.88667], [78.3348129, 25.8869579], [78.3347837, 25.8870313], [78.3347572, 25.8870826], [78.3347866, 25.8870909], [78.3352248, 25.8872176], [78.335963, 25.8874312], [78.3359954, 25.8874405], [78.336024, 25.8874488], [78.3371926, 25.8877868], [78.3371927, 25.8877868], [78.3373344, 25.8878278], [78.3373361, 25.8878219], [78.3373362, 25.8878217], [78.3373395, 25.8878106]]]}, "properties": {"objectid": 33432, "statename": "Madhya Pradesh", "statecode": "23", "districtname": "Gwalior", "districtcode": "421", "ulbname": "Dabra", "ulbcode": "802104", "wardname": "Ward 10", "wardcode": "10", "id": null, "status": "APPROVED", "misglobalid": null, "approved_by": null, "createdate": 1643827573000, "updateddate": 1659589504000, "globalid": "BcmKln4c-ssQR-PoKn-Q4Km-BoBKPamoPPRs", "gisglobalid": "cKoQ5sKn-dPa6-PaP5-as56-olPm6BasddQ6", "remark": "", "st_area(shape)": 1.0365549919013109e-05, "st_perimeter(shape)": 0.01504277434729119}}, {"type": "Feature", "geometry": {"type": "Polygon", "coordinates": [[[78.3387649, 25.8833785], [78.3387648, 25.8833787], [78.3387596, 25.8833938], [78.3387282, 25.8834859], [78.3386597, 25.883701], [78.3386309, 25.8837912], [78.3385876, 25.8839304], [78.3385675, 25.8839949], [78.3384823, 25.8842682], [78.338451, 25.8843686], [78.3384357, 25.8844176], [78.3383766, 25.8846022], [78.3383088, 25.884814], [78.3382944, 25.8848592], [78.3382059, 25.8851419], [78.3381203, 25.8854153], [78.3381138, 25.8854351], [78.338054, 25.8856151], [78.3379329, 25.8859797], [78.3378202, 25.8863178], [78.3377941, 25.8863964], [78.3377882, 25.8864147], [78.3376413, 25.8868741], [78.3376219, 25.8869348], [78.3375646, 25.8871162], [78.3374921, 25.8873374], [78.3373395, 25.8878106], [78.3373434, 25.8878115], [78.3373449, 25.8878118], [78.3373484, 25.8878126], [78.3377582, 25.8879061], [78.3379876, 25.8879687], [78.3380491, 25.8879856], [78.3380769, 25.8879932], [78.3380788, 25.8879937], [78.3380824, 25.8879947], [78.3381679, 25.8880181], [78.3382523, 25.8880413], [78.3383037, 25.8880572], [78.3383803, 25.8880808], [78.3383863, 25.8880827], [78.3385035, 25.8881188], [78.3387842, 25.8882279], [78.3387916, 25.8882305], [78.339369, 25.8884445], [78.3393802, 25.8884492], [78.3394185, 25.8884669], [78.3394495, 25.8884811], [78.3395445, 25.8885103], [78.3395508, 25.8885122], [78.3395548, 25.8885134], [78.3396003, 25.8885273], [78.3396831, 25.8885432], [78.339768, 25.8885572], [78.3398761, 25.8885737], [78.3399645, 25.8885914], [78.3400545, 25.888606], [78.3401372, 25.8886198], [78.3401913, 25.8886264], [78.3407131, 25.888721], [78.3407287, 25.8887244], [78.3408562, 25.8887521], [78.3408563, 25.8887521], [78.3409427, 25.8887709], [78.3409712, 25.8887771], [78.3410405, 25.8887936], [78.341046, 25.8887951], [78.3411708, 25.8888294], [78.3412589, 25.8888477], [78.3413559, 25.8888653], [78.3413994, 25.8888699], [78.3414391, 25.8888742], [78.341527, 25.8888846], [78.3416247, 25.8888923], [78.3417434, 25.8889062], [78.3418195, 25.8889086], [78.3418838, 25.8889105], [78.3419001, 25.888911], [78.3420235, 25.888916], [78.3421248, 25.8889234], [78.3422443, 25.8889316], [78.3422464, 25.889084], [78.3422465, 25.8890885], [78.3422465, 25.8890935], [78.3422538, 25.8891451], [78.3422625, 25.8892065], [78.3422634, 25.8892131], [78.3422647, 25.8892174], [78.3422792, 25.8892632], [78.3422936, 25.8893089], [78.3423373, 25.8894239], [78.3423784, 25.8895238], [78.3424008, 25.8895891], [78.3424072, 25.8895876], [78.3424106, 25.8895868], [78.3424189, 25.8895849], [78.3425575, 25.8895506], [78.3425519, 25.8895341], [78.3425391, 25.8894949], [78.3425146, 25.88942], [78.3425145, 25.8894198], [78.3425134, 25.8894165], [78.3425061, 25.8893942], [78.3425049, 25.8893904], [78.342496, 25.8893631], [78.3424958, 25.8893625], [78.3424948, 25.8893595], [78.3424924, 25.8893523], [78.3424795, 25.8893126], [78.3424665, 25.8892731], [78.3424358, 25.8891793], [78.342432, 25.8891676], [78.3424266, 25.8891509], [78.3424033, 25.88908], [78.3424033, 25.8890799], [78.342393, 25.8890484], [78.3423824, 25.8890161], [78.3423921, 25.8890009], [78.3424029, 25.8889841], [78.3424078, 25.8889765], [78.3424119, 25.8889701], [78.3424216, 25.888955], [78.3424206, 25.8889065], [78.3424193, 25.8888475], [78.3424169, 25.8887308], [78.3424167, 25.8887215], [78.3424162, 25.8886979], [78.3424162, 25.8886973], [78.3424162, 25.8886959], [78.3424161, 25.8886937], [78.3424155, 25.8886611], [78.3424154, 25.8886595], [78.3424154, 25.8886552], [78.3424147, 25.8886259], [78.3424144, 25.8886098], [78.3424139, 25.8885842], [78.3422897, 25.8885883], [78.3422742, 25.8885888], [78.3421441, 25.888593], [78.342144, 25.8885866], [78.342144, 25.8885861], [78.3421439, 25.8885779], [78.3421438, 25.8885692], [78.3421427, 25.8884823], [78.3421426, 25.8884742], [78.3421425, 25.8884673], [78.342142, 25.8884256], [78.342142, 25.8884226], [78.342142, 25.8884203], [78.3421416, 25.8883874], [78.3421415, 25.8883823], [78.3420916, 25.8883828], [78.34208, 25.8883829], [78.3420791, 25.8883785], [78.3420786, 25.888376], [78.342034, 25.8881648], [78.3420126, 25.8880843], [78.341942, 25.8877189], [78.341938, 25.8876995], [78.3418924, 25.8874816], [78.3418872, 25.8874582], [78.341856, 25.8873162], [78.3418309, 25.887219], [78.3418269, 25.8872034], [78.3418731, 25.887189], [78.3424071, 25.8869738], [78.3424198, 25.8869687], [78.3424276, 25.8869656], [78.3424482, 25.8869573], [78.3427122, 25.8868518], [78.3429664, 25.8867503], [78.3429673, 25.8867499], [78.3431544, 25.8866751], [78.3431928, 25.8866566], [78.3431944, 25.8866556], [78.3431956, 25.8866548], [78.3431963, 25.8866541], [78.3431969, 25.8866533], [78.3431975, 25.8866522], [78.3431976, 25.8866521], [78.3431982, 25.8866504], [78.343202, 25.886634], [78.3432026, 25.886631], [78.3432028, 25.8866295], [78.3432027, 25.8866281], [78.3432026, 25.886627], [78.3432023, 25.8866259], [78.3432018, 25.8866239], [78.3431748, 25.8865435], [78.3430927, 25.8863549], [78.3429312, 25.8860463], [78.3428465, 25.8858707], [78.3427395, 25.8856317], [78.3426434, 25.8854206], [78.3426423, 25.8854181], [78.3425986, 25.8853221], [78.3424799, 25.8850721], [78.3424774, 25.8850672], [78.3423957, 25.884906], [78.3423266, 25.8847886], [78.342314, 25.8847704], [78.3422391, 25.8846627], [78.3420714, 25.884436], [78.3419137, 25.884201], [78.3418919, 25.8841685], [78.3418159, 25.8841503], [78.3417785, 25.8841413], [78.3416196, 25.884109], [78.3413469, 25.8840536], [78.3413233, 25.8840489], [78.3412579, 25.8840311], [78.3409028, 25.8839346], [78.340547, 25.883838], [78.3403879, 25.8837911], [78.3403865, 25.8837908], [78.3402785, 25.8837618], [78.3401042, 25.883715], [78.3399677, 25.883682], [78.339967, 25.8836819], [78.3397488, 25.8836292], [78.3396395, 25.8836029], [78.3394153, 25.8835488], [78.3394145, 25.8835486], [78.3392687, 25.8835134], [78.3391836, 25.8834929], [78.3390779, 25.8834673], [78.3390636, 25.8834624], [78.3389333, 25.8834175], [78.3387923, 25.8833689], [78.3387721, 25.8833619], [78.3387707, 25.8833614], [78.3387666, 25.8833735], [78.3387649, 25.8833785]]]}, "properties": {"objectid": 33831, "statename": "Madhya Pradesh", "statecode": "23", "districtname": "Gwalior", "districtcode": "421", "ulbname": "Dabra", "ulbcode": "802104", "wardname": "Ward 8", "wardcode": "8", "id": null, "status": "APPROVED", "misglobalid": null, "approved_by": null, "createdate": 1643827573000, "updateddate": 1659589480000, "globalid": "c4ccK6ad-5o4B-PBod-RRas-sQKBQRnnPmnP", "gisglobalid": "nlm4QBoa-RlPK-PnPK-sdal-PcnRsB4mcsdB", "remark": "", "st_area(shape)": 2.1150727181290856e-05, "st_perimeter(shape)": 0.020854312343795492}}, {"type": "Feature", "geometry": {"type": "Polygon", "coordinates": [[[78.3304154, 25.8928791], [78.3304709, 25.8927862], [78.3304938, 25.8927365], [78.3304989, 25.8927167], [78.3305035, 25.8926993], [78.3305085, 25.8926534], [78.3305075, 25.8926249], [78.3305002, 25.8925512], [78.3304975, 25.8925244], [78.3304991, 25.8924967], [78.3305027, 25.8924701], [78.3305115, 25.8924353], [78.3305126, 25.8924309], [78.3305148, 25.8924271], [78.3305264, 25.8924068], [78.3305552, 25.8923563], [78.3305724, 25.8923077], [78.3305787, 25.8922709], [78.3305791, 25.8922689], [78.3305773, 25.8922531], [78.3305752, 25.8922384], [78.3305625, 25.8922025], [78.3305523, 25.8921844], [78.3305343, 25.8921563], [78.330502, 25.8921271], [78.3304911, 25.8921223], [78.3304809, 25.8921199], [78.3304662, 25.8921195], [78.3304308, 25.892126], [78.3304046, 25.8921261], [78.330363, 25.8921203], [78.3303235, 25.8921029], [78.330291, 25.8920783], [78.330278, 25.8920585], [78.3302567, 25.8919683], [78.3302407, 25.8919073], [78.3302145, 25.8917743], [78.3301753, 25.8915216], [78.3301643, 25.8913814], [78.3301303, 25.8910077], [78.3301399, 25.8910038], [78.3301601, 25.8910027], [78.3301946, 25.8910007], [78.330206, 25.891], [78.330207, 25.8909788], [78.3302159, 25.8906476], [78.3300825, 25.8906444], [78.3299605, 25.890636], [78.3299135, 25.8906328], [78.3298017, 25.8906209], [78.3297827, 25.8906189], [78.3296402, 25.8906035], [78.3295991, 25.8906006], [78.3295135, 25.8905993], [78.3294725, 25.8905987], [78.32931, 25.8906016], [78.3292823, 25.8906021], [78.3292302, 25.8906055], [78.329011, 25.8906195], [78.3289439, 25.8906195], [78.328919, 25.8906195], [78.3289057, 25.8906196], [78.3288228, 25.890619], [78.3287198, 25.8906149], [78.3286805, 25.8906096], [78.3286611, 25.8906037], [78.3286527, 25.8905981], [78.3285754, 25.8906733], [78.3285741, 25.8906743], [78.3285732, 25.8906749], [78.328572, 25.8906756], [78.3285707, 25.8906761], [78.3285697, 25.8906765], [78.3285676, 25.8906772], [78.3285575, 25.8906797], [78.3285578, 25.8906815], [78.3285564, 25.8907007], [78.3285932, 25.8909327], [78.328624, 25.8911136], [78.3286425, 25.89121], [78.3286427, 25.8912111], [78.3286486, 25.891242], [78.328688, 25.8914601], [78.3286956, 25.8915025], [78.3286995, 25.8915293], [78.3287176, 25.8916533], [78.3287243, 25.8917088], [78.3287345, 25.8917471], [78.3287635, 25.8918513], [78.3287721, 25.8918822], [78.3288418, 25.8921198], [78.3288464, 25.8921355], [78.3288109, 25.8921428], [78.3285842, 25.8921897], [78.3284823, 25.8922108], [78.3284421, 25.8922215], [78.3283454, 25.8922475], [78.3282287, 25.8922788], [78.3281761, 25.8922916], [78.3281503, 25.8922978], [78.328124, 25.8923028], [78.3280007, 25.8923261], [78.3279792, 25.892329], [78.3279377, 25.8923346], [78.327801, 25.8923448], [78.3276883, 25.8923508], [78.3276048, 25.8923542], [78.3275607, 25.892356], [78.3275336, 25.8923571], [78.3274646, 25.8923629], [78.3274218, 25.8923695], [78.3273781, 25.8923829], [78.3273166, 25.8924062], [78.3272371, 25.8924516], [78.3272208, 25.8924627], [78.3272091, 25.8924706], [78.3271883, 25.8924911], [78.3271861, 25.8924932], [78.3271859, 25.8924934], [78.3271364, 25.8925322], [78.3270087, 25.8926146], [78.3269351, 25.8926533], [78.3269336, 25.8926541], [78.3269244, 25.892659], [78.3269258, 25.8926612], [78.3269318, 25.8926719], [78.3269352, 25.8926781], [78.3269814, 25.8927607], [78.3270144, 25.8928085], [78.3270435, 25.8928249], [78.3270713, 25.8928292], [78.3270811, 25.8928313], [78.3271313, 25.8928284], [78.3272202, 25.8928277], [78.3272749, 25.8928302], [78.3273393, 25.8928622], [78.3273592, 25.8928981], [78.3273704, 25.8929301], [78.3273632, 25.892951], [78.3273382, 25.8930267], [78.327304, 25.8931706], [78.327305, 25.893215], [78.3273072, 25.8932314], [78.3273297, 25.8932678], [78.3273509, 25.8932902], [78.327379, 25.8933043], [78.3274304, 25.8933155], [78.3274918, 25.8933199], [78.3275804, 25.8933365], [78.3276592, 25.8933473], [78.3276938, 25.8933475], [78.3277178, 25.8933395], [78.327754, 25.8933159], [78.327791, 25.8932787], [78.3278177, 25.8932404], [78.3278309, 25.893228], [78.3278635, 25.8932043], [78.3279102, 25.8931948], [78.3279588, 25.8931953], [78.328054, 25.893212], [78.3281865, 25.8932289], [78.328213, 25.8932444], [78.3282445, 25.8932711], [78.3282503, 25.89331], [78.328241, 25.8933795], [78.3282382, 25.8934113], [78.3282389, 25.8934501], [78.3282711, 25.893533], [78.3283224, 25.8936227], [78.3283281, 25.8936682], [78.3283241, 25.893685], [78.3282888, 25.8937119], [78.328196, 25.8937957], [78.3281525, 25.8938646], [78.3281302, 25.893917], [78.3281287, 25.893938], [78.3281437, 25.8939598], [78.3281955, 25.8939781], [78.3282516, 25.8939875], [78.3283008, 25.8939809], [78.3283427, 25.8939808], [78.3283757, 25.8939875], [78.3284017, 25.894002], [78.3284106, 25.8940208], [78.3284194, 25.8940631], [78.3284129, 25.894076], [78.3284053, 25.8940937], [78.3283793, 25.8941685], [78.3283651, 25.8942019], [78.3283597, 25.8942373], [78.328362, 25.8942729], [78.3283653, 25.8943318], [78.3283706, 25.8943492], [78.3283825, 25.894371], [78.3283941, 25.8943866], [78.3284215, 25.8944072], [78.328472, 25.8944381], [78.3285342, 25.8944991], [78.328562, 25.8945239], [78.3286134, 25.8945632], [78.3286386, 25.8945674], [78.3286619, 25.8945673], [78.3286977, 25.8945471], [78.3286978, 25.8945471], [78.3288421, 25.8945074], [78.329072, 25.8944513], [78.3292248, 25.8944092], [78.3293506, 25.8943742], [78.3293511, 25.8943741], [78.3294837, 25.894349], [78.3295016, 25.8943456], [78.329502, 25.8943455], [78.3295148, 25.8943448], [78.329518, 25.8941916], [78.3295172, 25.8941785], [78.3295116, 25.8941567], [78.3294973, 25.8941003], [78.329494, 25.8940876], [78.3294895, 25.8940768], [78.3294425, 25.8939653], [78.3293405, 25.893756], [78.3292535, 25.8935905], [78.3292451, 25.8935744], [78.3292424, 25.8935692], [78.3292209, 25.8935274], [78.3291985, 25.8934837], [78.329177, 25.8934437], [78.3291743, 25.8934358], [78.3291722, 25.8934243], [78.3291626, 25.8933041], [78.3291453, 25.893149], [78.3291265, 25.8929815], [78.3291397, 25.8929805], [78.3291533, 25.8929795], [78.3291815, 25.8929761], [78.3292344, 25.8929167], [78.3293019, 25.8928409], [78.3293719, 25.8927968], [78.3294966, 25.8927447], [78.3295584, 25.8927364], [78.3296807, 25.8927353], [78.3296896, 25.8927459], [78.3297106, 25.892771], [78.3297551, 25.8927809], [78.3298265, 25.8927812], [78.3299389, 25.892764], [78.3300788, 25.8927655], [78.330147, 25.8927734], [78.3301751, 25.89278], [78.3302263, 25.8928034], [78.3304004, 25.8928812], [78.330411, 25.8928865], [78.330415, 25.8928798], [78.3304154, 25.8928791]]]}, "properties": {"objectid": 33832, "statename": "Madhya Pradesh", "statecode": "23", "districtname": "Gwalior", "districtcode": "421", "ulbname": "Dabra", "ulbcode": "802104", "wardname": "Ward 17", "wardcode": "17", "id": null, "status": "APPROVED", "misglobalid": null, "approved_by": null, "createdate": 1643827573000, "updateddate": 1659589569000, "globalid": "QPQRB46n-PcoB-P6mB-asnc-BPdannBlKs4l", "gisglobalid": "cQ5mBsQB-Q5cQ-P5P4-Qs6d-6oP5KlPBPlRP", "remark": "", "st_area(shape)": 6.447212378427075e-06, "st_perimeter(shape)": 0.015256109034034638}}, {"type": "Feature", "geometry": {"type": "Polygon", "coordinates": [[[78.3248341, 25.8840362], [78.3248371, 25.884035], [78.3249479, 25.8839851], [78.3250304, 25.883948], [78.3251435, 25.8838918], [78.3252156, 25.883856], [78.3252237, 25.883852], [78.3254648, 25.8837329], [78.3254649, 25.8837329], [78.3254654, 25.8837326], [78.3254788, 25.8837259], [78.3254805, 25.883725], [78.3254832, 25.8837237], [78.3254846, 25.8837229], [78.3256956, 25.883617], [78.3257241, 25.8836027], [78.3257242, 25.8836026], [78.3257296, 25.8835999], [78.3258686, 25.883528], [78.3259005, 25.8835115], [78.3261277, 25.8833888], [78.3261687, 25.8834479], [78.326242, 25.8835538], [78.326243, 25.8835553], [78.3263518, 25.8837123], [78.3264448, 25.8838466], [78.3264486, 25.8838526], [78.3264628, 25.8838754], [78.326467, 25.8838819], [78.3264687, 25.883881], [78.3266463, 25.8837921], [78.3266523, 25.8837873], [78.3266596, 25.883782], [78.3267119, 25.8837572], [78.3267779, 25.8837244], [78.326804, 25.8837114], [78.326817, 25.8837049], [78.3269981, 25.883615], [78.3271149, 25.8835568], [78.3271177, 25.8835554], [78.3271183, 25.8835551], [78.3271432, 25.8835415], [78.3271818, 25.8835204], [78.3271003, 25.8833884], [78.3268787, 25.8830293], [78.3266039, 25.8825778], [78.3266038, 25.8825776], [78.3265969, 25.8825664], [78.3265416, 25.8824773], [78.3264729, 25.8823737], [78.3264567, 25.8823492], [78.3262325, 25.8819915], [78.3262289, 25.8819858], [78.3262142, 25.8819625], [78.3260948, 25.8817744], [78.3259282, 25.881512], [78.3259252, 25.8815072], [78.3257278, 25.8811897], [78.3256791, 25.8811115], [78.3256783, 25.8811103], [78.325678, 25.8811097], [78.3255744, 25.8809481], [78.325544, 25.8809006], [78.3255331, 25.8809063], [78.3255034, 25.880922], [78.3254616, 25.880944], [78.3254163, 25.8809624], [78.3254119, 25.8809647], [78.3251587, 25.8810938], [78.3250535, 25.8811414], [78.3250393, 25.8811478], [78.3249943, 25.88117], [78.3248681, 25.8812322], [78.3248082, 25.8812617], [78.3247531, 25.8812889], [78.3246794, 25.8813252], [78.3246779, 25.8813259], [78.3246153, 25.8813568], [78.3245884, 25.88137], [78.3245447, 25.8813916], [78.3245106, 25.8814084], [78.3244911, 25.881418], [78.3244527, 25.8814369], [78.3244203, 25.8814529], [78.3243736, 25.8814759], [78.3243147, 25.8815049], [78.3242756, 25.8815242], [78.3242336, 25.8815449], [78.3241916, 25.8815656], [78.3241192, 25.8816012], [78.324084, 25.8816186], [78.3240373, 25.8816416], [78.3239899, 25.8816649], [78.3239348, 25.8816921], [78.3238739, 25.8817221], [78.323793, 25.881762], [78.3237362, 25.8817899], [78.3237118, 25.881802], [78.3237017, 25.881807], [78.3236809, 25.8818172], [78.3236223, 25.8818461], [78.3236117, 25.8818513], [78.3235454, 25.8818858], [78.3235383, 25.8818895], [78.3235381, 25.8818896], [78.3235343, 25.8818837], [78.3235065, 25.8818974], [78.3234959, 25.8819027], [78.3234596, 25.8819207], [78.3234551, 25.8819229], [78.323443, 25.8819289], [78.323417, 25.8819424], [78.3235117, 25.8820923], [78.3235216, 25.882108], [78.3235449, 25.8820962], [78.3235515, 25.8820928], [78.3235806, 25.8821382], [78.323581, 25.8821386], [78.3238828, 25.8826101], [78.3238886, 25.8826196], [78.3239796, 25.8827686], [78.32417, 25.883069], [78.3243144, 25.8832938], [78.3243217, 25.8833052], [78.3243241, 25.8833089], [78.3244896, 25.8835676], [78.3245683, 25.8836906], [78.3247018, 25.8838994], [78.3247586, 25.8839883], [78.3247586, 25.8839884], [78.3247892, 25.8840352], [78.3247994, 25.8840508], [78.3248219, 25.8840413], [78.3248341, 25.8840362]]]}, "properties": {"objectid": 33833, "statename": "Madhya Pradesh", "statecode": "23", "districtname": "Gwalior", "districtcode": "421", "ulbname": "Dabra", "ulbcode": "802104", "wardname": "Ward 21", "wardcode": "21", "id": null, "status": "APPROVED", "misglobalid": null, "approved_by": null, "createdate": 1643827573000, "updateddate": 1659589613000, "globalid": "mKBnRsas-QlB5-PQ4s-sQ5B-c6Bda6mnclo5", "gisglobalid": "6aRl4R66-QK5a-Po5n-sccd-s44nc5dnKlBd", "remark": "", "st_area(shape)": 6.308435470116022e-06, "st_perimeter(shape)": 0.010900607470282266}}, {"type": "Feature", "geometry": {"type": "Polygon", "coordinates": [[[78.3350319, 25.8949229], [78.335101, 25.8947017], [78.335114, 25.8946603], [78.3351232, 25.8946306], [78.3351691, 25.894483], [78.3351726, 25.8944719], [78.335175, 25.8944642], [78.3352332, 25.8942771], [78.3354145, 25.893736], [78.3354477, 25.8936342], [78.3354624, 25.8935891], [78.3355043, 25.8934603], [78.335555, 25.8933129], [78.3356592, 25.8930102], [78.3356516, 25.8930101], [78.3356166, 25.8930093], [78.3354446, 25.8930053], [78.3351584, 25.8929988], [78.3346449, 25.8930503], [78.334465, 25.8930676], [78.3344186, 25.8930758], [78.3343569, 25.8930877], [78.3342769, 25.8931079], [78.3342598, 25.8931122], [78.334181, 25.893132], [78.3340125, 25.8927424], [78.3340113, 25.8927397], [78.3340088, 25.8927339], [78.3341692, 25.8926775], [78.33412, 25.892561], [78.334032, 25.892373], [78.3339856, 25.8923034], [78.3339852, 25.8923029], [78.3338254, 25.8921088], [78.3338249, 25.8921081], [78.333558, 25.8917755], [78.3335614, 25.8917737], [78.3337083, 25.8916998], [78.3337574, 25.8916751], [78.3336421, 25.8914692], [78.3335811, 25.8913602], [78.3335696, 25.8913395], [78.3335456, 25.8912967], [78.3335238, 25.891308], [78.3335049, 25.8913177], [78.3334488, 25.8913448], [78.3334157, 25.8913608], [78.333405, 25.8913659], [78.3333598, 25.8913877], [78.3333371, 25.8913987], [78.3333002, 25.8914178], [78.3332948, 25.8914206], [78.3332853, 25.8914255], [78.3332295, 25.8914544], [78.3331665, 25.8914871], [78.3331496, 25.8914959], [78.3331217, 25.8915121], [78.333082, 25.8915353], [78.3330341, 25.8915632], [78.3329806, 25.8915945], [78.3329181, 25.8916309], [78.3328832, 25.8916509], [78.3328369, 25.8916799], [78.3328298, 25.8916849], [78.3328004, 25.8917055], [78.3327867, 25.8917151], [78.3327848, 25.8917172], [78.3327603, 25.8917398], [78.3327537, 25.8917459], [78.3327499, 25.8917494], [78.3327476, 25.8917516], [78.3327433, 25.8917557], [78.3327154, 25.8917756], [78.3326875, 25.8917893], [78.3326851, 25.8917905], [78.3326485, 25.8918085], [78.3326366, 25.8918139], [78.332626, 25.8918186], [78.3326182, 25.891822], [78.3326069, 25.8918267], [78.3325978, 25.8918302], [78.3325846, 25.8918352], [78.3326534, 25.8920308], [78.3326709, 25.8920961], [78.3326793, 25.892119], [78.3326803, 25.8921271], [78.3326819, 25.8921406], [78.3326871, 25.8922179], [78.3326687, 25.8922291], [78.3326446, 25.8922337], [78.3325971, 25.8922435], [78.332449, 25.8922755], [78.3324508, 25.8922827], [78.3324088, 25.8922901], [78.3323747, 25.8922961], [78.3323347, 25.8923031], [78.3323269, 25.8923045], [78.3322593, 25.8923164], [78.3322012, 25.8923267], [78.3321362, 25.8923381], [78.3320667, 25.8923504], [78.332045, 25.8923542], [78.3320422, 25.8923547], [78.3319675, 25.8923679], [78.3319574, 25.8923696], [78.3319123, 25.8923776], [78.3318587, 25.892387], [78.3317584, 25.8924144], [78.331724, 25.8924255], [78.3317183, 25.8924273], [78.3317119, 25.8924294], [78.3317106, 25.8924298], [78.3316649, 25.8924445], [78.3316673, 25.8924491], [78.3315845, 25.892476], [78.3315571, 25.8924849], [78.3315474, 25.892488], [78.3315439, 25.892489], [78.3315318, 25.8924927], [78.3315269, 25.892494], [78.3315252, 25.8924945], [78.3315171, 25.8924967], [78.331518, 25.8924986], [78.3316163, 25.8927144], [78.3315914, 25.8927255], [78.331595, 25.8927335], [78.3315982, 25.8927407], [78.3315196, 25.8927748], [78.3314269, 25.8928151], [78.331499, 25.8929445], [78.3315813, 25.8930921], [78.3315976, 25.8930846], [78.3316298, 25.8931359], [78.3316783, 25.8932131], [78.3316828, 25.893221], [78.331685, 25.8932248], [78.3316898, 25.8932333], [78.3316947, 25.8932418], [78.3316964, 25.8932455], [78.3316969, 25.8932466], [78.3317147, 25.8932878], [78.3317643, 25.8934025], [78.3317822, 25.8934439], [78.3317859, 25.8934524], [78.3317891, 25.8934598], [78.3318365, 25.893577], [78.3318408, 25.8935867], [78.3318451, 25.8935963], [78.3318494, 25.8936059], [78.3318537, 25.8936156], [78.331945, 25.8937773], [78.3318576, 25.8938168], [78.3318802, 25.8938636], [78.3318847, 25.8938728], [78.3320134, 25.8941398], [78.332125, 25.8941124], [78.332592, 25.8939883], [78.3326146, 25.8940532], [78.3326224, 25.8940758], [78.3326261, 25.8940862], [78.332628, 25.8940916], [78.3326421, 25.8941322], [78.3326597, 25.8941826], [78.3326814, 25.894245], [78.332697, 25.8942897], [78.3327132, 25.894336], [78.3327392, 25.8943323], [78.3327438, 25.8943316], [78.3327495, 25.8943588], [78.3327559, 25.8943894], [78.3327649, 25.8944322], [78.3327386, 25.8944367], [78.332732, 25.8944378], [78.3327272, 25.894448], [78.3327086, 25.8944882], [78.3327064, 25.8944928], [78.3327005, 25.8945168], [78.332665, 25.8946949], [78.3326504, 25.894776], [78.332662, 25.8947878], [78.3326747, 25.8947917], [78.3327435, 25.8947669], [78.3327753, 25.8947628], [78.3327901, 25.8947693], [78.3328055, 25.8947696], [78.3328118, 25.8947697], [78.3328123, 25.8947675], [78.3328144, 25.894758], [78.3328125, 25.8947328], [78.3328273, 25.8947209], [78.3328325, 25.894721], [78.3328418, 25.8947457], [78.3328505, 25.8947691], [78.3328461, 25.8947809], [78.3327957, 25.8948433], [78.332746, 25.8948718], [78.3327199, 25.8948831], [78.3326774, 25.894889], [78.3326495, 25.8949017], [78.3326385, 25.8949226], [78.332627, 25.8950342], [78.3326365, 25.8950904], [78.3326499, 25.8951038], [78.3326934, 25.8951081], [78.33275, 25.8951113], [78.3328028, 25.8951108], [78.3328404, 25.895106], [78.3328722, 25.8950851], [78.3329143, 25.8950492], [78.3329267, 25.8950493], [78.3329493, 25.895063], [78.332981, 25.8950819], [78.3329818, 25.8950904], [78.3329775, 25.8951088], [78.3329838, 25.8951331], [78.3330066, 25.8951532], [78.333022, 25.895157], [78.3330463, 25.8951636], [78.3330563, 25.8951717], [78.3330593, 25.8951854], [78.333047, 25.8952187], [78.3330535, 25.8952364], [78.3330804, 25.895266], [78.333098, 25.8952902], [78.3331028, 25.8953221], [78.3330956, 25.8953453], [78.3330826, 25.8953547], [78.3330729, 25.8953548], [78.3330577, 25.8953484], [78.3330494, 25.8953414], [78.3330448, 25.8953398], [78.3330341, 25.8953408], [78.3330235, 25.8953471], [78.3330014, 25.8953654], [78.3329662, 25.895432], [78.3329753, 25.8954913], [78.3330149, 25.895597], [78.33304, 25.8956371], [78.3330785, 25.8956603], [78.3331566, 25.8957104], [78.3332476, 25.8957687], [78.3332945, 25.8957862], [78.3333355, 25.8958041], [78.3333737, 25.8958149], [78.3334135, 25.8958082], [78.3334995, 25.8957712], [78.3335221, 25.8957607], [78.3335308, 25.8957554], [78.333531, 25.8957469], [78.3335269, 25.8957377], [78.3335233, 25.8957254], [78.3335276, 25.8957151], [78.3335357, 25.8957118], [78.3335454, 25.8957124], [78.3335579, 25.8957178], [78.3335717, 25.8957183], [78.3335854, 25.8957122], [78.3336027, 25.8957047], [78.3336516, 25.8956981], [78.3336792, 25.8957004], [78.333709, 25.8957178], [78.3338024, 25.8958078], [78.3338731, 25.8958606], [78.3339369, 25.895902], [78.3339869, 25.8959148], [78.3340558, 25.8959279], [78.334109, 25.8959164], [78.3341781, 25.8958947], [78.334213, 25.8958817], [78.3342568, 25.8958825], [78.334298, 25.8958791], [78.334356, 25.895856], [78.3344126, 25.8958113], [78.3344857, 25.8957379], [78.3345297, 25.895662], [78.3345924, 25.895522], [78.3346158, 25.8954489], [78.3346156, 25.8953935], [78.3346174, 25.8953692], [78.334639, 25.8953115], [78.3346702, 25.8952604], [78.3346738, 25.895213], [78.3346697, 25.8951564], [78.3346801, 25.8951308], [78.3347224, 25.895082], [78.3347759, 25.8950155], [78.3348057, 25.8949965], [78.3348349, 25.8949954], [78.3348548, 25.8949947], [78.3348936, 25.8950123], [78.3349011, 25.8950269], [78.334913, 25.8950499], [78.3349134, 25.8950508], [78.3349212, 25.8950608], [78.334934, 25.8950773], [78.3349147, 25.8951394], [78.3349321, 25.8951433], [78.334961, 25.8951498], [78.3349744, 25.8951067], [78.3349798, 25.8950897], [78.3350319, 25.8949229]]]}, "properties": {"objectid": 34228, "statename": "Madhya Pradesh", "statecode": "23", "districtname": "Gwalior", "districtcode": "421", "ulbname": "Dabra", "ulbcode": "802104", "wardname": "Ward 2", "wardcode": "2", "id": null, "status": "APPROVED", "misglobalid": null, "approved_by": null, "createdate": 1643827573000, "updateddate": 1659589351000, "globalid": "6l6KsQPP-cB5d-PsaR-Rnnc-QQ6KBQRB5Ram", "gisglobalid": "o4n4cmld-64dn-Pmsl-a6ca-R4RmBsRnssa4", "remark": "", "st_area(shape)": 1.0076890713773686e-05, "st_perimeter(shape)": 0.016990640078416063}}, {"type": "Feature", "geometry": {"type": "Polygon", "coordinates": [[[78.3315171, 25.8924967], [78.3315252, 25.8924945], [78.3315269, 25.892494], [78.3315318, 25.8924927], [78.3315439, 25.892489], [78.3315474, 25.892488], [78.3315571, 25.8924849], [78.3315845, 25.892476], [78.3316673, 25.8924491], [78.3316649, 25.8924445], [78.3317106, 25.8924298], [78.3317119, 25.8924294], [78.3317183, 25.8924273], [78.331724, 25.8924255], [78.3317584, 25.8924144], [78.3318587, 25.892387], [78.3319123, 25.8923776], [78.3319574, 25.8923696], [78.3319675, 25.8923679], [78.3320422, 25.8923547], [78.332045, 25.8923542], [78.3320667, 25.8923504], [78.3321362, 25.8923381], [78.3322012, 25.8923267], [78.3322593, 25.8923164], [78.3323269, 25.8923045], [78.3323347, 25.8923031], [78.3323747, 25.8922961], [78.3324088, 25.8922901], [78.3324508, 25.8922827], [78.332449, 25.8922755], [78.3325971, 25.8922435], [78.3326446, 25.8922337], [78.3326687, 25.8922291], [78.3326871, 25.8922179], [78.3326819, 25.8921406], [78.3326803, 25.8921271], [78.3326793, 25.892119], [78.3326709, 25.8920961], [78.3326534, 25.8920308], [78.3325846, 25.8918352], [78.3325823, 25.8918284], [78.3325187, 25.8916171], [78.3324564, 25.8913814], [78.3324211, 25.8912494], [78.3324012, 25.8911572], [78.3323941, 25.8911236], [78.3323854, 25.8910717], [78.3323823, 25.891053], [78.3323821, 25.8910497], [78.3323735, 25.890977], [78.3323729, 25.8909718], [78.3323693, 25.890951], [78.3323472, 25.8908231], [78.3323359, 25.8907576], [78.3323355, 25.8907493], [78.3323353, 25.8907445], [78.3323295, 25.8907167], [78.3323262, 25.8906986], [78.3323182, 25.8906554], [78.3323074, 25.8905966], [78.3323066, 25.8905923], [78.3322743, 25.8904171], [78.3322596, 25.8903376], [78.3322427, 25.8902247], [78.3322281, 25.8901147], [78.3322244, 25.8900804], [78.3322182, 25.8900232], [78.3322008, 25.8898462], [78.3321982, 25.8898361], [78.3321953, 25.8898329], [78.332194, 25.8898325], [78.3321929, 25.8898321], [78.3321906, 25.8898314], [78.3319503, 25.8898463], [78.3318324, 25.8898548], [78.3317971, 25.8898573], [78.3317574, 25.8898596], [78.3315151, 25.889876], [78.3314925, 25.8898782], [78.3315006, 25.8899394], [78.3315058, 25.8899665], [78.3315078, 25.8899768], [78.3315253, 25.8900789], [78.3315528, 25.8902312], [78.3315632, 25.8902817], [78.3315644, 25.890285], [78.3315642, 25.890285], [78.3312921, 25.8903457], [78.3311535, 25.8903773], [78.3310605, 25.890396], [78.331006, 25.8904047], [78.3309421, 25.8904114], [78.330902, 25.8904161], [78.330879, 25.8904145], [78.3308589, 25.8904091], [78.3308244, 25.8904943], [78.3307772, 25.8906109], [78.3307558, 25.8906473], [78.3307468, 25.8906542], [78.3307347, 25.890659], [78.3307135, 25.8906634], [78.330688, 25.8906644], [78.330688, 25.8906644], [78.3306872, 25.8906644], [78.3306785, 25.8906648], [78.330556, 25.8906615], [78.3302523, 25.8906485], [78.3302225, 25.8906478], [78.3302159, 25.8906476], [78.330207, 25.8909788], [78.330206, 25.891], [78.3301946, 25.8910007], [78.3301601, 25.8910027], [78.3301399, 25.8910038], [78.3301303, 25.8910077], [78.3301643, 25.8913814], [78.3301753, 25.8915216], [78.3302145, 25.8917743], [78.3302407, 25.8919073], [78.3302567, 25.8919683], [78.330278, 25.8920585], [78.330291, 25.8920783], [78.3303235, 25.8921029], [78.330363, 25.8921203], [78.3304046, 25.8921261], [78.3304308, 25.892126], [78.3304662, 25.8921195], [78.3304809, 25.8921199], [78.3304911, 25.8921223], [78.330502, 25.8921271], [78.3305343, 25.8921563], [78.3305523, 25.8921844], [78.3305625, 25.8922025], [78.3305752, 25.8922384], [78.3305773, 25.8922531], [78.3305791, 25.8922689], [78.3305787, 25.8922709], [78.3305724, 25.8923077], [78.3305552, 25.8923563], [78.3305264, 25.8924068], [78.3305148, 25.8924271], [78.3305126, 25.8924309], [78.3305115, 25.8924353], [78.3305027, 25.8924701], [78.3304991, 25.8924967], [78.3304975, 25.8925244], [78.3305002, 25.8925512], [78.3305075, 25.8926249], [78.3305085, 25.8926534], [78.3305035, 25.8926993], [78.3304989, 25.8927167], [78.3304938, 25.8927365], [78.3304709, 25.8927862], [78.3304154, 25.8928791], [78.3304242, 25.8928825], [78.3304306, 25.892885], [78.3304308, 25.8928851], [78.3304703, 25.8929006], [78.3305036, 25.8929136], [78.3305726, 25.8929368], [78.3306001, 25.8929351], [78.3306081, 25.8929191], [78.330647, 25.8927872], [78.3306649, 25.8927472], [78.3306846, 25.8927151], [78.330705, 25.8926906], [78.3307302, 25.8926654], [78.330762, 25.892642], [78.3307917, 25.8926237], [78.3308255, 25.8926114], [78.330903, 25.8926047], [78.3309384, 25.8926031], [78.3310527, 25.8925979], [78.331064, 25.8925974], [78.3310737, 25.8925969], [78.3311098, 25.8925931], [78.3312104, 25.8925778], [78.3312172, 25.892576], [78.3314288, 25.892521], [78.3314289, 25.892521], [78.3314752, 25.8925083], [78.3314799, 25.892507], [78.3315097, 25.8924988], [78.3315136, 25.8924977], [78.3315171, 25.8924967]]]}, "properties": {"objectid": 34229, "statename": "Madhya Pradesh", "statecode": "23", "districtname": "Gwalior", "districtcode": "421", "ulbname": "Dabra", "ulbcode": "802104", "wardname": "Ward 3", "wardcode": "3", "id": null, "status": "APPROVED", "misglobalid": null, "approved_by": null, "createdate": 1643827573000, "updateddate": 1659589373000, "globalid": "Kos5ncam-acsK-Pc5d-asRd-ml5RllddcP5B", "gisglobalid": "P6BR5Ron-55sd-PRaa-aB5n-Pmc6nPdmKasn", "remark": "", "st_area(shape)": 4.9030924246352495e-06, "st_perimeter(shape)": 0.010174199779251372}}, {"type": "Feature", "geometry": {"type": "Polygon", "coordinates": [[[78.3424008, 25.8895891], [78.3423784, 25.8895238], [78.3423373, 25.8894239], [78.3422936, 25.8893089], [78.3422792, 25.8892632], [78.3422647, 25.8892174], [78.3422634, 25.8892131], [78.3422625, 25.8892065], [78.3422538, 25.8891451], [78.3422465, 25.8890935], [78.3422465, 25.8890885], [78.3422464, 25.889084], [78.3422443, 25.8889316], [78.3421248, 25.8889234], [78.3420235, 25.888916], [78.3419001, 25.888911], [78.3418838, 25.8889105], [78.3418195, 25.8889086], [78.3417434, 25.8889062], [78.3416247, 25.8888923], [78.341527, 25.8888846], [78.3414391, 25.8888742], [78.3413994, 25.8888699], [78.3413559, 25.8888653], [78.3412589, 25.8888477], [78.3411708, 25.8888294], [78.341046, 25.8887951], [78.3410405, 25.8887936], [78.3409712, 25.8887771], [78.3409427, 25.8887709], [78.3408563, 25.8887521], [78.3408562, 25.8887521], [78.3407287, 25.8887244], [78.3407131, 25.888721], [78.3401913, 25.8886264], [78.3401372, 25.8886198], [78.3400545, 25.888606], [78.3399645, 25.8885914], [78.3398761, 25.8885737], [78.339768, 25.8885572], [78.3396831, 25.8885432], [78.3396003, 25.8885273], [78.3395548, 25.8885134], [78.3395508, 25.8885122], [78.3395445, 25.8885103], [78.3394495, 25.8884811], [78.3394185, 25.8884669], [78.3393802, 25.8884492], [78.339369, 25.8884445], [78.3387916, 25.8882305], [78.3387842, 25.8882279], [78.3385035, 25.8881188], [78.3383863, 25.8880827], [78.3383803, 25.8880808], [78.3383037, 25.8880572], [78.3382523, 25.8880413], [78.3381679, 25.8880181], [78.3380824, 25.8879947], [78.3380788, 25.8879937], [78.3380769, 25.8879932], [78.3380491, 25.8879856], [78.3379876, 25.8879687], [78.3377582, 25.8879061], [78.3373484, 25.8878126], [78.3373449, 25.8878118], [78.3373434, 25.8878115], [78.3373395, 25.8878106], [78.3373362, 25.8878217], [78.3373361, 25.8878219], [78.3373344, 25.8878278], [78.3372155, 25.8882254], [78.3371733, 25.8883664], [78.3371422, 25.8884705], [78.3371012, 25.8885973], [78.3370741, 25.888681], [78.3369971, 25.8888961], [78.3369503, 25.8890267], [78.3368798, 25.8892452], [78.3368565, 25.8893174], [78.3365011, 25.8903768], [78.3364894, 25.8904115], [78.3364284, 25.8906021], [78.3363882, 25.8907256], [78.3363874, 25.8907278], [78.3363559, 25.8908247], [78.3363439, 25.8908615], [78.3362845, 25.8910498], [78.3361233, 25.8915736], [78.336109, 25.8916228], [78.3359904, 25.8919813], [78.3359021, 25.8922659], [78.3357819, 25.892622], [78.3356839, 25.8929385], [78.3356592, 25.8930102], [78.335555, 25.8933129], [78.3355043, 25.8934603], [78.3354624, 25.8935891], [78.3354477, 25.8936342], [78.3354145, 25.893736], [78.3352332, 25.8942771], [78.335175, 25.8944642], [78.3351726, 25.8944719], [78.3351691, 25.894483], [78.3351232, 25.8946306], [78.335114, 25.8946603], [78.335101, 25.8947017], [78.3350319, 25.8949229], [78.3350621, 25.8949274], [78.3351027, 25.8949335], [78.3351084, 25.8949343], [78.3351414, 25.8949392], [78.3352435, 25.8949545], [78.3354776, 25.8949919], [78.3357795, 25.8949461], [78.3358024, 25.8949426], [78.3358521, 25.894935], [78.3360504, 25.8949049], [78.3361201, 25.8949019], [78.3363744, 25.8948909], [78.336395, 25.89489], [78.3363957, 25.894894], [78.3364218, 25.8950456], [78.3364446, 25.8951786], [78.3364607, 25.8952722], [78.3364777, 25.8952844], [78.3365957, 25.8953689], [78.3367496, 25.8954683], [78.3369491, 25.8955908], [78.3370786, 25.8956748], [78.3371656, 25.8957551], [78.3372485, 25.895814], [78.3373456, 25.8958856], [78.3374117, 25.8959402], [78.3374486, 25.895981], [78.337471, 25.8961537], [78.3374951, 25.8964724], [78.3375121, 25.8965331], [78.3375166, 25.8965389], [78.3375335, 25.8965432], [78.3375665, 25.8965413], [78.3376901, 25.8964776], [78.3378852, 25.8964084], [78.3379167, 25.8964046], [78.3379367, 25.8964094], [78.3380323, 25.8965], [78.338167, 25.896678], [78.3382548, 25.8968063], [78.3383451, 25.8969217], [78.3384041, 25.8969792], [78.3384453, 25.897003], [78.3384858, 25.8970101], [78.3385306, 25.8970063], [78.3385637, 25.8969903], [78.338593, 25.896956], [78.3386571, 25.8968426], [78.3386424, 25.896773], [78.3385891, 25.896693], [78.338516, 25.8966547], [78.3381781, 25.8962215], [78.3380876, 25.8960452], [78.3383348, 25.8959294], [78.3382572, 25.8957572], [78.3382289, 25.895679], [78.3381848, 25.8955385], [78.3379998, 25.895178], [78.3383067, 25.8950788], [78.3380464, 25.8945355], [78.3380134, 25.8945388], [78.3379983, 25.8945559], [78.3378778, 25.8946371], [78.3378401, 25.8946498], [78.3377994, 25.8946429], [78.337739, 25.8946069], [78.3377387, 25.8946067], [78.3376952, 25.8945866], [78.3376533, 25.8945858], [78.3376325, 25.8945754], [78.3376189, 25.8945686], [78.337769, 25.8944936], [78.3378303, 25.8944791], [78.3379582, 25.8944489], [78.3379737, 25.8944455], [78.3381609, 25.8944046], [78.3384332, 25.8943452], [78.3384263, 25.8942963], [78.3384393, 25.8942952], [78.3384524, 25.8942941], [78.3387233, 25.894218], [78.3387515, 25.8943104], [78.3387617, 25.8943437], [78.3387721, 25.8943777], [78.3387673, 25.8944252], [78.3387739, 25.8944701], [78.3387849, 25.8944969], [78.3388328, 25.8945481], [78.3388529, 25.8945613], [78.3388745, 25.8945646], [78.3388875, 25.8945729], [78.3388962, 25.8945951], [78.3389193, 25.8946328], [78.3389528, 25.8946593], [78.3389845, 25.8946613], [78.3390549, 25.8946626], [78.3390951, 25.894669], [78.3391342, 25.8946851], [78.3391794, 25.8947105], [78.3392271, 25.8947211], [78.339284, 25.8947089], [78.3393744, 25.8946839], [78.3394192, 25.894656], [78.3394502, 25.8946208], [78.3395023, 25.8945485], [78.3395332, 25.8945316], [78.3395648, 25.8945273], [78.3396, 25.8945341], [78.33963, 25.894547], [78.3396532, 25.894557], [78.3397055, 25.8946008], [78.3397308, 25.8946478], [78.3397813, 25.8947582], [78.339835, 25.894846], [78.3398629, 25.894905], [78.3398831, 25.894988], [78.3399022, 25.8950453], [78.3399145, 25.8950796], [78.3399367, 25.8951011], [78.3399843, 25.8951188], [78.3400595, 25.8951047], [78.3401415, 25.8950907], [78.34019, 25.8950748], [78.3402446, 25.8950304], [78.3402834, 25.8949867], [78.3403055, 25.894898], [78.3403225, 25.8948002], [78.3403268, 25.8947513], [78.3403214, 25.894721], [78.3402892, 25.8945397], [78.3402792, 25.8945125], [78.3402722, 25.8945064], [78.3402662, 25.8945055], [78.3402559, 25.8945134], [78.3402429, 25.8945202], [78.3402362, 25.894518], [78.34023, 25.8945103], [78.3402329, 25.8944995], [78.3402465, 25.8944828], [78.3402749, 25.8944402], [78.3403034, 25.8944143], [78.3403474, 25.8943905], [78.3404233, 25.8943624], [78.3405447, 25.8943221], [78.3405871, 25.8942965], [78.3406337, 25.8942509], [78.3406552, 25.8942163], [78.3406824, 25.8941723], [78.3407036, 25.8940721], [78.3406987, 25.894062], [78.341271, 25.8938345], [78.3412908, 25.8938266], [78.3412472, 25.8937262], [78.3412404, 25.8937108], [78.3411962, 25.8936109], [78.3411887, 25.8935941], [78.3411717, 25.8935555], [78.3410944, 25.8934255], [78.3410604, 25.8933683], [78.3410524, 25.893348], [78.3410471, 25.8933346], [78.3409942, 25.8931997], [78.3409627, 25.8931194], [78.3409038, 25.8929854], [78.3408338, 25.8928263], [78.3408212, 25.892805], [78.3408198, 25.8928026], [78.3408185, 25.8928005], [78.3409883, 25.8927167], [78.3410233, 25.8926902], [78.3410695, 25.8926551], [78.3411449, 25.8926008], [78.3411932, 25.8925672], [78.3412186, 25.8925508], [78.3413596, 25.8924677], [78.3414149, 25.8924405], [78.3414311, 25.8924324], [78.3414525, 25.8924219], [78.3415285, 25.8923888], [78.3415859, 25.8923637], [78.3416592, 25.8923384], [78.3417315, 25.8923135], [78.3418598, 25.8922693], [78.341912, 25.8922494], [78.3419762, 25.892225], [78.3419887, 25.8922197], [78.3420344, 25.8922], [78.3420638, 25.8921874], [78.3421413, 25.892145], [78.3421898, 25.8921162], [78.3422212, 25.8920903], [78.3422239, 25.8920869], [78.3422316, 25.8920768], [78.3422434, 25.8920616], [78.3422538, 25.8920422], [78.3422546, 25.8920408], [78.3422671, 25.8920176], [78.342291, 25.8919821], [78.3422983, 25.8919712], [78.3423267, 25.8919147], [78.3423516, 25.8918656], [78.3423558, 25.8918573], [78.3423823, 25.8918048], [78.342419, 25.8917011], [78.342452, 25.8916214], [78.3424636, 25.8915943], [78.3424653, 25.8915904], [78.3424697, 25.8915704], [78.3424723, 25.8915412], [78.3424718, 25.891516], [78.3424421, 25.8914288], [78.3424281, 25.8913877], [78.3424165, 25.8913512], [78.3424349, 25.8913467], [78.3424381, 25.8913459], [78.3426009, 25.8913091], [78.3426873, 25.8912904], [78.3426994, 25.8912881], [78.3427133, 25.8912855], [78.3427132, 25.891285], [78.3427087, 25.8912662], [78.3427057, 25.8912551], [78.3426844, 25.8911754], [78.3425514, 25.8911983], [78.3425442, 25.891179], [78.3425362, 25.8911585], [78.3424945, 25.8911694], [78.342493, 25.8911698], [78.3424465, 25.8910185], [78.3423533, 25.8907239], [78.3423295, 25.8906589], [78.3422818, 25.8905208], [78.3422285, 25.8903878], [78.3422073, 25.8903327], [78.3421958, 25.8903029], [78.3421737, 25.8902511], [78.3421768, 25.89025], [78.3421821, 25.8902482], [78.3421924, 25.8902446], [78.3422281, 25.8902323], [78.342274, 25.8902164], [78.3423193, 25.8902008], [78.3423245, 25.890199], [78.3423321, 25.8901964], [78.3423329, 25.8901961], [78.3424063, 25.8901707], [78.3424141, 25.890168], [78.3424189, 25.8901664], [78.3424556, 25.8901537], [78.342465, 25.8901505], [78.342471, 25.8901484], [78.3424831, 25.8901442], [78.3425442, 25.8901231], [78.3425052, 25.8900174], [78.3425041, 25.8900142], [78.3424977, 25.8899998], [78.3425254, 25.8899911], [78.3425148, 25.8899614], [78.3425102, 25.889946], [78.3424972, 25.8899023], [78.3424716, 25.8898164], [78.342434, 25.8896916], [78.3424205, 25.8896466], [78.3424058, 25.8896038], [78.3424008, 25.8895894], [78.3424008, 25.8895891]]]}, "properties": {"objectid": 34230, "statename": "Madhya Pradesh", "statecode": "23", "districtname": "Gwalior", "districtcode": "421", "ulbname": "Dabra", "ulbcode": "802104", "wardname": "Ward 9", "wardcode": "9", "id": null, "status": "APPROVED", "misglobalid": null, "approved_by": null, "createdate": 1643827573000, "updateddate": 1659589497000, "globalid": "n4lR4omn-RQ4l-P55P-Radn-sa5scBmBnQdm", "gisglobalid": "laacsQKn-dB64-Pond-andd-cKm65cdlla55", "remark": "", "st_area(shape)": 3.799702375580843e-05, "st_perimeter(shape)": 0.03332740012579132}}, {"type": "Feature", "geometry": {"type": "Polygon", "coordinates": [[[78.3248341, 25.8840362], [78.3248219, 25.8840413], [78.3247994, 25.8840508], [78.3247892, 25.8840352], [78.3247586, 25.8839884], [78.3247586, 25.8839883], [78.3247018, 25.8838994], [78.3245683, 25.8836906], [78.3244896, 25.8835676], [78.3243241, 25.8833089], [78.3243217, 25.8833052], [78.3243144, 25.8832938], [78.32417, 25.883069], [78.3239796, 25.8827686], [78.3238886, 25.8826196], [78.3238828, 25.8826101], [78.323581, 25.8821386], [78.3235806, 25.8821382], [78.3235515, 25.8820928], [78.3235449, 25.8820962], [78.3235216, 25.882108], [78.3233346, 25.8822033], [78.3232049, 25.8822694], [78.3232008, 25.8822713], [78.3230305, 25.8823482], [78.3228929, 25.8824103], [78.3228478, 25.8824237], [78.3223143, 25.8826137], [78.322053, 25.8827049], [78.3220623, 25.882726], [78.3220963, 25.8828155], [78.322097, 25.8828173], [78.3220994, 25.8828231], [78.3221464, 25.8829376], [78.3221631, 25.8830144], [78.3221665, 25.8830301], [78.3221585, 25.8831992], [78.3221629, 25.8835628], [78.3221617, 25.8837209], [78.3221601, 25.8839496], [78.3221332, 25.8839763], [78.3219773, 25.8840209], [78.3219437, 25.8840401], [78.3218884, 25.8840894], [78.3218964, 25.8841228], [78.3219195, 25.8841458], [78.3219424, 25.8841764], [78.3219376, 25.8842302], [78.3219777, 25.8843352], [78.3220142, 25.8844039], [78.3220396, 25.8844378], [78.3221698, 25.8846469], [78.3222742, 25.8848078], [78.3223098, 25.8848626], [78.3223113, 25.884865], [78.3223135, 25.8848686], [78.3225021, 25.8847902], [78.3225082, 25.8847893], [78.3225123, 25.8847922], [78.3225164, 25.884795], [78.3226855, 25.8850592], [78.3227294, 25.8851054], [78.3227558, 25.8851221], [78.3227742, 25.8851253], [78.3227768, 25.8851257], [78.3228136, 25.8851231], [78.3229543, 25.8850576], [78.3233126, 25.8848796], [78.3233195, 25.8848762], [78.3236753, 25.8846883], [78.3237678, 25.8846377], [78.3238588, 25.8845879], [78.3238749, 25.884583], [78.3239007, 25.8845751], [78.3239404, 25.8845774], [78.3239775, 25.8845901], [78.3240155, 25.8846367], [78.3240869, 25.8847514], [78.3242004, 25.8849284], [78.3242986, 25.8850816], [78.3243506, 25.8851626], [78.3243673, 25.8851884], [78.3244309, 25.8852818], [78.3244743, 25.8853457], [78.3245926, 25.8855364], [78.3245945, 25.8855395], [78.3245997, 25.8855479], [78.3246058, 25.8855577], [78.3246186, 25.8855509], [78.3246259, 25.885547], [78.3246505, 25.8855339], [78.3246654, 25.885526], [78.3247577, 25.885477], [78.3249145, 25.8853936], [78.3251239, 25.8852846], [78.3253593, 25.8851621], [78.325467, 25.8851024], [78.3254501, 25.8850778], [78.3253787, 25.8849555], [78.325256, 25.884745], [78.3252533, 25.8847404], [78.3252516, 25.8847374], [78.3252465, 25.8847283], [78.3251323, 25.8845266], [78.3251246, 25.8845118], [78.3251035, 25.884478], [78.3250575, 25.8844039], [78.3250226, 25.8843478], [78.3249603, 25.8842476], [78.3249517, 25.8842331], [78.3249451, 25.884222], [78.3248806, 25.8841141], [78.3248536, 25.8840688], [78.3248342, 25.8840363], [78.3248341, 25.8840362]]]}, "properties": {"objectid": 34232, "statename": "Madhya Pradesh", "statecode": "23", "districtname": "Gwalior", "districtcode": "421", "ulbname": "Dabra", "ulbcode": "802104", "wardname": "Ward 20", "wardcode": "20", "id": null, "status": "APPROVED", "misglobalid": null, "approved_by": null, "createdate": 1643827573000, "updateddate": 1659589590000, "globalid": "oKQ4lds6-na65-PmcR-al64-cdsa6Qs5nBmB", "gisglobalid": "B5nlRPnQ-s6mR-Pdn6-aaR5-BoQQas6oKmoa", "remark": "", "st_area(shape)": 6.503772440665004e-06, "st_perimeter(shape)": 0.01181446953225821}}, {"type": "Feature", "geometry": {"type": "Polygon", "coordinates": [[[78.324342, 25.8893647], [78.3243408, 25.8892994], [78.3243386, 25.8891814], [78.3243379, 25.8891406], [78.3243379, 25.8891389], [78.3243368, 25.8890805], [78.3243363, 25.8890511], [78.3243355, 25.8890085], [78.3243594, 25.8889654], [78.3243843, 25.8889217], [78.3243855, 25.8889196], [78.3244179, 25.88886], [78.3244238, 25.8888493], [78.3244298, 25.8888385], [78.3244301, 25.888838], [78.3244361, 25.8888265], [78.3244379, 25.8888229], [78.3244771, 25.8887471], [78.3244788, 25.8887436], [78.3244806, 25.8887402], [78.3244806, 25.8887402], [78.3244799, 25.8887397], [78.3244736, 25.888736], [78.3244662, 25.8887316], [78.3244659, 25.8887315], [78.324459, 25.8887274], [78.3244061, 25.8886964], [78.3244647, 25.8886204], [78.3245311, 25.8885143], [78.3245649, 25.8884604], [78.3245999, 25.8883985], [78.3246303, 25.8883446], [78.324637, 25.8883339], [78.3246574, 25.8883014], [78.3246772, 25.8882681], [78.3246792, 25.8882647], [78.3246954, 25.8882376], [78.3246982, 25.8882329], [78.3247515, 25.8881436], [78.3247516, 25.8881433], [78.3248225, 25.8880245], [78.3248832, 25.8879228], [78.324898, 25.8879003], [78.3250414, 25.8876826], [78.3250423, 25.8876813], [78.325167, 25.8874919], [78.3251931, 25.8874522], [78.3251932, 25.8874521], [78.3251947, 25.8874498], [78.3252634, 25.8873383], [78.3253368, 25.8872193], [78.3253371, 25.8872189], [78.3254646, 25.8870121], [78.3254647, 25.8870119], [78.325509, 25.88694], [78.3255554, 25.8868648], [78.32557, 25.8868412], [78.3256016, 25.88679], [78.3256078, 25.8867804], [78.3256085, 25.8867792], [78.3257013, 25.8866344], [78.3258188, 25.8866982], [78.3260892, 25.8868508], [78.3260904, 25.8868514], [78.326316, 25.8869722], [78.3268606, 25.8872673], [78.3268621, 25.8872682], [78.3268627, 25.8872673], [78.3268628, 25.8872673], [78.3268632, 25.8872667], [78.3269324, 25.887165], [78.3269964, 25.8870709], [78.3270001, 25.8870655], [78.3271436, 25.8868559], [78.3271827, 25.8867988], [78.3271827, 25.8867988], [78.3272161, 25.8867501], [78.3272222, 25.8867413], [78.327251, 25.8866885], [78.3272826, 25.8866382], [78.3273607, 25.8865142], [78.3273632, 25.8865103], [78.3272395, 25.8864261], [78.3272144, 25.886409], [78.3271696, 25.8863759], [78.3271664, 25.8863736], [78.3270705, 25.8862737], [78.3270301, 25.8862173], [78.3270019, 25.8861781], [78.3270003, 25.8861757], [78.326934, 25.8860787], [78.3268746, 25.8859837], [78.326796, 25.8858713], [78.3266747, 25.8856407], [78.3266151, 25.8855353], [78.3266052, 25.8855178], [78.3265595, 25.8854456], [78.3265531, 25.8854355], [78.3265383, 25.8854162], [78.3264969, 25.8853624], [78.3264899, 25.8853533], [78.3264776, 25.8853386], [78.326423, 25.8852644], [78.3263072, 25.8851068], [78.3261734, 25.8849058], [78.32615, 25.8848707], [78.3261388, 25.8848515], [78.3261199, 25.8848191], [78.3261055, 25.8847921], [78.3260996, 25.8847764], [78.3260966, 25.8847686], [78.3260948, 25.884757], [78.3260944, 25.8847544], [78.3260944, 25.8847542], [78.3260914, 25.8847346], [78.3260909, 25.8847315], [78.3260902, 25.8847271], [78.3260868, 25.8847162], [78.3260842, 25.8847083], [78.3260829, 25.884704], [78.3260713, 25.8846874], [78.3260589, 25.8846695], [78.3260443, 25.8846487], [78.3260319, 25.8846308], [78.3259908, 25.8845718], [78.3259787, 25.8845466], [78.3259749, 25.8845387], [78.3259281, 25.8844413], [78.3259203, 25.8844251], [78.3259013, 25.8843912], [78.3258747, 25.8843436], [78.3258659, 25.8843304], [78.3258542, 25.8843127], [78.3257449, 25.8841408], [78.3256606, 25.8840081], [78.325632, 25.8839632], [78.3256068, 25.8839236], [78.3255928, 25.8839015], [78.3255928, 25.8839015], [78.3255456, 25.8838274], [78.325532, 25.8838059], [78.3254903, 25.8837403], [78.3254805, 25.883725], [78.3254788, 25.8837259], [78.3254654, 25.8837326], [78.3254649, 25.8837329], [78.3254648, 25.8837329], [78.3252237, 25.883852], [78.3252156, 25.883856], [78.3251435, 25.8838918], [78.3250304, 25.883948], [78.3249479, 25.8839851], [78.3248371, 25.884035], [78.3248341, 25.8840362], [78.3248342, 25.8840363], [78.3248536, 25.8840688], [78.3248806, 25.8841141], [78.3249451, 25.884222], [78.3249517, 25.8842331], [78.3249603, 25.8842476], [78.3250226, 25.8843478], [78.3250575, 25.8844039], [78.3251035, 25.884478], [78.3251246, 25.8845118], [78.3251323, 25.8845266], [78.3252465, 25.8847283], [78.3252516, 25.8847374], [78.3252533, 25.8847404], [78.325256, 25.884745], [78.3253787, 25.8849555], [78.3254501, 25.8850778], [78.325467, 25.8851024], [78.3253593, 25.8851621], [78.3251239, 25.8852846], [78.3249145, 25.8853936], [78.3247577, 25.885477], [78.3246654, 25.885526], [78.3246505, 25.8855339], [78.3246259, 25.885547], [78.3246186, 25.8855509], [78.3246058, 25.8855577], [78.3245997, 25.8855479], [78.3245945, 25.8855395], [78.3245926, 25.8855364], [78.3244743, 25.8853457], [78.3244309, 25.8852818], [78.3243673, 25.8851884], [78.3243506, 25.8851626], [78.3242986, 25.8850816], [78.3242004, 25.8849284], [78.3240869, 25.8847514], [78.3240155, 25.8846367], [78.3239775, 25.8845901], [78.3239404, 25.8845774], [78.3239007, 25.8845751], [78.3238749, 25.884583], [78.3238588, 25.8845879], [78.3237678, 25.8846377], [78.3236753, 25.8846883], [78.3233195, 25.8848762], [78.3233126, 25.8848796], [78.3229543, 25.8850576], [78.3228136, 25.8851231], [78.3227768, 25.8851257], [78.3227742, 25.8851253], [78.3227558, 25.8851221], [78.3227294, 25.8851054], [78.3226855, 25.8850592], [78.3225164, 25.884795], [78.3225123, 25.8847922], [78.3225082, 25.8847893], [78.3225021, 25.8847902], [78.3223135, 25.8848686], [78.3223129, 25.884869], [78.3223125, 25.8848693], [78.3222967, 25.8848806], [78.3223438, 25.8849538], [78.3225155, 25.8852248], [78.3227759, 25.8856088], [78.3232661, 25.8863332], [78.323359, 25.8864768], [78.3235542, 25.8867911], [78.323562, 25.8868041], [78.3237302, 25.8870862], [78.3238788, 25.887371], [78.323903, 25.8874237], [78.3235734, 25.8875658], [78.3235159, 25.8875906], [78.3234877, 25.887629], [78.3235103, 25.8876631], [78.3235344, 25.8876996], [78.3235821, 25.887772], [78.3236095, 25.8878097], [78.3236358, 25.8878459], [78.3236484, 25.8878633], [78.3236508, 25.8879304], [78.3236404, 25.8879867], [78.3236204, 25.8880948], [78.323613, 25.8881346], [78.323596, 25.8881961], [78.3235604, 25.8882523], [78.3235596, 25.8882537], [78.3235716, 25.8883263], [78.3235705, 25.8883429], [78.3235697, 25.8883559], [78.3235599, 25.8884021], [78.3234648, 25.8885911], [78.3233701, 25.8887668], [78.3233855, 25.8887971], [78.3236608, 25.8893392], [78.3238471, 25.8896794], [78.3238867, 25.8896835], [78.3239789, 25.8894527], [78.3239811, 25.8894472], [78.3240559, 25.8894695], [78.3240559, 25.8894695], [78.3240793, 25.8894746], [78.3240793, 25.8894745], [78.3241426, 25.889306], [78.3241636, 25.8893101], [78.3242492, 25.8893367], [78.3242834, 25.8893466], [78.3243234, 25.8893583], [78.3243413, 25.8893645], [78.324342, 25.8893647]]]}, "properties": {"objectid": 34233, "statename": "Madhya Pradesh", "statecode": "23", "districtname": "Gwalior", "districtcode": "421", "ulbname": "Dabra", "ulbcode": "802104", "wardname": "Ward 24", "wardcode": "24", "id": null, "status": "APPROVED", "misglobalid": null, "approved_by": null, "createdate": 1643827573000, "updateddate": 1659589629000, "globalid": "Rao4d55d-R4Pl-Pmom-smon-nssRRcQn5ssP", "gisglobalid": "s4BR6Pdl-m4o4-PocQ-asBQ-6aQccsKldRRm", "remark": "", "st_area(shape)": 1.1269363061119065e-05, "st_perimeter(shape)": 0.021444051754218006}}, {"type": "Feature", "geometry": {"type": "Polygon", "coordinates": [[[78.3304057, 25.8816336], [78.330412, 25.881656], [78.3304059, 25.8816337], [78.3304057, 25.8816336]]]}, "properties": {"objectid": 128911, "statename": "Madhya Pradesh", "statecode": "23", "districtname": "Gwalior", "districtcode": "421", "ulbname": "Dabra", "ulbcode": "802104", "wardname": "Ward 25", "wardcode": "25", "id": null, "status": "APPROVED", "misglobalid": null, "approved_by": null, "createdate": 1643827573000, "updateddate": 1659589638000, "globalid": null, "gisglobalid": "BBRaR5c4-od44-PRPa-s64a-co56BQn6KBK5", "remark": "", "st_area(shape)": 1.1417570300969666e-12, "st_perimeter(shape)": 4.649315276481795e-05}}, {"type": "Feature", "geometry": {"type": "Polygon", "coordinates": [[[78.3304057, 25.8816336], [78.330412, 25.881656], [78.3304059, 25.8816337], [78.3304057, 25.8816336]]]}, "properties": {"objectid": 129337, "statename": "Madhya Pradesh", "statecode": "23", "districtname": "Gwalior", "districtcode": "421", "ulbname": "Dabra", "ulbcode": "802104", "wardname": "Ward 26", "wardcode": "26", "id": null, "status": "APPROVED", "misglobalid": null, "approved_by": null, "createdate": 1643827573000, "updateddate": 1659589648000, "globalid": null, "gisglobalid": "P4c44dol-mKdR-Pnlm-RaK4-6B4RKRmcKBBm", "remark": "", "st_area(shape)": 1.1417570300969666e-12, "st_perimeter(shape)": 4.649315276481795e-05}}, {"type": "Feature", "geometry": {"type": "Polygon", "coordinates": [[[78.1642589, 26.193832], [78.1628767, 26.1940652], [78.1603976, 26.1948256], [78.1595022, 26.1951305], [78.1589348, 26.1953237], [78.1586032, 26.1955041], [78.1554952, 26.1966019], [78.1544514, 26.1967992], [78.1541516, 26.1971126], [78.1543165, 26.1974701], [78.1545407, 26.1978598], [78.1546822, 26.1981294], [78.1550151, 26.1983756], [78.1566328, 26.2001495], [78.1569104, 26.2005158], [78.1569947, 26.2006631], [78.1571986, 26.2013311], [78.1572586, 26.2016053], [78.1575952, 26.2018565], [78.1580119, 26.2019569], [78.1581999, 26.2018812], [78.1585318, 26.2021329], [78.1585874, 26.2022085], [78.1586985, 26.2023095], [78.15882, 26.2023722], [78.1588741, 26.2021635], [78.1588678, 26.202123], [78.1587994, 26.201846], [78.1587237, 26.2016016], [78.1587154, 26.2015496], [78.1586245, 26.2012855], [78.1583842, 26.2009797], [78.1575912, 26.199511], [78.1573959, 26.1990479], [78.1572746, 26.1985291], [78.1574192, 26.1984155], [78.1577928, 26.1983457], [78.1579645, 26.1982409], [78.1581764, 26.1982393], [78.1582967, 26.198302], [78.1584169, 26.1983411], [78.1585139, 26.198382], [78.1586763, 26.1983784], [78.1596212, 26.1978785], [78.1599211, 26.1982534], [78.1615845, 26.200416], [78.1624299, 26.2001321], [78.164202, 26.1989629], [78.1662374, 26.1978047], [78.1643753, 26.1938123], [78.1642589, 26.193832]]]}, "properties": {"objectid": 215706, "statename": "Madhya Pradesh", "statecode": "23", "districtname": "Gwalior", "districtcode": "421", "ulbname": "Gwalior", "ulbcode": "802100", "wardname": "Achaleshwar Ward", "wardcode": "45", "id": null, "status": "APPROVED", "misglobalid": null, "approved_by": null, "createdate": 1647250070000, "updateddate": 1648194202000, "globalid": null, "gisglobalid": "6c6Q45aK-K4ad-PlPs-aQcQ-aKmQ6PlRms5l", "remark": "", "st_area(shape)": 4.635649089074467e-05, "st_perimeter(shape)": 0.03801672679547967}}, {"type": "Feature", "geometry": {"type": "Polygon", "coordinates": [[[78.1790567, 26.21483], [78.1791412, 26.2146554], [78.1793278, 26.2142484], [78.1794714, 26.2136588], [78.1794988, 26.2135046], [78.1796434, 26.2128895], [78.1798382, 26.2127017], [78.1799671, 26.2127933], [78.1796763, 26.2119663], [78.1794415, 26.2105855], [78.1794008, 26.2104074], [78.1796955, 26.2092954], [78.1797764, 26.2091371], [78.1804738, 26.207969], [78.1806211, 26.2077677], [78.1813432, 26.2067578], [78.1814086, 26.206711], [78.1818428, 26.2055207], [78.1819693, 26.2042024], [78.1824828, 26.1988485], [78.1831458, 26.1939179], [78.1826677, 26.1917615], [78.1821958, 26.191275], [78.1808123, 26.1898491], [78.1765617, 26.1876821], [78.1743284, 26.1860021], [78.1743069, 26.1859859], [78.1744111, 26.1881187], [78.173853, 26.1904835], [78.1738306, 26.1905598], [78.1732194, 26.1919131], [78.1731053, 26.1921189], [78.1728302, 26.1926936], [78.1723704, 26.1932632], [78.1731595, 26.1937618], [78.1731976, 26.1937585], [78.173093, 26.194257], [78.172837, 26.1950535], [78.1728563, 26.1952277], [78.1730199, 26.1959555], [78.173041, 26.196131], [78.1733012, 26.1969965], [78.1733185, 26.1971377], [78.1733315, 26.1972437], [78.1737023, 26.1980337], [78.1737582, 26.1981719], [78.1738611, 26.1983773], [78.1738815, 26.1985539], [78.1736522, 26.199289], [78.171763, 26.1996664], [78.1703381, 26.1999718], [78.1685903, 26.2003064], [78.1675226, 26.2006247], [78.167072, 26.2004588], [78.1668545, 26.2000431], [78.1662506, 26.1984096], [78.1650188, 26.199607], [78.1648883, 26.1997202], [78.1640294, 26.200509], [78.1634439, 26.2011721], [78.1637496, 26.2016328], [78.1637806, 26.2016558], [78.1639756, 26.2021517], [78.164049, 26.202581], [78.1640367, 26.2030173], [78.1640446, 26.2030934], [78.1639496, 26.2035373], [78.1641865, 26.2036198], [78.1643983, 26.2037303], [78.1655345, 26.2042239], [78.1656958, 26.2044146], [78.1651208, 26.2046184], [78.1647588, 26.204982], [78.1643284, 26.2052244], [78.1638724, 26.205495], [78.1636674, 26.2057181], [78.1634559, 26.2058602], [78.1635897, 26.206065], [78.1639191, 26.2066456], [78.1650236, 26.207528], [78.1653225, 26.2077956], [78.1657216, 26.2081473], [78.1658668, 26.2083577], [78.1660309, 26.2087056], [78.1660546, 26.2087559], [78.1662537, 26.2090777], [78.1665195, 26.2095867], [78.1667322, 26.2099307], [78.1670631, 26.2103447], [78.1671138, 26.2104377], [78.1673205, 26.2109785], [78.1675759, 26.2114527], [78.1676811, 26.2116321], [78.1677428, 26.2117437], [78.1677807, 26.2118676], [78.1681268, 26.2128964], [78.1685671, 26.2131447], [78.1698069, 26.2135839], [78.1718523, 26.2141535], [78.1732372, 26.2142866], [78.1767593, 26.2148719], [78.1777048, 26.2147416], [78.1790567, 26.21483]]]}, "properties": {"objectid": 215707, "statename": "Madhya Pradesh", "statecode": "23", "districtname": "Gwalior", "districtcode": "421", "ulbname": "Gwalior", "ulbcode": "802100", "wardname": "Mahadji Sindhiya Ward", "wardcode": "58", "id": null, "status": "APPROVED", "misglobalid": null, "approved_by": null, "createdate": 1647250349000, "updateddate": 1648194324000, "globalid": null, "gisglobalid": "PolncR5l-s4lo-P4Kl-QoKs-Qs5Q6aRRQnBm", "remark": "", "st_area(shape)": 0.0003261527837268776, "st_perimeter(shape)": 0.08904923763636093}}, {"type": "Feature", "geometry": {"type": "Polygon", "coordinates": [[[78.2064705, 26.2148721], [78.2072472, 26.2149586], [78.206861, 26.2190129], [78.2090141, 26.219168], [78.2096756, 26.2191013], [78.2100399, 26.2197123], [78.2100035, 26.2199401], [78.209611, 26.2200494], [78.2096224, 26.220269], [78.2098433, 26.220653], [78.209993, 26.2207906], [78.2102077, 26.2211245], [78.2104837, 26.2211398], [78.2112444, 26.2210395], [78.2112634, 26.2204064], [78.211321, 26.2202043], [78.2111454, 26.2199996], [78.2107917, 26.2199877], [78.2106194, 26.2198994], [78.21053, 26.219731], [78.2103241, 26.2190529], [78.2101811, 26.2186027], [78.2098555, 26.2174645], [78.2098553, 26.2174148], [78.2095985, 26.2166047], [78.2096348, 26.215951], [78.2097064, 26.2154038], [78.2097063, 26.2153574], [78.2097767, 26.2151711], [78.2103611, 26.2151268], [78.2108953, 26.2152678], [78.2111637, 26.2152173], [78.2111637, 26.2152174], [78.2113114, 26.2149871], [78.2112571, 26.2147583], [78.2108473, 26.2144943], [78.2108267, 26.2142496], [78.2108892, 26.2140947], [78.2109978, 26.2140699], [78.2115101, 26.2139203], [78.2119751, 26.2138767], [78.2116248, 26.2127755], [78.2114331, 26.2127733], [78.2111887, 26.2128093], [78.211149, 26.2128347], [78.2107517, 26.2128797], [78.210449, 26.212875], [78.2102812, 26.2127698], [78.2102686, 26.2124348], [78.2100894, 26.2123681], [78.2092929, 26.2123587], [78.2085329, 26.212273], [78.2080296, 26.2122456], [78.2079072, 26.2122389], [78.2072588, 26.2122312], [78.2071878, 26.2098312], [78.2069342, 26.2098083], [78.2057611, 26.2095839], [78.2055667, 26.2093189], [78.2053276, 26.2090166], [78.20511, 26.2087161], [78.2049206, 26.2086026], [78.2046694, 26.2084886], [78.204438, 26.2083382], [78.2042669, 26.2080606], [78.2041606, 26.2078034], [78.2037909, 26.2077079], [78.2034633, 26.2075402], [78.2027636, 26.2087824], [78.2026135, 26.2088384], [78.2019424, 26.2096696], [78.2020205, 26.2099058], [78.2023094, 26.2101615], [78.2025495, 26.2102983], [78.202908, 26.2103288], [78.2030863, 26.2104603], [78.2029941, 26.2118261], [78.202949, 26.2127326], [78.202906, 26.2131693], [78.2028923, 26.2137632], [78.2028833, 26.2140871], [78.2029528, 26.2143592], [78.2064705, 26.2148721]], [[78.2072472, 26.2149586], [78.2072523, 26.2149054], [78.2072552, 26.2149595], [78.2072472, 26.2149586]]]}, "properties": {"objectid": 216101, "statename": "Madhya Pradesh", "statecode": "23", "districtname": "Gwalior", "districtcode": "421", "ulbname": "Gwalior", "ulbcode": "802100", "wardname": "Swami Dayanand Ward", "wardcode": "24", "id": null, "status": "APPROVED", "misglobalid": null, "approved_by": null, "createdate": 1647249402000, "updateddate": 1648193951000, "globalid": null, "gisglobalid": "5Q5BPsRa-B6dc-PP4s-Qdsl-5aRnPsBlQQPK", "remark": "", "st_area(shape)": 5.06970542872032e-05, "st_perimeter(shape)": 0.04653310816206939}}, {"type": "Feature", "geometry": {"type": "Polygon", "coordinates": [[[78.2225403, 26.2232643], [78.2225841, 26.2232578], [78.2226838, 26.2232342], [78.2248206, 26.2228149], [78.2244497, 26.2212861], [78.2244796, 26.2208304], [78.2244735, 26.220776], [78.2244277, 26.2203632], [78.2242827, 26.2200666], [78.2239421, 26.2196593], [78.2238548, 26.2193363], [78.2245545, 26.2189302], [78.2245967, 26.218646], [78.2245779, 26.2184813], [78.2243379, 26.2170006], [78.224313, 26.2165792], [78.2239559, 26.2159975], [78.2239695, 26.2157701], [78.2239085, 26.2154815], [78.2238339, 26.2154737], [78.2235248, 26.2154717], [78.2219409, 26.2154614], [78.2219475, 26.2162801], [78.2207834, 26.2162415], [78.2191563, 26.2163928], [78.2190209, 26.2164054], [78.2188854, 26.2163922], [78.2181587, 26.2164189], [78.2171886, 26.216663], [78.2171767, 26.216668], [78.2171799, 26.2167345], [78.2171802, 26.2167616], [78.2174005, 26.21728], [78.2177748, 26.2178143], [78.2180622, 26.218545], [78.2181296, 26.2186485], [78.2187199, 26.2192113], [78.2190711, 26.219225], [78.2192802, 26.2192631], [78.219416, 26.2193371], [78.219598, 26.2195429], [78.2197426, 26.2198132], [78.2198679, 26.2199641], [78.2203723, 26.2199877], [78.2205407, 26.2203208], [78.220637, 26.2207291], [78.220817, 26.2214901], [78.2207451, 26.2219055], [78.2206966, 26.2219491], [78.2204472, 26.2222692], [78.2199825, 26.2224815], [78.2200987, 26.2224891], [78.2206602, 26.2227639], [78.2210744, 26.2232209], [78.2214353, 26.2234257], [78.2217812, 26.22341], [78.2224031, 26.2232846], [78.2225403, 26.2232643]]]}, "properties": {"objectid": 216103, "statename": "Madhya Pradesh", "statecode": "23", "districtname": "Gwalior", "districtcode": "421", "ulbname": "Gwalior", "ulbcode": "802100", "wardname": "Shyamlal Pandvi Ward", "wardcode": "27", "id": null, "status": "APPROVED", "misglobalid": null, "approved_by": null, "createdate": 1647249657000, "updateddate": 1648193977000, "globalid": null, "gisglobalid": "Rol6mmRa-5dRQ-PPod-am5n-5cKlcocQsKo6", "remark": "", "st_area(shape)": 3.678336423008821e-05, "st_perimeter(shape)": 0.02891315171069033}}, {"type": "Feature", "geometry": {"type": "Polygon", "coordinates": [[[78.148365, 26.2003589], [78.1483644, 26.2003444], [78.1481381, 26.2000166], [78.1479297, 26.1994329], [78.147999, 26.1991186], [78.1480406, 26.1988527], [78.1482019, 26.1985546], [78.1484428, 26.1984305], [78.1484334, 26.1983968], [78.1480738, 26.197338], [78.1484546, 26.1971192], [78.1490558, 26.1967829], [78.1494927, 26.1961617], [78.1499155, 26.1958735], [78.1500768, 26.1955937], [78.1503991, 26.1948057], [78.1506301, 26.1945942], [78.1507891, 26.1943831], [78.1509056, 26.1943368], [78.1508635, 26.1942688], [78.1508504, 26.1942476], [78.1508476, 26.1942431], [78.1507494, 26.1940843], [78.1506285, 26.1938722], [78.150558, 26.1939196], [78.1503948, 26.1940293], [78.1501998, 26.1940496], [78.1493838, 26.1952092], [78.148835, 26.1956043], [78.1481311, 26.1959389], [78.1479043, 26.195718], [78.1475154, 26.19526], [78.1464442, 26.1941625], [78.1462486, 26.1941805], [78.145873, 26.1936429], [78.145084, 26.1927262], [78.1450037, 26.192759], [78.1445309, 26.1929521], [78.1436577, 26.1934224], [78.1436453, 26.1934544], [78.1435648, 26.193509], [78.1428565, 26.1941971], [78.1434379, 26.1951095], [78.1435362, 26.1951839], [78.1436964, 26.1953051], [78.1441551, 26.1959781], [78.1441768, 26.1961027], [78.1441988, 26.1962283], [78.1441943, 26.196543], [78.1442069, 26.1966163], [78.1440899, 26.1972103], [78.1441421, 26.1975213], [78.1441886, 26.197556], [78.1443666, 26.1981347], [78.1445327, 26.1983814], [78.1445602, 26.1984199], [78.1447812, 26.19865], [78.1449729, 26.198943], [78.1451638, 26.1990917], [78.1452562, 26.1993129], [78.1452639, 26.1993428], [78.1454694, 26.1995428], [78.1455865, 26.1997196], [78.145735, 26.19976], [78.1457652, 26.1997683], [78.1460667, 26.1996969], [78.1462805, 26.1996538], [78.146531, 26.1996561], [78.1466155, 26.200054], [78.1468122, 26.2000679], [78.1472365, 26.2000257], [78.1474763, 26.2000531], [78.1475838, 26.2003451], [78.1477058, 26.200386], [78.1479863, 26.2003409], [78.1480869, 26.2003967], [78.1483083, 26.200363], [78.148365, 26.2003589]]]}, "properties": {"objectid": 216106, "statename": "Madhya Pradesh", "statecode": "23", "districtname": "Gwalior", "districtcode": "421", "ulbname": "Gwalior", "ulbcode": "802100", "wardname": "Masur Shah Daata Ward", "wardcode": "50", "id": null, "status": "APPROVED", "misglobalid": null, "approved_by": null, "createdate": 1647250294000, "updateddate": 1648194244000, "globalid": null, "gisglobalid": "dln6cPB5-noQc-PK55-RcR4-d4dm4PocnP6l", "remark": "", "st_area(shape)": 2.7080856414711014e-05, "st_perimeter(shape)": 0.02860464231032538}}, {"type": "Feature", "geometry": {"type": "Polygon", "coordinates": [[[78.1723704, 26.1932632], [78.1722793, 26.1932056], [78.1716274, 26.1930622], [78.1704372, 26.1928004], [78.1703516, 26.1927377], [78.1688039, 26.1921351], [78.1686806, 26.1920758], [78.1676113, 26.1915399], [78.1644231, 26.1901515], [78.1636872, 26.1907429], [78.1636339, 26.1917103], [78.1639913, 26.1924085], [78.1642512, 26.1931668], [78.1642589, 26.193832], [78.1643753, 26.1938123], [78.1662374, 26.1978047], [78.164202, 26.1989629], [78.1624299, 26.2001321], [78.1615845, 26.200416], [78.1599211, 26.1982534], [78.1596212, 26.1978785], [78.1586763, 26.1983784], [78.1585139, 26.198382], [78.1584169, 26.1983411], [78.1582967, 26.198302], [78.1581764, 26.1982393], [78.1579645, 26.1982409], [78.1577928, 26.1983457], [78.1574192, 26.1984155], [78.1572746, 26.1985291], [78.1573959, 26.1990479], [78.1575912, 26.199511], [78.1583842, 26.2009797], [78.1586245, 26.2012855], [78.1587154, 26.2015496], [78.1587237, 26.2016016], [78.1587994, 26.201846], [78.1588678, 26.202123], [78.1588741, 26.2021635], [78.15882, 26.2023722], [78.1593394, 26.2026402], [78.1594793, 26.202717], [78.1595356, 26.2027683], [78.1603817, 26.2032588], [78.1604972, 26.2034147], [78.1611274, 26.2038849], [78.1617916, 26.204359], [78.1618509, 26.2044385], [78.1619519, 26.204891], [78.1619303, 26.2049669], [78.1624521, 26.205158], [78.1627323, 26.2052559], [78.1632441, 26.2055361], [78.1634559, 26.2058602], [78.1636674, 26.2057181], [78.1638724, 26.205495], [78.1643284, 26.2052244], [78.1647588, 26.204982], [78.1651208, 26.2046184], [78.1656958, 26.2044146], [78.1655345, 26.2042239], [78.1643983, 26.2037303], [78.1641865, 26.2036198], [78.1639496, 26.2035373], [78.1640446, 26.2030934], [78.1640367, 26.2030173], [78.164049, 26.202581], [78.1639756, 26.2021517], [78.1637806, 26.2016558], [78.1637496, 26.2016328], [78.1634439, 26.2011721], [78.1640294, 26.200509], [78.1648883, 26.1997202], [78.1650188, 26.199607], [78.1662506, 26.1984096], [78.1668545, 26.2000431], [78.167072, 26.2004588], [78.1675226, 26.2006247], [78.1685903, 26.2003064], [78.1703381, 26.1999718], [78.171763, 26.1996664], [78.1736522, 26.199289], [78.1738815, 26.1985539], [78.1738611, 26.1983773], [78.1737582, 26.1981719], [78.1737023, 26.1980337], [78.1733315, 26.1972437], [78.1733185, 26.1971377], [78.1733012, 26.1969965], [78.173041, 26.196131], [78.1730199, 26.1959555], [78.1728563, 26.1952277], [78.172837, 26.1950535], [78.173093, 26.194257], [78.1731976, 26.1937585], [78.1731595, 26.1937618], [78.1723704, 26.1932632]]]}, "properties": {"objectid": 216107, "statename": "Madhya Pradesh", "statecode": "23", "districtname": "Gwalior", "districtcode": "421", "ulbname": "Gwalior", "ulbcode": "802100", "wardname": "Sanjay Gandhi Ward", "wardcode": "57", "id": null, "status": "APPROVED", "misglobalid": null, "approved_by": null, "createdate": 1647250318000, "updateddate": 1648194317000, "globalid": null, "gisglobalid": "lmm6nK4P-KRB5-PmKK-QQso-BcmoldnB4sPm", "remark": "", "st_area(shape)": 9.62209850280237e-05, "st_perimeter(shape)": 0.0655697541927522}}, {"type": "Feature", "geometry": {"type": "Polygon", "coordinates": [[[78.1761481, 26.2328554], [78.1764046, 26.2327261], [78.1766543, 26.2317785], [78.1769001, 26.2313054], [78.1775559, 26.230962], [78.1783724, 26.2309361], [78.1791955, 26.2307717], [78.1795425, 26.2305776], [78.17975, 26.230301], [78.1798489, 26.2302459], [78.1806186, 26.2300873], [78.1814143, 26.2299257], [78.1814293, 26.2298771], [78.1814338, 26.2297545], [78.1814657, 26.2297595], [78.1818623, 26.2284773], [78.1819882, 26.2279519], [78.1818924, 26.2265877], [78.1816264, 26.2258005], [78.1814573, 26.2255199], [78.1814662, 26.2255676], [78.1787667, 26.227265], [78.1767559, 26.2285489], [78.17678, 26.2285889], [78.1769048, 26.229159], [78.176087, 26.2292058], [78.1757028, 26.2290834], [78.1753875, 26.2289306], [78.1747656, 26.2291008], [78.1742564, 26.2292122], [78.1738778, 26.2293927], [78.1736068, 26.2293431], [78.1734128, 26.2293263], [78.1734315, 26.2291297], [78.1733449, 26.2284137], [78.1725631, 26.2285635], [78.172554, 26.2300527], [78.1726212, 26.2305248], [78.172785, 26.2309865], [78.1728078, 26.2314947], [78.1726862, 26.2320277], [78.1727295, 26.2336237], [78.1725796, 26.2337022], [78.1736126, 26.2335113], [78.1747449, 26.23304], [78.175953, 26.2329537], [78.1761481, 26.2328554]]]}, "properties": {"objectid": 216110, "statename": "Madhya Pradesh", "statecode": "23", "districtname": "Gwalior", "districtcode": "421", "ulbname": "Gwalior", "ulbcode": "802100", "wardname": "Sangeet Samrat Tansen Ward", "wardcode": "13", "id": null, "status": "APPROVED", "misglobalid": null, "approved_by": null, "createdate": 1647251752000, "updateddate": 1648193800000, "globalid": null, "gisglobalid": "lPn4sPBQ-BlP5-PB5Q-aP5R-omQsB54aonQl", "remark": "", "st_area(shape)": 3.480445764958372e-05, "st_perimeter(shape)": 0.03184603918638691}}, {"type": "Feature", "geometry": {"type": "Polygon", "coordinates": [[[78.1668988, 26.2287546], [78.1669358, 26.2285166], [78.166882, 26.2277895], [78.1667699, 26.2274615], [78.1666728, 26.2272399], [78.1664214, 26.2269151], [78.1662171, 26.2268753], [78.1654898, 26.2268453], [78.1631649, 26.2259521], [78.162973, 26.2254541], [78.1621184, 26.2246045], [78.1619916, 26.2241548], [78.1618421, 26.2236248], [78.1620893, 26.2227161], [78.1624319, 26.2218395], [78.1625175, 26.2213186], [78.1621365, 26.2211779], [78.1618956, 26.2211803], [78.1615422, 26.2211838], [78.1608514, 26.2207799], [78.16063, 26.2206636], [78.1606817, 26.2201503], [78.1607358, 26.2188036], [78.1607232, 26.2177152], [78.1606613, 26.2169972], [78.160373, 26.2159265], [78.1600938, 26.2154468], [78.1595245, 26.2148343], [78.1586636, 26.2142596], [78.1584861, 26.2138333], [78.1581452, 26.2136409], [78.1574125, 26.213229], [78.1567521, 26.2127485], [78.1567622, 26.2117143], [78.1563934, 26.2118991], [78.1560165, 26.2120597], [78.1551314, 26.212044], [78.154184, 26.2121689], [78.1522929, 26.2125743], [78.1513857, 26.2129777], [78.1480661, 26.2141334], [78.1479361, 26.2141787], [78.1516518, 26.2195868], [78.1517494, 26.2204534], [78.1520448, 26.2220653], [78.1564927, 26.2259902], [78.1580983, 26.2274069], [78.162968, 26.2288549], [78.1633209, 26.2291244], [78.164422, 26.2287637], [78.1646453, 26.2287454], [78.1651196, 26.2287069], [78.1656841, 26.2287129], [78.1663858, 26.2287096], [78.1668988, 26.2287546]]]}, "properties": {"objectid": 216111, "statename": "Madhya Pradesh", "statecode": "23", "districtname": "Gwalior", "districtcode": "421", "ulbname": "Gwalior", "ulbcode": "802100", "wardname": "Chhatrapati Shivaji Ward", "wardcode": "17", "id": null, "status": "APPROVED", "misglobalid": null, "approved_by": null, "createdate": 1647251822000, "updateddate": 1648193848000, "globalid": null, "gisglobalid": "65BRc4PR-lPdK-Pd6d-sdBn-ldBlclKPPnPP", "remark": "", "st_area(shape)": 0.00014620060051800682, "st_perimeter(shape)": 0.05891919776423194}}, {"type": "Feature", "geometry": {"type": "Polygon", "coordinates": [[[78.2292646, 26.1492718], [78.228867, 26.1489584], [78.228837, 26.1489366], [78.2285696, 26.1487102], [78.2285041, 26.14859], [78.2283664, 26.1484022], [78.2283093, 26.1482971], [78.228231, 26.1481536], [78.2281896, 26.148076], [78.2281498, 26.1479366], [78.2281667, 26.1478385], [78.2284589, 26.1476702], [78.2284886, 26.1476288], [78.2285629, 26.1475102], [78.2286505, 26.1474172], [78.2288007, 26.1472854], [78.2288716, 26.1472589], [78.2289704, 26.1471917], [78.2289986, 26.1471811], [78.2291306, 26.1470859], [78.2291659, 26.1470577], [78.2292509, 26.146966], [78.2294942, 26.1467404], [78.2295692, 26.1465492], [78.2292427, 26.1461153], [78.2289389, 26.146199], [78.2285294, 26.1460068], [78.2284899, 26.1459363], [78.2282817, 26.1458294], [78.2283407, 26.1461638], [78.22802, 26.1462537], [78.2278175, 26.1461746], [78.2276095, 26.1459433], [78.2274613, 26.1456294], [78.2275237, 26.1449353], [78.2274748, 26.1448328], [78.227481, 26.1447098], [78.2273239, 26.1443156], [78.2272383, 26.1441377], [78.2268, 26.1435598], [78.2266848, 26.143454], [78.2265228, 26.1431869], [78.2264865, 26.1431121], [78.2264262, 26.1429879], [78.2263219, 26.1425102], [78.2263104, 26.1424861], [78.2262808, 26.1421615], [78.2262578, 26.1421139], [78.2262589, 26.1419195], [78.2261165, 26.1415575], [78.226094, 26.1415107], [78.2259346, 26.1412415], [78.225357, 26.141262], [78.2247382, 26.1413805], [78.2243271, 26.1416137], [78.2238206, 26.1416416], [78.2231126, 26.1415536], [78.2228618, 26.1413248], [78.2220483, 26.1409641], [78.2217055, 26.1408554], [78.221354, 26.1402598], [78.2209445, 26.1403407], [78.2203372, 26.1399681], [78.2201174, 26.1395926], [78.2196906, 26.1390898], [78.2195064, 26.1391267], [78.2191585, 26.1391763], [78.218945, 26.1392525], [78.2189403, 26.1389567], [78.2188779, 26.1388246], [78.2187723, 26.1386491], [78.218649, 26.1385279], [78.2183192, 26.1383944], [78.2181716, 26.1382284], [78.218144, 26.1382094], [78.2179247, 26.1380025], [78.217658, 26.1379867], [78.217473, 26.1379144], [78.217388, 26.1378484], [78.2173749, 26.1378255], [78.217007, 26.1376734], [78.2164479, 26.1373238], [78.2161354, 26.1371582], [78.2157453, 26.1370028], [78.2073401, 26.1287396], [78.2078638, 26.1269003], [78.2074548, 26.1262786], [78.2073447, 26.1261108], [78.2066601, 26.1250644], [78.2059398, 26.1240653], [78.2055735, 26.1236101], [78.2041966, 26.121816], [78.2040577, 26.1202708], [78.2033602, 26.1181526], [78.2032661, 26.1180137], [78.2027722, 26.1166097], [78.2027387, 26.1157969], [78.2017477, 26.1154562], [78.2002304, 26.1157418], [78.1987956, 26.1155291], [78.1977628, 26.1149665], [78.1966811, 26.1143922], [78.1951342, 26.1141081], [78.1950857, 26.114126], [78.1934462, 26.1138422], [78.1917514, 26.1135022], [78.1914002, 26.1122654], [78.1894016, 26.1120603], [78.1879685, 26.1113205], [78.1872784, 26.1110328], [78.1872144, 26.1109288], [78.1870839, 26.11072], [78.1863963, 26.1098318], [78.1862485, 26.1096995], [78.1850964, 26.1088925], [78.1847705, 26.1085813], [78.1837019, 26.1077009], [78.183254, 26.1069806], [78.1831033, 26.1066323], [78.1826263, 26.1057738], [78.1824708, 26.1054329], [78.1813404, 26.1048344], [78.1811242, 26.104655], [78.1800319, 26.1037607], [78.1786469, 26.1028183], [78.1785764, 26.1025915], [78.1780781, 26.1013297], [78.1759462, 26.0984458], [78.1775348, 26.0981104], [78.1777002, 26.096357], [78.1782112, 26.0944387], [78.1779796, 26.0940872], [78.1769077, 26.0918544], [78.1765635, 26.0913745], [78.1761505, 26.0909658], [78.1751492, 26.0905101], [78.1724916, 26.0927355], [78.1695016, 26.0927432], [78.1692768, 26.0923914], [78.1664316, 26.0909204], [78.166125, 26.0906337], [78.1637022, 26.0899469], [78.1625092, 26.0892465], [78.1611034, 26.0883859], [78.1588373, 26.0877897], [78.1581887, 26.0889506], [78.1579193, 26.0906082], [78.156095, 26.0911788], [78.1535466, 26.0920301], [78.1503465, 26.0926095], [78.1482631, 26.0933598], [78.1441062, 26.0956669], [78.1424962, 26.0961735], [78.1407004, 26.096294], [78.1389343, 26.0952733], [78.1383195, 26.0948726], [78.1365647, 26.0939829], [78.1341054, 26.0945981], [78.132539, 26.0947834], [78.1309124, 26.0970537], [78.1348442, 26.1103678], [78.1380449, 26.111218], [78.1411009, 26.1123281], [78.1440695, 26.1123318], [78.1463105, 26.1122369], [78.1511947, 26.1141064], [78.1539349, 26.1148207], [78.1541708, 26.1149719], [78.1571465, 26.116161], [78.1591146, 26.1173214], [78.1612085, 26.1181154], [78.1620745, 26.1185161], [78.1627723, 26.1190527], [78.1625213, 26.1209784], [78.1630121, 26.1216292], [78.1639001, 26.1221303], [78.1646385, 26.1224773], [78.1652349, 26.1230768], [78.1657553, 26.1236008], [78.1659631, 26.124293], [78.166265, 26.1249216], [78.1669184, 26.1255833], [78.1670472, 26.125632], [78.1680846, 26.1260249], [78.1686361, 26.1264178], [78.168678, 26.12646], [78.1692241, 26.1270105], [78.1697132, 26.1278342], [78.1687163, 26.129017], [78.1688647, 26.1292478], [78.1694557, 26.1308108], [78.1694647, 26.1312232], [78.1687084, 26.1320642], [78.1681491, 26.1326219], [78.167211, 26.1336039], [78.1671394, 26.1338288], [78.166871, 26.1336465], [78.1663513, 26.1331469], [78.1661559, 26.1326064], [78.1660676, 26.1324279], [78.1655237, 26.1319082], [78.1648085, 26.131371], [78.1646596, 26.1312584], [78.1642143, 26.1309216], [78.1635856, 26.1304473], [78.1632475, 26.1301387], [78.162858, 26.1296273], [78.1624077, 26.1291817], [78.1622821, 26.1289248], [78.1622606, 26.1283715], [78.1622856, 26.1282826], [78.1620586, 26.1280048], [78.1619502, 26.1279242], [78.1616891, 26.1276204], [78.1613571, 26.1272643], [78.1612855, 26.1272111], [78.1607153, 26.1272199], [78.1596917, 26.1273741], [78.1590232, 26.126873], [78.1589182, 26.1267942], [78.1585999, 26.1265015], [78.1585651, 26.1264753], [78.1581877, 26.1262442], [78.1581185, 26.126192], [78.1579111, 26.1260357], [78.1574634, 26.1256982], [78.1571706, 26.1256897], [78.1552147, 26.125909], [78.1544031, 26.1254229], [78.1536816, 26.1254752], [78.152906, 26.1256621], [78.1519932, 26.1259179], [78.1513218, 26.1255101], [78.1509229, 26.1251957], [78.1498169, 26.1246208], [78.1495832, 26.1244359], [78.1492786, 26.1242545], [78.1483009, 26.1237173], [78.1481871, 26.1236269], [78.1477665, 26.1232343], [78.1476488, 26.1230823], [78.147452, 26.1228092], [78.1465647, 26.1216436], [78.1460485, 26.1211803], [78.1451844, 26.1205005], [78.1445046, 26.1190602], [78.1443879, 26.118796], [78.1441009, 26.1185691], [78.1441069, 26.1184607], [78.1440372, 26.1182932], [78.1440023, 26.1181257], [78.1439146, 26.1179456], [78.1437282, 26.1178002], [78.1432886, 26.1178154], [78.1432062, 26.1178334], [78.1431057, 26.117837], [78.1426998, 26.117957], [78.1426462, 26.117914], [78.1425445, 26.1178878], [78.1423598, 26.1178499], [78.1421592, 26.1178262], [78.1418086, 26.1177622], [78.1417215, 26.117691], [78.141515, 26.1175225], [78.1413619, 26.1173977], [78.1410766, 26.1167985], [78.140694, 26.1163408], [78.140099, 26.1158817], [78.1399069, 26.1157178], [78.1398507, 26.1156268], [78.1397313, 26.115541], [78.1395508, 26.1152862], [78.139496, 26.1151971], [78.1394792, 26.1151852], [78.1393244, 26.1150255], [78.1390812, 26.1150983], [78.1378049, 26.1151151], [78.1375045, 26.115374], [78.1371783, 26.11544], [78.1371008, 26.1154091], [78.1366532, 26.11532], [78.1366136, 26.1152891], [78.1361769, 26.1152328], [78.1360607, 26.1151417], [78.1357093, 26.1149785], [78.1356523, 26.1149337], [78.1354331, 26.1148169], [78.1351704, 26.1146099], [78.1349848, 26.1144637], [78.1348559, 26.1143622], [78.1345301, 26.1141052], [78.1344202, 26.1139911], [78.1343076, 26.1136582], [78.1342795, 26.1135283], [78.1342691, 26.1134127], [78.1342926, 26.1129513], [78.1341309, 26.1127747], [78.1338271, 26.1128049], [78.1335519, 26.1131734], [78.1335522, 26.1133873], [78.133323, 26.1133399], [78.1331871, 26.1132322], [78.133082, 26.1130958], [78.1330445, 26.1130132], [78.1329774, 26.1129602], [78.1327374, 26.1126661], [78.1327357, 26.1126385], [78.1326485, 26.1124918], [78.1325997, 26.1124534], [78.1324665, 26.1122971], [78.1321394, 26.1121947], [78.1318153, 26.1123764], [78.1295224, 26.1105437], [78.1290727, 26.1091723], [78.1285747, 26.108089], [78.1285091, 26.1078964], [78.1284331, 26.1076492], [78.1281922, 26.1071058], [78.1280491, 26.1068657], [78.1275002, 26.1064039], [78.1273874, 26.1063288], [78.1267164, 26.1058825], [78.126564, 26.1057844], [78.1263733, 26.1056624], [78.1258614, 26.105376], [78.1257877, 26.105328], [78.1255278, 26.1051609], [78.1250541, 26.1046727], [78.1250118, 26.1044184], [78.1250631, 26.1037768], [78.1250379, 26.1036266], [78.1249711, 26.1034041], [78.1249072, 26.103182], [78.1248434, 26.1027355], [78.1246565, 26.1025264], [78.1245188, 26.1024386], [78.1240406, 26.1021336], [78.1237461, 26.1019867], [78.1229265, 26.1019337], [78.1226791, 26.1018573], [78.1222563, 26.1017965], [78.1220702, 26.1017156], [78.1219216, 26.1017044], [78.1211688, 26.1018189], [78.1210135, 26.101762], [78.12055, 26.1015929], [78.119892, 26.1004845], [78.1195658, 26.1003852], [78.1181776, 26.1002043], [78.1180812, 26.1001798], [78.1170516, 26.1001288], [78.1168629, 26.1000808], [78.1164499, 26.0999568], [78.11669, 26.0988185], [78.1172802, 26.0981049], [78.1173214, 26.0979444], [78.1173029, 26.0977871], [78.117305, 26.0970293], [78.116734, 26.0967995], [78.1160247, 26.0958206], [78.1159994, 26.0952469], [78.1153861, 26.0949396], [78.115128, 26.0954011], [78.1147186, 26.0950581], [78.1145662, 26.0945798], [78.1145556, 26.0944345], [78.1145786, 26.0940458], [78.1143662, 26.0938932], [78.1123946, 26.0934382], [78.1120846, 26.0940361], [78.1111579, 26.093163], [78.1103229, 26.0926437], [78.1102546, 26.0925927], [78.1098588, 26.0922926], [78.1096171, 26.0922514], [78.1094034, 26.0921832], [78.1088358, 26.0921307], [78.1077916, 26.0929065], [78.1068072, 26.0932897], [78.105657, 26.0923715], [78.1054717, 26.0922239], [78.1046985, 26.0917007], [78.1045014, 26.091685], [78.1030363, 26.0913049], [78.1029215, 26.0912116], [78.1019977, 26.0912067], [78.101231, 26.0914645], [78.099135, 26.0924348], [78.0982833, 26.0927349], [78.0981584, 26.0926401], [78.0967458, 26.092088], [78.0965319, 26.0919262], [78.0959168, 26.0916905], [78.0952135, 26.0912933], [78.0946813, 26.0912056], [78.0937148, 26.0915075], [78.0925406, 26.0924207], [78.0922619, 26.0927982], [78.0922686, 26.0929433], [78.092347, 26.0934753], [78.0923797, 26.0935962], [78.0926637, 26.0949732], [78.0927528, 26.096214], [78.092693, 26.0967016], [78.0931952, 26.0972185], [78.093857, 26.0982], [78.0945134, 26.0997467], [78.0952153, 26.1006673], [78.0957041, 26.1015282], [78.0953118, 26.1024334], [78.0944507, 26.1036005], [78.0937873, 26.1042937], [78.0933158, 26.1049107], [78.0931568, 26.1061998], [78.0938782, 26.1069729], [78.0957668, 26.1071214], [78.0959624, 26.1071579], [78.0968926, 26.1071746], [78.0977977, 26.1077669], [78.09909, 26.1094692], [78.0984587, 26.1100953], [78.0977501, 26.1104546], [78.0968394, 26.11209], [78.0965549, 26.113317], [78.0978471, 26.1133243], [78.0991498, 26.114066], [78.1002991, 26.1141484], [78.101896, 26.1141549], [78.1031139, 26.1140591], [78.1029599, 26.1152144], [78.1030334, 26.116024], [78.1042603, 26.1172251], [78.1050337, 26.1183941], [78.1055251, 26.1193422], [78.1058019, 26.1229284], [78.1055011, 26.1233581], [78.1041168, 26.1257498], [78.1040665, 26.1259386], [78.1029695, 26.1274267], [78.1026639, 26.1278581], [78.1022666, 26.1286905], [78.1023203, 26.1293325], [78.1023703, 26.1299709], [78.1028441, 26.1307573], [78.1032439, 26.1320992], [78.1033047, 26.1327679], [78.1034253, 26.1333681], [78.1048586, 26.1360614], [78.1050868, 26.137026], [78.1058695, 26.1385213], [78.1107446, 26.1390953], [78.1219362, 26.1403804], [78.12704, 26.1411291], [78.1280895, 26.141715], [78.1334551, 26.144091], [78.1401854, 26.1475218], [78.1401338, 26.1462889], [78.1378223, 26.1410709], [78.1362401, 26.1387616], [78.1358082, 26.1379094], [78.1364433, 26.1378738], [78.1377257, 26.1333795], [78.1383394, 26.1327741], [78.1384237, 26.1328437], [78.1405691, 26.1336444], [78.1413951, 26.1339086], [78.1431629, 26.1349496], [78.1435912, 26.135303], [78.1451387, 26.1365807], [78.1454838, 26.1368657], [78.1458542, 26.1361883], [78.1469599, 26.1368178], [78.1488842, 26.1372752], [78.1494861, 26.1376289], [78.1505363, 26.1372233], [78.1523109, 26.1389179], [78.1531902, 26.1389511], [78.1549236, 26.1384444], [78.1568597, 26.1386469], [78.1582218, 26.1385152], [78.1599514, 26.1377181], [78.1615496, 26.1373582], [78.1631588, 26.1371417], [78.1652237, 26.1363258], [78.1656877, 26.1358706], [78.1665332, 26.1350369], [78.1670409, 26.1348079], [78.1674503, 26.1357004], [78.1680825, 26.1363005], [78.1693201, 26.1366192], [78.170346, 26.1375511], [78.1709564, 26.1382068], [78.1718352, 26.1384615], [78.1724412, 26.1388499], [78.1725415, 26.1393879], [78.1726179, 26.1400243], [78.1729385, 26.1402988], [78.1735336, 26.1404992], [78.1736421, 26.1405418], [78.1741019, 26.1408858], [78.1741715, 26.1409601], [78.1750675, 26.1419158], [78.1750845, 26.1424695], [78.1748511, 26.1428737], [78.1750759, 26.1433158], [78.1751131, 26.1433567], [78.17536, 26.1435888], [78.1756988, 26.1437229], [78.1761045, 26.1438478], [78.1766158, 26.1444031], [78.1770713, 26.1449383], [78.1783246, 26.1466295], [78.1781177, 26.1472261], [78.1779484, 26.1473549], [78.1779375, 26.147743], [78.1780962, 26.1482879], [78.178299, 26.1485598], [78.1786237, 26.1496881], [78.1791593, 26.1503511], [78.1792124, 26.1504131], [78.1798738, 26.1507747], [78.1803069, 26.150908], [78.1802854, 26.1515303], [78.1806057, 26.1521075], [78.1802832, 26.1523844], [78.1801386, 26.1527126], [78.1801529, 26.1529237], [78.1801237, 26.1538105], [78.1799814, 26.1541018], [78.1796917, 26.1550374], [78.1802371, 26.1566202], [78.1807745, 26.1577556], [78.1810298, 26.1587152], [78.1804081, 26.1596117], [78.180205, 26.1605709], [78.1801678, 26.1607028], [78.1801902, 26.1614432], [78.1801985, 26.1614383], [78.1813581, 26.1611962], [78.1827703, 26.1605344], [78.1843273, 26.1590082], [78.1849866, 26.1573262], [78.1853814, 26.1548475], [78.1857606, 26.1546684], [78.1859915, 26.154316], [78.1864534, 26.1541041], [78.1867443, 26.1540661], [78.1869872, 26.1545333], [78.1869674, 26.1545726], [78.1869999, 26.1549704], [78.1875346, 26.1552352], [78.187532, 26.1554405], [78.1874723, 26.1557938], [78.18756, 26.1561976], [78.1879182, 26.1566538], [78.1880072, 26.1568082], [78.188304, 26.1570759], [78.1883182, 26.1574144], [78.1875778, 26.1573671], [78.1875069, 26.15739], [78.1873649, 26.1574361], [78.1872145, 26.1576664], [78.1872311, 26.1578523], [78.1873696, 26.1580158], [78.1875889, 26.1584911], [78.1880225, 26.1587828], [78.1880505, 26.1588073], [78.1884832, 26.1592534], [78.1885433, 26.1593287], [78.1887994, 26.1597352], [78.1889775, 26.1603536], [78.1889469, 26.1605372], [78.1888539, 26.160643], [78.1887897, 26.1607755], [78.1886397, 26.1611195], [78.1886292, 26.1612795], [78.1909162, 26.1616931], [78.1914355, 26.1620314], [78.1923638, 26.1620871], [78.1929776, 26.1623473], [78.1933618, 26.162837], [78.1936592, 26.1631595], [78.1943972, 26.1636696], [78.1949069, 26.1640059], [78.1962427, 26.1638379], [78.1973443, 26.1638419], [78.1985488, 26.1638394], [78.199484, 26.1638887], [78.2008823, 26.1640956], [78.2010458, 26.1640947], [78.2012251, 26.1642463], [78.2019865, 26.1646556], [78.2021142, 26.1648096], [78.2025975, 26.1656389], [78.2026988, 26.1665317], [78.2026933, 26.1669586], [78.202421, 26.1681192], [78.2033221, 26.1683198], [78.2049041, 26.1683874], [78.2053702, 26.1686612], [78.2053705, 26.1685679], [78.2053814, 26.1684902], [78.2054322, 26.1681263], [78.2054401, 26.1680696], [78.2056214, 26.1677111], [78.2056623, 26.167691], [78.2062606, 26.1674657], [78.2067557, 26.1674452], [78.206995, 26.1675258], [78.2071661, 26.1675156], [78.2076138, 26.1676808], [78.2078897, 26.1674467], [78.2080075, 26.1673089], [78.208309, 26.166987], [78.2090699, 26.166947], [78.2092145, 26.1670037], [78.209423, 26.1670573], [78.2096651, 26.1668859], [78.2100233, 26.1662871], [78.210067, 26.1662213], [78.2103918, 26.1656452], [78.2104343, 26.1655622], [78.2108052, 26.165027], [78.2110446, 26.1648407], [78.2113209, 26.1645203], [78.2113212, 26.1642548], [78.2114148, 26.1637753], [78.2115836, 26.1635362], [78.2118073, 26.163315], [78.212032, 26.1632158], [78.2120276, 26.1630041], [78.2122031, 26.1626198], [78.2122389, 26.1625847], [78.212673, 26.1623822], [78.2127447, 26.1623455], [78.2129482, 26.1620384], [78.2132166, 26.1604634], [78.2142993, 26.1599023], [78.2143985, 26.1598979], [78.2160114, 26.158621], [78.2174641, 26.1578296], [78.2177526, 26.1578189], [78.219115, 26.157314], [78.2194542, 26.1571651], [78.2203645, 26.1566866], [78.2212998, 26.1560548], [78.2217034, 26.155417], [78.2258016, 26.15195], [78.2260984, 26.1516403], [78.2288008, 26.1498995], [78.2292646, 26.1492718]]]}, "properties": {"objectid": 218052, "statename": "Madhya Pradesh", "statecode": "23", "districtname": "Gwalior", "districtcode": "421", "ulbname": "Gwalior", "ulbcode": "802100", "wardname": "Nogo Ward", "wardcode": "66", "id": null, "status": "APPROVED", "misglobalid": null, "approved_by": null, "createdate": 1647089412000, "updateddate": 1647165132000, "globalid": null, "gisglobalid": "n4a4P6ol-RBKR-PRRK-a5Qd-a65aPda6soac", "remark": "", "st_area(shape)": 0.005024525304044933, "st_perimeter(shape)": 0.5683669873797824}}, {"type": "Feature", "geometry": {"type": "Polygon", "coordinates": [[[78.1370626, 26.1831719], [78.1369983, 26.1830457], [78.1369779, 26.1830148], [78.1367627, 26.1826314], [78.1368755, 26.1823905], [78.1373314, 26.1821097], [78.1377059, 26.1826552], [78.1379202, 26.1830519], [78.1381599, 26.1834964], [78.1383878, 26.1834473], [78.1387937, 26.1833894], [78.1391586, 26.1834649], [78.1393867, 26.1836451], [78.139328, 26.1839007], [78.1392678, 26.1841377], [78.1400092, 26.1841428], [78.1411156, 26.1841579], [78.141164, 26.1841594], [78.1425621, 26.1842732], [78.1426847, 26.1842976], [78.1427083, 26.184321], [78.1440461, 26.1844236], [78.1454374, 26.1842828], [78.1463059, 26.1843168], [78.1472251, 26.1847856], [78.146701, 26.1829135], [78.1466232, 26.1810456], [78.1472211, 26.1804362], [78.1472846, 26.1803958], [78.1479145, 26.180035], [78.1485194, 26.1797807], [78.1493796, 26.179775], [78.1503288, 26.1796933], [78.1498799, 26.1787754], [78.1495755, 26.1745538], [78.1495574, 26.1735736], [78.1497477, 26.1724501], [78.149782, 26.1723871], [78.1501071, 26.1713732], [78.1502972, 26.1701937], [78.1505173, 26.1690877], [78.1508969, 26.1656527], [78.1512039, 26.1656525], [78.1507566, 26.1649473], [78.1506756, 26.1648886], [78.1501739, 26.1642231], [78.1484652, 26.1625601], [78.1459664, 26.1602149], [78.1457217, 26.1601443], [78.1444646, 26.1587913], [78.143965, 26.1588133], [78.1435156, 26.1588332], [78.1429741, 26.1589869], [78.1427892, 26.1590856], [78.1426953, 26.1591209], [78.142039, 26.1593674], [78.1416033, 26.1595408], [78.1415765, 26.1595994], [78.1407616, 26.1598564], [78.1400378, 26.1597387], [78.1388362, 26.1596291], [78.1381651, 26.1597354], [78.1377202, 26.1600821], [78.1375281, 26.1605886], [78.1372144, 26.1611073], [78.1372074, 26.1621181], [78.1373146, 26.1627795], [78.1371397, 26.1648103], [78.1368523, 26.1649846], [78.1366653, 26.1651157], [78.1366258, 26.1651576], [78.1365502, 26.1652603], [78.1362108, 26.1657355], [78.1361522, 26.1657988], [78.1362008, 26.1664975], [78.1362141, 26.1665981], [78.1361637, 26.1672599], [78.1361664, 26.1672805], [78.1360148, 26.1673749], [78.1359514, 26.1674416], [78.1357313, 26.1675819], [78.1356221, 26.1676525], [78.1351015, 26.1680274], [78.1350597, 26.1680729], [78.1346742, 26.168423], [78.1341538, 26.1686769], [78.1340439, 26.1687713], [78.1337936, 26.1688982], [78.1332508, 26.1703028], [78.1332979, 26.170866], [78.1332659, 26.1709161], [78.1332403, 26.1710457], [78.1332275, 26.1711107], [78.1332133, 26.1711599], [78.1332172, 26.1712079], [78.1332856, 26.1720539], [78.1333997, 26.1734621], [78.1334039, 26.1735143], [78.1338226, 26.1741702], [78.1345312, 26.1745338], [78.1351531, 26.1747269], [78.1354511, 26.1749459], [78.1360264, 26.1764123], [78.1358962, 26.1767574], [78.1358237, 26.1767973], [78.1358565, 26.1772416], [78.1358283, 26.1780079], [78.1357233, 26.1782925], [78.1356924, 26.1783688], [78.1356605, 26.1784427], [78.1355948, 26.1785729], [78.1356277, 26.1788968], [78.1356314, 26.1789329], [78.1356464, 26.1790787], [78.1358823, 26.1795951], [78.1358887, 26.1796522], [78.1354166, 26.1799249], [78.1353055, 26.1799526], [78.1353568, 26.1799689], [78.1348646, 26.1802164], [78.1332849, 26.1808344], [78.1332144, 26.1809384], [78.1333555, 26.1811732], [78.1334926, 26.1814429], [78.1334844, 26.1816014], [78.1327608, 26.1821469], [78.1325515, 26.182409], [78.1323621, 26.1826022], [78.1322586, 26.1828055], [78.1326956, 26.1831469], [78.1348302, 26.1846027], [78.1357328, 26.1852896], [78.1359004, 26.1853223], [78.1358709, 26.1851501], [78.136168, 26.1847552], [78.1363133, 26.1846148], [78.1363159, 26.1844794], [78.1363176, 26.1843898], [78.1362159, 26.1840277], [78.1361869, 26.1839381], [78.1361598, 26.1837621], [78.1361612, 26.18369], [78.1361812, 26.1834344], [78.1362285, 26.1833393], [78.1362593, 26.1833136], [78.1364899, 26.1832216], [78.1365359, 26.1832116], [78.1369169, 26.1832423], [78.1370626, 26.1831719]]]}, "properties": {"objectid": 218860, "statename": "Madhya Pradesh", "statecode": "23", "districtname": "Gwalior", "districtcode": "421", "ulbname": "Gwalior", "ulbcode": "802100", "wardname": "Jagjivan Ward", "wardcode": "52", "id": null, "status": "APPROVED", "misglobalid": null, "approved_by": null, "createdate": 1647165468000, "updateddate": 1648194280000, "globalid": null, "gisglobalid": "nl56aK4c-Rd5a-PBcm-Ro5B-dBosRaddamcP", "remark": "", "st_area(shape)": 0.0003432815860386937, "st_perimeter(shape)": 0.0883089491992436}}, {"type": "Feature", "geometry": {"type": "Polygon", "coordinates": [[[78.150558, 26.1939196], [78.1505104, 26.193713], [78.1504694, 26.1935549], [78.1503367, 26.1932606], [78.1502231, 26.1929604], [78.1501817, 26.1928812], [78.1499594, 26.1927017], [78.1498721, 26.192698], [78.1496108, 26.1927407], [78.1492131, 26.1928056], [78.1487322, 26.1929571], [78.1484639, 26.1926471], [78.1478759, 26.1921711], [78.1475597, 26.1920367], [78.1472389, 26.1917672], [78.1471417, 26.1916676], [78.1469946, 26.1913922], [78.1469784, 26.1913205], [78.1469198, 26.1911291], [78.1468621, 26.1908995], [78.1466872, 26.1906104], [78.1466719, 26.1903394], [78.1465116, 26.190071], [78.1463146, 26.1898918], [78.1460493, 26.1897405], [78.1455578, 26.1897883], [78.1449808, 26.1899067], [78.1442728, 26.1903861], [78.1440216, 26.1905562], [78.1438152, 26.1906737], [78.143365, 26.1911241], [78.1443837, 26.1920339], [78.1450037, 26.192759], [78.145084, 26.1927262], [78.145873, 26.1936429], [78.1462486, 26.1941805], [78.1464442, 26.1941625], [78.1475154, 26.19526], [78.1479043, 26.195718], [78.1481311, 26.1959389], [78.148835, 26.1956043], [78.1493838, 26.1952092], [78.1501998, 26.1940496], [78.1503948, 26.1940293], [78.150558, 26.1939196]]]}, "properties": {"objectid": 218861, "statename": "Madhya Pradesh", "statecode": "23", "districtname": "Gwalior", "districtcode": "421", "ulbname": "Gwalior", "ulbcode": "802100", "wardname": "Pt. Krishnarao Shankarrao Ward", "wardcode": "47", "id": null, "status": "APPROVED", "misglobalid": null, "approved_by": null, "createdate": 1647166816000, "updateddate": 1648194210000, "globalid": null, "gisglobalid": "ocl6snK5-cBos-PmB4-Qmdl-mBcsBn5d5Bml", "remark": "", "st_area(shape)": 1.8889298850164306e-05, "st_perimeter(shape)": 0.020339176094629343}}, {"type": "Feature", "geometry": {"type": "Polygon", "coordinates": [[[78.1435362, 26.1951839], [78.1434379, 26.1951095], [78.1428565, 26.1941971], [78.1435648, 26.193509], [78.1436453, 26.1934544], [78.1436577, 26.1934224], [78.1445309, 26.1929521], [78.1450037, 26.192759], [78.1443837, 26.1920339], [78.143365, 26.1911241], [78.1438152, 26.1906737], [78.1440216, 26.1905562], [78.1442728, 26.1903861], [78.1437093, 26.1896826], [78.1436515, 26.1896307], [78.1436131, 26.1895961], [78.143073, 26.1890003], [78.1424839, 26.1881298], [78.141469, 26.1874973], [78.1394542, 26.1860197], [78.1382819, 26.1849767], [78.1374582, 26.1838952], [78.137238, 26.1835164], [78.1370626, 26.1831719], [78.1369169, 26.1832423], [78.1365359, 26.1832116], [78.1364899, 26.1832216], [78.1362593, 26.1833136], [78.1362285, 26.1833393], [78.1361812, 26.1834344], [78.1361612, 26.18369], [78.1361598, 26.1837621], [78.1361869, 26.1839381], [78.1362159, 26.1840277], [78.1363176, 26.1843898], [78.1363159, 26.1844794], [78.1363133, 26.1846148], [78.136168, 26.1847552], [78.1358709, 26.1851501], [78.1359004, 26.1853223], [78.1359121, 26.1853903], [78.13599, 26.1854922], [78.1362298, 26.1856223], [78.136391, 26.1856942], [78.1371816, 26.1863352], [78.138277, 26.1870806], [78.1394078, 26.188196], [78.1408862, 26.1892494], [78.1409175, 26.1893908], [78.1408865, 26.1894538], [78.1408649, 26.1894851], [78.1407087, 26.1896399], [78.1405447, 26.1897178], [78.140486, 26.1897802], [78.1404504, 26.1898111], [78.1404392, 26.1898439], [78.1403076, 26.1899468], [78.1402839, 26.189979], [78.1402606, 26.190034], [78.1401297, 26.1901971], [78.1400934, 26.1902293], [78.1400202, 26.1902707], [78.1399712, 26.1903023], [78.1398605, 26.1903763], [78.1397484, 26.1904267], [78.1396107, 26.1905582], [78.1395856, 26.1905801], [78.1394471, 26.1907143], [78.1391825, 26.1908447], [78.1391825, 26.1908571], [78.1391185, 26.1909401], [78.1391056, 26.190977], [78.1391559, 26.1911321], [78.1388076, 26.1912923], [78.1387282, 26.1913514], [78.138557, 26.1917331], [78.1384938, 26.1918741], [78.1404512, 26.1943973], [78.1418496, 26.1959886], [78.1418798, 26.1960066], [78.1422754, 26.1962715], [78.1431135, 26.1955151], [78.1435362, 26.1951839]]]}, "properties": {"objectid": 218862, "statename": "Madhya Pradesh", "statecode": "23", "districtname": "Gwalior", "districtcode": "421", "ulbname": "Gwalior", "ulbcode": "802100", "wardname": "Captain Gaur Ward", "wardcode": "48", "id": null, "status": "APPROVED", "misglobalid": null, "approved_by": null, "createdate": 1647166859000, "updateddate": 1648194219000, "globalid": null, "gisglobalid": "5RdBoddP-Qll5-PnPd-a4c6-Ral5K6onccos", "remark": "", "st_area(shape)": 3.969787810609623e-05, "st_perimeter(shape)": 0.038429551825422376}}, {"type": "Feature", "geometry": {"type": "Polygon", "coordinates": [[[78.1359004, 26.1853223], [78.1357328, 26.1852896], [78.1348302, 26.1846027], [78.1326956, 26.1831469], [78.1322586, 26.1828055], [78.1323621, 26.1826022], [78.1325515, 26.182409], [78.1327608, 26.1821469], [78.1334844, 26.1816014], [78.1334926, 26.1814429], [78.1333555, 26.1811732], [78.1332144, 26.1809384], [78.1332849, 26.1808344], [78.1348646, 26.1802164], [78.1353568, 26.1799689], [78.1353055, 26.1799526], [78.1348821, 26.1798182], [78.1345267, 26.1798433], [78.1341352, 26.1800117], [78.1329617, 26.1803721], [78.1320781, 26.1801928], [78.131477, 26.1802504], [78.130776, 26.1806093], [78.1306909, 26.1806507], [78.1305077, 26.1810332], [78.1305095, 26.1810722], [78.130515, 26.1811891], [78.130376, 26.1828685], [78.1308076, 26.1833266], [78.130811, 26.1834583], [78.1307908, 26.1835156], [78.1309996, 26.1839408], [78.1310313, 26.1841088], [78.1311475, 26.1845574], [78.1311522, 26.184614], [78.1311681, 26.1850693], [78.1311716, 26.1851074], [78.1311377, 26.185204], [78.130997, 26.1856664], [78.1310022, 26.1857429], [78.1311153, 26.186256], [78.1315417, 26.1865333], [78.1317904, 26.1866254], [78.1317935, 26.1866229], [78.1319374, 26.186507], [78.132275, 26.1863442], [78.1323839, 26.1861461], [78.1327391, 26.1863593], [78.1331074, 26.1864023], [78.1332968, 26.1866869], [78.1334369, 26.1872111], [78.1340314, 26.1875355], [78.1345113, 26.1879422], [78.1350456, 26.1881886], [78.1355244, 26.1884109], [78.1360928, 26.1895027], [78.1372021, 26.1906602], [78.138557, 26.1917331], [78.1387282, 26.1913514], [78.1388076, 26.1912923], [78.1391559, 26.1911321], [78.1391056, 26.190977], [78.1391185, 26.1909401], [78.1391825, 26.1908571], [78.1391825, 26.1908447], [78.1394471, 26.1907143], [78.1395856, 26.1905801], [78.1396107, 26.1905582], [78.1397484, 26.1904267], [78.1398605, 26.1903763], [78.1399712, 26.1903023], [78.1400202, 26.1902707], [78.1400934, 26.1902293], [78.1401297, 26.1901971], [78.1402606, 26.190034], [78.1402839, 26.189979], [78.1403076, 26.1899468], [78.1404392, 26.1898439], [78.1404504, 26.1898111], [78.140486, 26.1897802], [78.1405447, 26.1897178], [78.1407087, 26.1896399], [78.1408649, 26.1894851], [78.1408865, 26.1894538], [78.1409175, 26.1893908], [78.1408862, 26.1892494], [78.1394078, 26.188196], [78.138277, 26.1870806], [78.1371816, 26.1863352], [78.136391, 26.1856942], [78.1362298, 26.1856223], [78.13599, 26.1854922], [78.1359121, 26.1853903], [78.1359004, 26.1853223]]]}, "properties": {"objectid": 218863, "statename": "Madhya Pradesh", "statecode": "23", "districtname": "Gwalior", "districtcode": "421", "ulbname": "Gwalior", "ulbcode": "802100", "wardname": "Ashfaqulla Khan Ward", "wardcode": "51", "id": null, "status": "APPROVED", "misglobalid": null, "approved_by": null, "createdate": 1647166945000, "updateddate": 1648194273000, "globalid": null, "gisglobalid": "4mQP4o6d-dlBo-PoR6-aQ6l-cPRnd6aQdKl5", "remark": "", "st_area(shape)": 4.047281250601111e-05, "st_perimeter(shape)": 0.04040860559979397}}, {"type": "Feature", "geometry": {"type": "Polygon", "coordinates": [[[78.1509955, 26.1943661], [78.15101, 26.1943615], [78.1515437, 26.1941935], [78.1526681, 26.1939089], [78.1527278, 26.1938833], [78.1539593, 26.1934115], [78.154759, 26.193176], [78.1548273, 26.1931275], [78.1548222, 26.1931133], [78.1548047, 26.1927319], [78.154768, 26.192353], [78.1549418, 26.1918025], [78.1563703, 26.1913732], [78.1563166, 26.1910383], [78.1563968, 26.1907551], [78.1569203, 26.1905739], [78.1571058, 26.1904804], [78.1572285, 26.1904637], [78.1573439, 26.1904028], [78.1585256, 26.1899751], [78.1597342, 26.1898419], [78.1598071, 26.1898319], [78.1603117, 26.1898348], [78.1592582, 26.1883936], [78.1585467, 26.1879326], [78.1577929, 26.1877097], [78.1576923, 26.1876874], [78.1574409, 26.1876204], [78.1572652, 26.1876224], [78.156888, 26.1876267], [78.1559052, 26.1878078], [78.1551709, 26.1881536], [78.1543905, 26.1882441], [78.1518021, 26.1827059], [78.1503288, 26.1796933], [78.1493796, 26.179775], [78.1485194, 26.1797807], [78.1479145, 26.180035], [78.1472846, 26.1803958], [78.1472211, 26.1804362], [78.1466232, 26.1810456], [78.146701, 26.1829135], [78.1472251, 26.1847856], [78.147308, 26.1850818], [78.1486399, 26.1881281], [78.148643, 26.1881967], [78.1492157, 26.1889171], [78.1505322, 26.1910738], [78.1507321, 26.1916468], [78.1503427, 26.1917096], [78.1502877, 26.1917516], [78.1501552, 26.1918581], [78.1501001, 26.1919332], [78.1500001, 26.1920633], [78.1499891, 26.1920959], [78.149843, 26.1923941], [78.1496581, 26.1926417], [78.1496108, 26.1927407], [78.1498721, 26.192698], [78.1499594, 26.1927017], [78.1501817, 26.1928812], [78.1502231, 26.1929604], [78.1503367, 26.1932606], [78.1504694, 26.1935549], [78.1505104, 26.193713], [78.150558, 26.1939196], [78.1506285, 26.1938722], [78.1507494, 26.1940843], [78.1508476, 26.1942431], [78.1508504, 26.1942476], [78.1508635, 26.1942688], [78.1509056, 26.1943368], [78.1509354, 26.194385], [78.1509955, 26.1943661]]]}, "properties": {"objectid": 218864, "statename": "Madhya Pradesh", "statecode": "23", "districtname": "Gwalior", "districtcode": "421", "ulbname": "Gwalior", "ulbcode": "802100", "wardname": "Jawahar Ward", "wardcode": "54", "id": null, "status": "APPROVED", "misglobalid": null, "approved_by": null, "createdate": 1647167001000, "updateddate": 1648194293000, "globalid": null, "gisglobalid": "nladRsnQ-cKlP-PsBm-QPdQ-KBRsK565loKs", "remark": "", "st_area(shape)": 8.33381669599827e-05, "st_perimeter(shape)": 0.04784195083730751}}, {"type": "Feature", "geometry": {"type": "Polygon", "coordinates": [[[78.1743284, 26.1860021], [78.1739041, 26.1845897], [78.1736482, 26.1832893], [78.1734855, 26.1818026], [78.1734144, 26.1815487], [78.1735441, 26.1803591], [78.1735309, 26.180162], [78.173624, 26.1792287], [78.1736441, 26.1787853], [78.1735678, 26.1784427], [78.1735319, 26.1773099], [78.173519, 26.1771181], [78.1735471, 26.1767812], [78.173807, 26.1746787], [78.1737917, 26.1744878], [78.1745521, 26.1721512], [78.1745767, 26.1718244], [78.1746068, 26.1715893], [78.1749694, 26.1704252], [78.1749993, 26.1701077], [78.1749489, 26.1687084], [78.1748204, 26.1683523], [78.174713, 26.167595], [78.1746865, 26.1672396], [78.1749243, 26.1657688], [78.1764595, 26.1636828], [78.1777321, 26.1625312], [78.1787316, 26.1623033], [78.1801902, 26.1614432], [78.1801678, 26.1607028], [78.180205, 26.1605709], [78.1804081, 26.1596117], [78.1810298, 26.1587152], [78.1807745, 26.1577556], [78.1802371, 26.1566202], [78.1796917, 26.1550374], [78.1799814, 26.1541018], [78.1801237, 26.1538105], [78.1801529, 26.1529237], [78.1801386, 26.1527126], [78.1802832, 26.1523844], [78.1806057, 26.1521075], [78.1802854, 26.1515303], [78.1803069, 26.150908], [78.1798738, 26.1507747], [78.1792124, 26.1504131], [78.1791593, 26.1503511], [78.1786237, 26.1496881], [78.178299, 26.1485598], [78.1780962, 26.1482879], [78.1779375, 26.147743], [78.1779484, 26.1473549], [78.1781177, 26.1472261], [78.1783246, 26.1466295], [78.1770713, 26.1449383], [78.1766158, 26.1444031], [78.1761045, 26.1438478], [78.1756988, 26.1437229], [78.17536, 26.1435888], [78.1751131, 26.1433567], [78.1750759, 26.1433158], [78.1748511, 26.1428737], [78.1750845, 26.1424695], [78.1750675, 26.1419158], [78.1741715, 26.1409601], [78.1741019, 26.1408858], [78.1736421, 26.1405418], [78.1735336, 26.1404992], [78.1729385, 26.1402988], [78.1726179, 26.1400243], [78.1725415, 26.1393879], [78.1724412, 26.1388499], [78.1718352, 26.1384615], [78.1709564, 26.1382068], [78.170346, 26.1375511], [78.1693201, 26.1366192], [78.1680825, 26.1363005], [78.1674503, 26.1357004], [78.1670409, 26.1348079], [78.1665332, 26.1350369], [78.1656877, 26.1358706], [78.1652237, 26.1363258], [78.1631588, 26.1371417], [78.1615496, 26.1373582], [78.1599514, 26.1377181], [78.1582218, 26.1385152], [78.1568597, 26.1386469], [78.1549236, 26.1384444], [78.1531902, 26.1389511], [78.1523109, 26.1389179], [78.1505363, 26.1372233], [78.1494861, 26.1376289], [78.1488842, 26.1372752], [78.1469599, 26.1368178], [78.1458542, 26.1361883], [78.1454838, 26.1368657], [78.1451387, 26.1365807], [78.1435912, 26.135303], [78.1431629, 26.1349496], [78.1413951, 26.1339086], [78.1405691, 26.1336444], [78.1384237, 26.1328437], [78.1383394, 26.1327741], [78.1377257, 26.1333795], [78.1364433, 26.1378738], [78.1358082, 26.1379094], [78.1362401, 26.1387616], [78.1378223, 26.1410709], [78.1401338, 26.1462889], [78.1401854, 26.1475218], [78.1334551, 26.144091], [78.1280895, 26.141715], [78.12704, 26.1411291], [78.1219362, 26.1403804], [78.1107446, 26.1390953], [78.1058695, 26.1385213], [78.1048014, 26.1383955], [78.1087985, 26.1422053], [78.1088508, 26.1423305], [78.1099499, 26.1437027], [78.1100141, 26.1452883], [78.1097821, 26.1473916], [78.1089012, 26.1491922], [78.1069512, 26.1521431], [78.1062868, 26.1535892], [78.1056644, 26.1566535], [78.1053636, 26.1579692], [78.105134, 26.1589226], [78.1048944, 26.1596228], [78.10519, 26.1598762], [78.105252, 26.1598596], [78.1058666, 26.1596948], [78.1067939, 26.1587609], [78.1068053, 26.1579458], [78.106772, 26.1570568], [78.1066802, 26.1563998], [78.1072228, 26.1550674], [78.1075141, 26.1540782], [78.1096217, 26.1503368], [78.1114931, 26.1505093], [78.1112386, 26.1491935], [78.1116988, 26.1486477], [78.1123206, 26.1484391], [78.1130067, 26.1483849], [78.1140184, 26.1481067], [78.1140037, 26.148001], [78.1147157, 26.1461664], [78.1170975, 26.1460687], [78.1188348, 26.1437974], [78.120085, 26.1432806], [78.1202179, 26.1432713], [78.1209841, 26.1440783], [78.1216605, 26.1437239], [78.1240381, 26.1447849], [78.1251665, 26.144928], [78.127683, 26.145657], [78.1285815, 26.1462317], [78.1310806, 26.1464201], [78.1325392, 26.1471557], [78.132686, 26.147146], [78.1346676, 26.1478644], [78.1360372, 26.1485534], [78.137741, 26.1488282], [78.1390821, 26.1494549], [78.1401792, 26.1499324], [78.1407012, 26.1513748], [78.1410558, 26.152344], [78.1411377, 26.1525321], [78.1410288, 26.1543061], [78.1416878, 26.1555587], [78.1416958, 26.1556084], [78.1426712, 26.1568213], [78.1432531, 26.1580889], [78.143965, 26.1588133], [78.1444646, 26.1587913], [78.1457217, 26.1601443], [78.1459664, 26.1602149], [78.1484652, 26.1625601], [78.1501739, 26.1642231], [78.1506756, 26.1648886], [78.1507566, 26.1649473], [78.1512039, 26.1656525], [78.1521539, 26.1656521], [78.1534158, 26.165696], [78.1555844, 26.1661348], [78.1558838, 26.1663955], [78.1578755, 26.1656109], [78.1593329, 26.1648769], [78.1602861, 26.1645765], [78.1618581, 26.1657783], [78.1629215, 26.1667905], [78.1637607, 26.1683016], [78.164294, 26.1688419], [78.1649018, 26.1695308], [78.1654531, 26.1694139], [78.1666665, 26.169531], [78.1678826, 26.1694459], [78.1688143, 26.1692516], [78.1695091, 26.1698561], [78.1698323, 26.1700711], [78.1703562, 26.1704339], [78.1725099, 26.1720342], [78.1727875, 26.1723317], [78.1727924, 26.1727212], [78.1728437, 26.1732661], [78.172791, 26.1733427], [78.1727669, 26.1738745], [78.1727768, 26.1739055], [78.1726519, 26.1743618], [78.172568, 26.1745788], [78.1722646, 26.1753109], [78.1721709, 26.1754985], [78.1720672, 26.1756547], [78.171983, 26.175875], [78.1716493, 26.176522], [78.171349, 26.1775477], [78.1704119, 26.1780957], [78.1698836, 26.1785149], [78.169907, 26.1788706], [78.170058, 26.1790984], [78.1705929, 26.1792757], [78.1709244, 26.1794039], [78.1713794, 26.1795953], [78.1715475, 26.1797974], [78.1717162, 26.1799891], [78.1718993, 26.181218], [78.1723221, 26.181267], [78.172438, 26.1821193], [78.1724679, 26.1825593], [78.1725099, 26.1829206], [78.172668, 26.1832128], [78.1727952, 26.183593], [78.1728536, 26.1838392], [78.172884, 26.1840123], [78.1729636, 26.1843352], [78.1729971, 26.184583], [78.1731359, 26.18552], [78.1732182, 26.185599], [78.1733278, 26.1856898], [78.1734577, 26.1858943], [78.1734615, 26.1859093], [78.1735088, 26.1860821], [78.1735109, 26.1860897], [78.1735372, 26.1862837], [78.1735454, 26.1863144], [78.1735283, 26.1865176], [78.17353, 26.1865577], [78.1735276, 26.1865824], [78.1735537, 26.1868224], [78.1735618, 26.1868539], [78.1735015, 26.1871927], [78.173383, 26.1874048], [78.1733493, 26.1876941], [78.1734624, 26.1880455], [78.1735522, 26.1882969], [78.1735588, 26.1886692], [78.1735508, 26.1887608], [78.1735589, 26.1887897], [78.1732183, 26.1893443], [78.1731756, 26.1894428], [78.1731502, 26.1894773], [78.1730537, 26.1900995], [78.1730574, 26.1901146], [78.1727811, 26.1906781], [78.1725663, 26.190857], [78.1721526, 26.1920824], [78.1721094, 26.1922051], [78.1720931, 26.1922908], [78.1716274, 26.1930622], [78.1722793, 26.1932056], [78.1723704, 26.1932632], [78.1728302, 26.1926936], [78.1731053, 26.1921189], [78.1732194, 26.1919131], [78.1738306, 26.1905598], [78.173853, 26.1904835], [78.1744111, 26.1881187], [78.1743069, 26.1859859], [78.1743284, 26.1860021]]]}, "properties": {"objectid": 218865, "statename": "Madhya Pradesh", "statecode": "23", "districtname": "Gwalior", "districtcode": "421", "ulbname": "Gwalior", "ulbcode": "802100", "wardname": "Hari Singh Darshan Ward", "wardcode": "59", "id": null, "status": "APPROVED", "misglobalid": null, "approved_by": null, "createdate": 1647167104000, "updateddate": 1648194330000, "globalid": null, "gisglobalid": "s4Kmo66B-PKll-PoKc-QnPK-dm6BQB4oaoKP", "remark": "", "st_area(shape)": 0.0012919884976976786, "st_perimeter(shape)": 0.29939275533994475}}, {"type": "Feature", "geometry": {"type": "Polygon", "coordinates": [[[78.1649018, 26.1695308], [78.164294, 26.1688419], [78.1637607, 26.1683016], [78.1629215, 26.1667905], [78.1618581, 26.1657783], [78.1602861, 26.1645765], [78.1593329, 26.1648769], [78.1578755, 26.1656109], [78.1558838, 26.1663955], [78.1555844, 26.1661348], [78.1534158, 26.165696], [78.1521539, 26.1656521], [78.1512039, 26.1656525], [78.1508969, 26.1656527], [78.1505173, 26.1690877], [78.1502972, 26.1701937], [78.1501071, 26.1713732], [78.149782, 26.1723871], [78.1497477, 26.1724501], [78.1495574, 26.1735736], [78.1495755, 26.1745538], [78.1498799, 26.1787754], [78.1503288, 26.1796933], [78.1518021, 26.1827059], [78.1543905, 26.1882441], [78.1551709, 26.1881536], [78.1559052, 26.1878078], [78.156888, 26.1876267], [78.1572652, 26.1876224], [78.1574409, 26.1876204], [78.1576923, 26.1876874], [78.1577929, 26.1877097], [78.1585467, 26.1879326], [78.1592582, 26.1883936], [78.1603117, 26.1898348], [78.1606017, 26.1898364], [78.1615624, 26.1903948], [78.1619169, 26.1902592], [78.1623767, 26.1899954], [78.1625169, 26.1899312], [78.1626152, 26.1899181], [78.1630559, 26.1897], [78.1631049, 26.1896933], [78.1634844, 26.1891207], [78.1635914, 26.1888599], [78.1639205, 26.1884356], [78.1640279, 26.1883319], [78.1640864, 26.1882346], [78.1644846, 26.1879363], [78.1645952, 26.1878547], [78.1646768, 26.1877544], [78.1649624, 26.1874765], [78.1654441, 26.1878688], [78.166041, 26.1877551], [78.1661937, 26.1874755], [78.1662452, 26.1873779], [78.1662902, 26.1867294], [78.1658684, 26.184615], [78.165399, 26.1840345], [78.165164, 26.1834312], [78.1645957, 26.1827643], [78.1640412, 26.1821383], [78.1635943, 26.1815267], [78.1629733, 26.1809122], [78.1620315, 26.1807349], [78.1616081, 26.1801921], [78.1615622, 26.1797918], [78.1618358, 26.1794175], [78.1615253, 26.1783852], [78.1604816, 26.177704], [78.1600558, 26.1769837], [78.1600348, 26.1763993], [78.1607704, 26.1759126], [78.1615183, 26.1756354], [78.1621144, 26.1754713], [78.1626389, 26.1753675], [78.1630049, 26.1750415], [78.1633181, 26.1748521], [78.163427, 26.1744513], [78.1631597, 26.173716], [78.1626038, 26.1727653], [78.1629455, 26.1717139], [78.1633352, 26.1706061], [78.1641702, 26.1699998], [78.164671, 26.1695797], [78.1649018, 26.1695308]]]}, "properties": {"objectid": 219274, "statename": "Madhya Pradesh", "statecode": "23", "districtname": "Gwalior", "districtcode": "421", "ulbname": "Gwalior", "ulbcode": "802100", "wardname": "Maqbool Ahmed Ward", "wardcode": "55", "id": null, "status": "APPROVED", "misglobalid": null, "approved_by": null, "createdate": 1647165502000, "updateddate": 1648194301000, "globalid": null, "gisglobalid": "R5m5dmP4-o5ls-PdoQ-RKom-mQoKaml6BlBd", "remark": "", "st_area(shape)": 0.00028642063924300804, "st_perimeter(shape)": 0.07912860650783915}}, {"type": "Feature", "geometry": {"type": "Polygon", "coordinates": [[[78.1496108, 26.1927407], [78.1496581, 26.1926417], [78.149843, 26.1923941], [78.1499891, 26.1920959], [78.1500001, 26.1920633], [78.1501001, 26.1919332], [78.1501552, 26.1918581], [78.1502877, 26.1917516], [78.1503427, 26.1917096], [78.1507321, 26.1916468], [78.1505322, 26.1910738], [78.1492157, 26.1889171], [78.148643, 26.1881967], [78.1486399, 26.1881281], [78.147308, 26.1850818], [78.1472251, 26.1847856], [78.1463059, 26.1843168], [78.1454374, 26.1842828], [78.1440461, 26.1844236], [78.1427083, 26.184321], [78.1426847, 26.1842976], [78.1425621, 26.1842732], [78.141164, 26.1841594], [78.1411156, 26.1841579], [78.1400092, 26.1841428], [78.1392678, 26.1841377], [78.139328, 26.1839007], [78.1393867, 26.1836451], [78.1391586, 26.1834649], [78.1387937, 26.1833894], [78.1383878, 26.1834473], [78.1381599, 26.1834964], [78.1379202, 26.1830519], [78.1377059, 26.1826552], [78.1373314, 26.1821097], [78.1368755, 26.1823905], [78.1367627, 26.1826314], [78.1369779, 26.1830148], [78.1369983, 26.1830457], [78.1370626, 26.1831719], [78.137238, 26.1835164], [78.1374582, 26.1838952], [78.1382819, 26.1849767], [78.1394542, 26.1860197], [78.141469, 26.1874973], [78.1424839, 26.1881298], [78.143073, 26.1890003], [78.1436131, 26.1895961], [78.1436515, 26.1896307], [78.1437093, 26.1896826], [78.1442728, 26.1903861], [78.1449808, 26.1899067], [78.1455578, 26.1897883], [78.1460493, 26.1897405], [78.1463146, 26.1898918], [78.1465116, 26.190071], [78.1466719, 26.1903394], [78.1466872, 26.1906104], [78.1468621, 26.1908995], [78.1469198, 26.1911291], [78.1469784, 26.1913205], [78.1469946, 26.1913922], [78.1471417, 26.1916676], [78.1472389, 26.1917672], [78.1475597, 26.1920367], [78.1478759, 26.1921711], [78.1484639, 26.1926471], [78.1487322, 26.1929571], [78.1492131, 26.1928056], [78.1496108, 26.1927407]]]}, "properties": {"objectid": 219275, "statename": "Madhya Pradesh", "statecode": "23", "districtname": "Gwalior", "districtcode": "421", "ulbname": "Gwalior", "ulbcode": "802100", "wardname": "Major Kartar Singh Ward", "wardcode": "53", "id": null, "status": "APPROVED", "misglobalid": null, "approved_by": null, "createdate": 1647167033000, "updateddate": 1648194286000, "globalid": null, "gisglobalid": "PBdRllPQ-caQ6-PlKl-RsRo-KldBdPcRoo5d", "remark": "", "st_area(shape)": 5.274777631888403e-05, "st_perimeter(shape)": 0.0399433449441886}}, {"type": "Feature", "geometry": {"type": "Polygon", "coordinates": [[[78.1642589, 26.193832], [78.1642512, 26.1931668], [78.1639913, 26.1924085], [78.1636339, 26.1917103], [78.1636872, 26.1907429], [78.1644231, 26.1901515], [78.1676113, 26.1915399], [78.1686806, 26.1920758], [78.1688039, 26.1921351], [78.1703516, 26.1927377], [78.1704372, 26.1928004], [78.1716274, 26.1930622], [78.1720931, 26.1922908], [78.1721094, 26.1922051], [78.1721526, 26.1920824], [78.1725663, 26.190857], [78.1727811, 26.1906781], [78.1730574, 26.1901146], [78.1730537, 26.1900995], [78.1731502, 26.1894773], [78.1731756, 26.1894428], [78.1732183, 26.1893443], [78.1735589, 26.1887897], [78.1735508, 26.1887608], [78.1735588, 26.1886692], [78.1735522, 26.1882969], [78.1734624, 26.1880455], [78.1733493, 26.1876941], [78.173383, 26.1874048], [78.1735015, 26.1871927], [78.1735618, 26.1868539], [78.1735537, 26.1868224], [78.1735276, 26.1865824], [78.17353, 26.1865577], [78.1735283, 26.1865176], [78.1735454, 26.1863144], [78.1735372, 26.1862837], [78.1735109, 26.1860897], [78.1735088, 26.1860821], [78.1734615, 26.1859093], [78.1734577, 26.1858943], [78.1733278, 26.1856898], [78.1732182, 26.185599], [78.1731359, 26.18552], [78.1729971, 26.184583], [78.1729636, 26.1843352], [78.172884, 26.1840123], [78.1728536, 26.1838392], [78.1727952, 26.183593], [78.172668, 26.1832128], [78.1725099, 26.1829206], [78.1724679, 26.1825593], [78.172438, 26.1821193], [78.1723221, 26.181267], [78.1718993, 26.181218], [78.1717162, 26.1799891], [78.1715475, 26.1797974], [78.1713794, 26.1795953], [78.1709244, 26.1794039], [78.1705929, 26.1792757], [78.170058, 26.1790984], [78.169907, 26.1788706], [78.1698836, 26.1785149], [78.1704119, 26.1780957], [78.171349, 26.1775477], [78.1716493, 26.176522], [78.171983, 26.175875], [78.1720672, 26.1756547], [78.1721709, 26.1754985], [78.1722646, 26.1753109], [78.172568, 26.1745788], [78.1726519, 26.1743618], [78.1727768, 26.1739055], [78.1727669, 26.1738745], [78.172791, 26.1733427], [78.1728437, 26.1732661], [78.1727924, 26.1727212], [78.1727875, 26.1723317], [78.1725099, 26.1720342], [78.1703562, 26.1704339], [78.1698323, 26.1700711], [78.1695091, 26.1698561], [78.1688143, 26.1692516], [78.1678826, 26.1694459], [78.1666665, 26.169531], [78.1654531, 26.1694139], [78.1649018, 26.1695308], [78.164671, 26.1695797], [78.1641702, 26.1699998], [78.1633352, 26.1706061], [78.1629455, 26.1717139], [78.1626038, 26.1727653], [78.1631597, 26.173716], [78.163427, 26.1744513], [78.1633181, 26.1748521], [78.1630049, 26.1750415], [78.1626389, 26.1753675], [78.1621144, 26.1754713], [78.1615183, 26.1756354], [78.1607704, 26.1759126], [78.1600348, 26.1763993], [78.1600558, 26.1769837], [78.1604816, 26.177704], [78.1615253, 26.1783852], [78.1618358, 26.1794175], [78.1615622, 26.1797918], [78.1616081, 26.1801921], [78.1620315, 26.1807349], [78.1629733, 26.1809122], [78.1635943, 26.1815267], [78.1640412, 26.1821383], [78.1645957, 26.1827643], [78.165164, 26.1834312], [78.165399, 26.1840345], [78.1658684, 26.184615], [78.1662902, 26.1867294], [78.1662452, 26.1873779], [78.1661937, 26.1874755], [78.166041, 26.1877551], [78.1654441, 26.1878688], [78.1649624, 26.1874765], [78.1646768, 26.1877544], [78.1645952, 26.1878547], [78.1644846, 26.1879363], [78.1640864, 26.1882346], [78.1640279, 26.1883319], [78.1639205, 26.1884356], [78.1635914, 26.1888599], [78.1634844, 26.1891207], [78.1631049, 26.1896933], [78.1630559, 26.1897], [78.1626152, 26.1899181], [78.1625169, 26.1899312], [78.1623767, 26.1899954], [78.1619169, 26.1902592], [78.1615624, 26.1903948], [78.1606017, 26.1898364], [78.1603117, 26.1898348], [78.1598071, 26.1898319], [78.1597342, 26.1898419], [78.1585256, 26.1899751], [78.1573439, 26.1904028], [78.1572285, 26.1904637], [78.1571058, 26.1904804], [78.1569203, 26.1905739], [78.1563968, 26.1907551], [78.1563166, 26.1910383], [78.1563703, 26.1913732], [78.1549418, 26.1918025], [78.154768, 26.192353], [78.1548047, 26.1927319], [78.1548222, 26.1931133], [78.1548273, 26.1931275], [78.1552524, 26.192826], [78.1566455, 26.1927945], [78.1567335, 26.1929729], [78.1568881, 26.1931645], [78.1574364, 26.1934322], [78.1574422, 26.1934697], [78.158835, 26.1944325], [78.1595022, 26.1951305], [78.1603976, 26.1948256], [78.1628767, 26.1940652], [78.1642589, 26.193832]]]}, "properties": {"objectid": 219276, "statename": "Madhya Pradesh", "statecode": "23", "districtname": "Gwalior", "districtcode": "421", "ulbname": "Gwalior", "ulbcode": "802100", "wardname": "Lohia Ward", "wardcode": "56", "id": null, "status": "APPROVED", "misglobalid": null, "approved_by": null, "createdate": 1647167055000, "updateddate": 1648194307000, "globalid": null, "gisglobalid": "KQK6cn6P-R6PR-PKm4-sQPo-caQcnlKKndQP", "remark": "", "st_area(shape)": 0.00022873505414817706, "st_perimeter(shape)": 0.09490410195705028}}, {"type": "Feature", "geometry": {"type": "Polygon", "coordinates": [[[78.2167012, 26.222643], [78.2166814, 26.2226014], [78.2176257, 26.2221257], [78.2184123, 26.2222702], [78.2185707, 26.2222804], [78.2199233, 26.2224158], [78.2199647, 26.2224676], [78.2199754, 26.2224811], [78.2199825, 26.2224815], [78.2204472, 26.2222692], [78.2206966, 26.2219491], [78.2207451, 26.2219055], [78.220817, 26.2214901], [78.220637, 26.2207291], [78.2205407, 26.2203208], [78.2203723, 26.2199877], [78.2198679, 26.2199641], [78.2197426, 26.2198132], [78.219598, 26.2195429], [78.219416, 26.2193371], [78.2192802, 26.2192631], [78.2190711, 26.219225], [78.2187199, 26.2192113], [78.2181296, 26.2186485], [78.2181227, 26.2186419], [78.2176246, 26.2188249], [78.217093, 26.2188872], [78.2167094, 26.2188943], [78.2162896, 26.2189028], [78.2159646, 26.2188924], [78.2151103, 26.218982], [78.214413, 26.219165], [78.2139484, 26.2192058], [78.2134852, 26.2192602], [78.2134455, 26.2188871], [78.2133782, 26.2185148], [78.2134138, 26.218334], [78.2134282, 26.2176976], [78.2134084, 26.2173456], [78.2134569, 26.2169725], [78.2133577, 26.2168941], [78.2131209, 26.2166447], [78.212814, 26.2165873], [78.2125809, 26.2166221], [78.2125198, 26.2166416], [78.2123192, 26.2166874], [78.2120288, 26.216799], [78.2117255, 26.2169695], [78.2115532, 26.2168452], [78.2114157, 26.2164747], [78.2113128, 26.2161373], [78.2111469, 26.2156648], [78.2111281, 26.2156001], [78.2111259, 26.2155607], [78.2111637, 26.2152174], [78.2111637, 26.2152173], [78.2108953, 26.2152678], [78.2103611, 26.2151268], [78.2097767, 26.2151711], [78.2097063, 26.2153574], [78.2097064, 26.2154038], [78.2096348, 26.215951], [78.2095985, 26.2166047], [78.2098553, 26.2174148], [78.2098555, 26.2174645], [78.2101811, 26.2186027], [78.2103241, 26.2190529], [78.21053, 26.219731], [78.2106194, 26.2198994], [78.2107917, 26.2199877], [78.2111454, 26.2199996], [78.211321, 26.2202043], [78.2112634, 26.2204064], [78.2112444, 26.2210395], [78.2104837, 26.2211398], [78.2102077, 26.2211245], [78.210263, 26.2212105], [78.2096328, 26.2213198], [78.2096672, 26.2215615], [78.2101833, 26.222027], [78.2101676, 26.2224479], [78.2103084, 26.2226225], [78.2102875, 26.222931], [78.2109351, 26.2230723], [78.2108387, 26.2235139], [78.2111796, 26.2235159], [78.2115363, 26.2236005], [78.2118669, 26.2236487], [78.2122801, 26.2237074], [78.2127417, 26.2237759], [78.2130656, 26.2237609], [78.2133636, 26.223695], [78.213399, 26.2236846], [78.2136678, 26.2235839], [78.2137359, 26.2235787], [78.2140474, 26.2235163], [78.2141315, 26.2235133], [78.2147895, 26.2235803], [78.2151492, 26.2235105], [78.215498, 26.2233944], [78.2155531, 26.2233571], [78.2156449, 26.223295], [78.2157364, 26.2232331], [78.2157913, 26.223196], [78.216236, 26.2230496], [78.2163284, 26.2229578], [78.2164026, 26.2228788], [78.2166349, 26.2226893], [78.2167012, 26.222643]]]}, "properties": {"objectid": 219637, "statename": "Madhya Pradesh", "statecode": "23", "districtname": "Gwalior", "districtcode": "421", "ulbname": "Gwalior", "ulbcode": "802100", "wardname": "Dwarkadheesh Ward", "wardcode": "23", "id": null, "status": "APPROVED", "misglobalid": null, "approved_by": null, "createdate": 1647249381000, "updateddate": 1648193944000, "globalid": null, "gisglobalid": "6K6oRRda-4ndB-Pldd-QR6m-dRQ6o5ddK66m", "remark": "", "st_area(shape)": 5.004707780604373e-05, "st_perimeter(shape)": 0.03914756242971575}}, {"type": "Feature", "geometry": {"type": "Polygon", "coordinates": [[[78.2181296, 26.2186485], [78.2180622, 26.218545], [78.2177748, 26.2178143], [78.2174005, 26.21728], [78.2171802, 26.2167616], [78.2171799, 26.2167345], [78.2171767, 26.216668], [78.2171594, 26.2163007], [78.217335, 26.2158658], [78.2173472, 26.2156359], [78.2167644, 26.2146216], [78.2163774, 26.214402], [78.2160824, 26.2138741], [78.2159053, 26.2133969], [78.2156371, 26.2120247], [78.2155362, 26.2113025], [78.2155756, 26.2108844], [78.2155667, 26.2105604], [78.2157572, 26.2100277], [78.2158072, 26.2099581], [78.215972, 26.2093585], [78.2159964, 26.2093123], [78.216135, 26.2088531], [78.2161196, 26.208374], [78.2161887, 26.2080767], [78.2161779, 26.2074007], [78.2159476, 26.2073663], [78.2155967, 26.2074071], [78.2152643, 26.2075602], [78.2148199, 26.207841], [78.213873, 26.2085727], [78.2131824, 26.2090818], [78.2122533, 26.2099984], [78.2122306, 26.2099937], [78.2118004, 26.2099056], [78.2113035, 26.2098503], [78.2105096, 26.209855], [78.2097821, 26.2098596], [78.2088221, 26.2098856], [78.2085036, 26.2099644], [78.2082748, 26.2103131], [78.2082005, 26.2110295], [78.2082008, 26.2110489], [78.2081238, 26.2115959], [78.2080296, 26.2122456], [78.2085329, 26.212273], [78.2092929, 26.2123587], [78.2100894, 26.2123681], [78.2102686, 26.2124348], [78.2102812, 26.2127698], [78.210449, 26.212875], [78.2107517, 26.2128797], [78.211149, 26.2128347], [78.2111887, 26.2128093], [78.2114331, 26.2127733], [78.2116248, 26.2127755], [78.2119751, 26.2138767], [78.2115101, 26.2139203], [78.2109978, 26.2140699], [78.2108892, 26.2140947], [78.2108267, 26.2142496], [78.2108473, 26.2144943], [78.2112571, 26.2147583], [78.2113114, 26.2149871], [78.2111637, 26.2152174], [78.2111259, 26.2155607], [78.2111281, 26.2156001], [78.2111469, 26.2156648], [78.2113128, 26.2161373], [78.2114157, 26.2164747], [78.2115532, 26.2168452], [78.2117255, 26.2169695], [78.2120288, 26.216799], [78.2123192, 26.2166874], [78.2125198, 26.2166416], [78.2125809, 26.2166221], [78.212814, 26.2165873], [78.2131209, 26.2166447], [78.2133577, 26.2168941], [78.2134569, 26.2169725], [78.2134084, 26.2173456], [78.2134282, 26.2176976], [78.2134138, 26.218334], [78.2133782, 26.2185148], [78.2134455, 26.2188871], [78.2134852, 26.2192602], [78.2139484, 26.2192058], [78.214413, 26.219165], [78.2151103, 26.218982], [78.2159646, 26.2188924], [78.2162896, 26.2189028], [78.2167094, 26.2188943], [78.217093, 26.2188872], [78.2176246, 26.2188249], [78.2181227, 26.2186419], [78.2181296, 26.2186485]]]}, "properties": {"objectid": 219638, "statename": "Madhya Pradesh", "statecode": "23", "districtname": "Gwalior", "districtcode": "421", "ulbname": "Gwalior", "ulbcode": "802100", "wardname": "Shanti Niketan Ward", "wardcode": "28", "id": null, "status": "APPROVED", "misglobalid": null, "approved_by": null, "createdate": 1647249683000, "updateddate": 1648193986000, "globalid": null, "gisglobalid": "llsR5lm4-5Qcm-PQ5s-amnl-sm6cnPB5aB6m", "remark": "", "st_area(shape)": 5.68585779519094e-05, "st_perimeter(shape)": 0.04166140777342391}}, {"type": "Feature", "geometry": {"type": "Polygon", "coordinates": [[[78.1759597, 26.2220017], [78.1760732, 26.2219503], [78.176635, 26.2217243], [78.1771322, 26.2213391], [78.1772844, 26.2204694], [78.1772743, 26.2204083], [78.1772393, 26.2201964], [78.1779704, 26.2200968], [78.1779349, 26.2197012], [78.1777855, 26.2190206], [78.1777601, 26.2188729], [78.177745, 26.2187847], [78.1779223, 26.2179565], [78.1780233, 26.2176197], [78.1774472, 26.2176069], [78.1769255, 26.217532], [78.1767349, 26.2171518], [78.1766174, 26.2164413], [78.1766127, 26.216413], [78.1765152, 26.2158222], [78.1764996, 26.2155395], [78.1767939, 26.2148776], [78.1767593, 26.2148719], [78.1732372, 26.2142866], [78.1718523, 26.2141535], [78.1698069, 26.2135839], [78.1685671, 26.2131447], [78.1681268, 26.2128964], [78.1677807, 26.2118676], [78.1677428, 26.2117437], [78.1676811, 26.2116321], [78.1675759, 26.2114527], [78.1673205, 26.2109785], [78.1671138, 26.2104377], [78.1670631, 26.2103447], [78.1667322, 26.2099307], [78.1665195, 26.2095867], [78.1662537, 26.2090777], [78.1660546, 26.2087559], [78.1660309, 26.2087056], [78.1658668, 26.2083577], [78.1657216, 26.2081473], [78.1653225, 26.2077956], [78.1650236, 26.207528], [78.1639191, 26.2066456], [78.1639105, 26.2066387], [78.1637743, 26.2068088], [78.1636636, 26.2069469], [78.1640183, 26.2076613], [78.1646057, 26.2082948], [78.1650661, 26.2086722], [78.1654185, 26.2090358], [78.1659496, 26.2095225], [78.1662834, 26.2102717], [78.1663208, 26.2103638], [78.1665115, 26.2109756], [78.1665253, 26.2115237], [78.1665799, 26.2123124], [78.1671535, 26.2130265], [78.1674965, 26.2145687], [78.1675922, 26.2150659], [78.1679862, 26.2159212], [78.1683199, 26.216495], [78.168253, 26.2195388], [78.1685217, 26.2209811], [78.1690008, 26.221791], [78.1690044, 26.2218137], [78.1690045, 26.2218143], [78.1694303, 26.2225656], [78.1695408, 26.2227404], [78.1697761, 26.2226621], [78.1703599, 26.2226962], [78.1715489, 26.2225567], [78.1724933, 26.2224349], [78.172587, 26.2224224], [78.1735533, 26.2222911], [78.17438, 26.2221796], [78.1745633, 26.2218288], [78.1754857, 26.2217036], [78.1759511, 26.22199], [78.1759597, 26.2220017]]]}, "properties": {"objectid": 219639, "statename": "Madhya Pradesh", "statecode": "23", "districtname": "Gwalior", "districtcode": "421", "ulbname": "Gwalior", "ulbcode": "802100", "wardname": "Veerangana Bai Ward", "wardcode": "32", "id": null, "status": "APPROVED", "misglobalid": null, "approved_by": null, "createdate": 1647249800000, "updateddate": 1648194044000, "globalid": null, "gisglobalid": "l4na6QBB-QKnK-Pla6-a4ln-RmRBddo6o454", "remark": "", "st_area(shape)": 7.96104300158853e-05, "st_perimeter(shape)": 0.051033525480312356}}, {"type": "Feature", "geometry": {"type": "Polygon", "coordinates": [[[78.1637743, 26.2068088], [78.1639105, 26.2066387], [78.1639191, 26.2066456], [78.1635897, 26.206065], [78.1634559, 26.2058602], [78.1632441, 26.2055361], [78.1627323, 26.2052559], [78.1624521, 26.205158], [78.1619303, 26.2049669], [78.1618976, 26.204955], [78.1615502, 26.2049969], [78.1612625, 26.2049104], [78.16105, 26.204816], [78.1607191, 26.2047012], [78.1602018, 26.2045907], [78.1599114, 26.2044727], [78.1596281, 26.2043722], [78.1593549, 26.204305], [78.1593455, 26.2043533], [78.1592212, 26.2049969], [78.1591798, 26.2050456], [78.1591043, 26.2052996], [78.1591048, 26.2053094], [78.1591493, 26.2057334], [78.1591525, 26.2057932], [78.1591556, 26.2058532], [78.1591363, 26.2061457], [78.1591259, 26.2061662], [78.1589807, 26.2064644], [78.1584016, 26.2065798], [78.1584413, 26.2066307], [78.158507, 26.206715], [78.158606, 26.2069596], [78.1586184, 26.2069891], [78.1587063, 26.2072266], [78.1587993, 26.207567], [78.1588665, 26.2078199], [78.1588796, 26.2078606], [78.1588987, 26.2080448], [78.1589073, 26.2082511], [78.1588575, 26.2084391], [78.1588473, 26.2084706], [78.1588319, 26.2086798], [78.1592038, 26.2087256], [78.1594016, 26.2090269], [78.1595922, 26.2091293], [78.1597852, 26.2092642], [78.1597975, 26.2092748], [78.1598286, 26.2093931], [78.159804, 26.2095565], [78.1598171, 26.2097726], [78.1602191, 26.2097656], [78.1602909, 26.2097652], [78.160839, 26.2097624], [78.1619509, 26.2097273], [78.1621677, 26.2095345], [78.1622137, 26.2094715], [78.1624691, 26.2090726], [78.1627556, 26.2084573], [78.1627696, 26.2084287], [78.1629726, 26.2079124], [78.163, 26.2078714], [78.163335, 26.2071046], [78.1633588, 26.2070865], [78.1635747, 26.2069225], [78.1637743, 26.2068088]]]}, "properties": {"objectid": 219640, "statename": "Madhya Pradesh", "statecode": "23", "districtname": "Gwalior", "districtcode": "421", "ulbname": "Gwalior", "ulbcode": "802100", "wardname": "Mahatma Gandhi Ward", "wardcode": "34", "id": null, "status": "APPROVED", "misglobalid": null, "approved_by": null, "createdate": 1647249824000, "updateddate": 1648194021000, "globalid": null, "gisglobalid": "KP6lBlcc-s45m-Pna6-Q5na-Kosddnc6Qcns", "remark": "", "st_area(shape)": 1.9674264836404846e-05, "st_perimeter(shape)": 0.01805699482529861}}, {"type": "Feature", "geometry": {"type": "Polygon", "coordinates": [[[78.1462292, 26.2081157], [78.1461603, 26.2076769], [78.1462758, 26.2068966], [78.1461753, 26.2061134], [78.1462432, 26.2055808], [78.1463475, 26.2055827], [78.1465077, 26.2048798], [78.1465414, 26.2047348], [78.1470837, 26.2033324], [78.1471299, 26.2032452], [78.1477229, 26.2023709], [78.147744, 26.2022686], [78.1477609, 26.2022459], [78.1484151, 26.2016355], [78.1486611, 26.2014347], [78.1485428, 26.2011567], [78.1484424, 26.2009183], [78.1483778, 26.2006546], [78.148365, 26.2003589], [78.1483083, 26.200363], [78.1480869, 26.2003967], [78.1479863, 26.2003409], [78.1477058, 26.200386], [78.1475838, 26.2003451], [78.1474763, 26.2000531], [78.1472365, 26.2000257], [78.1468122, 26.2000679], [78.1466155, 26.200054], [78.146531, 26.1996561], [78.1462805, 26.1996538], [78.1460667, 26.1996969], [78.1457652, 26.1997683], [78.145735, 26.19976], [78.1454695, 26.1998986], [78.1450386, 26.2002017], [78.1448397, 26.2002465], [78.1446217, 26.2003393], [78.1444648, 26.2004188], [78.1442615, 26.2006269], [78.1442073, 26.2008471], [78.1442492, 26.2011816], [78.1442448, 26.2015908], [78.1442601, 26.2018311], [78.1442362, 26.2021776], [78.1442515, 26.2026144], [78.144231, 26.2031102], [78.1442587, 26.2033433], [78.1443849, 26.2056203], [78.1436543, 26.2058228], [78.1436753, 26.205893], [78.1441632, 26.207523], [78.1444982, 26.2083878], [78.1437913, 26.2084092], [78.1432819, 26.2086582], [78.1430868, 26.2088378], [78.1430905, 26.2088436], [78.1434729, 26.2094543], [78.1439192, 26.2099005], [78.144068, 26.2102146], [78.1451486, 26.2118285], [78.1455367, 26.2122974], [78.1459246, 26.2125937], [78.1461808, 26.2126959], [78.1458244, 26.2120722], [78.1458316, 26.2118114], [78.1458709, 26.2115132], [78.1458423, 26.2112627], [78.1459901, 26.2103317], [78.1460557, 26.20928], [78.1460484, 26.2092174], [78.1460982, 26.2086151], [78.1461279, 26.2085807], [78.1461869, 26.2082195], [78.1461833, 26.2081893], [78.1462292, 26.2081157]]]}, "properties": {"objectid": 219641, "statename": "Madhya Pradesh", "statecode": "23", "districtname": "Gwalior", "districtcode": "421", "ulbname": "Gwalior", "ulbcode": "802100", "wardname": "Hemakaloni Ward", "wardcode": "41", "id": null, "status": "APPROVED", "misglobalid": null, "approved_by": null, "createdate": 1647249987000, "updateddate": 1648194151000, "globalid": null, "gisglobalid": "csBB5nm6-llBP-PKm6-slBn-544dRP6KB644", "remark": "", "st_area(shape)": 3.072103587257673e-05, "st_perimeter(shape)": 0.03335561903737729}}, {"type": "Feature", "geometry": {"type": "Polygon", "coordinates": [[[78.1422754, 26.1962715], [78.1418798, 26.1960066], [78.1418496, 26.1959886], [78.1404512, 26.1943973], [78.1384938, 26.1918741], [78.138557, 26.1917331], [78.1372021, 26.1906602], [78.1360928, 26.1895027], [78.1355244, 26.1884109], [78.1350456, 26.1881886], [78.1345113, 26.1879422], [78.1340314, 26.1875355], [78.1334369, 26.1872111], [78.1332968, 26.1866869], [78.1331074, 26.1864023], [78.1327391, 26.1863593], [78.1323839, 26.1861461], [78.132275, 26.1863442], [78.1319374, 26.186507], [78.1317935, 26.1866229], [78.1318182, 26.1868223], [78.1318209, 26.1868429], [78.1320835, 26.1875946], [78.1321149, 26.1880514], [78.131985, 26.1883135], [78.1319643, 26.188336], [78.1316319, 26.1886569], [78.130949, 26.1887938], [78.1306669, 26.1886026], [78.1301425, 26.1881552], [78.1297015, 26.1881474], [78.1295084, 26.1882682], [78.1289323, 26.1882919], [78.1285514, 26.1881958], [78.1282809, 26.187859], [78.1281729, 26.187513], [78.1272525, 26.186943], [78.1264813, 26.1869836], [78.1260145, 26.1870824], [78.1252903, 26.1871597], [78.1248267, 26.186968], [78.1242877, 26.1867016], [78.1241422, 26.1866312], [78.1233763, 26.1866916], [78.1232863, 26.1866987], [78.1232188, 26.1867041], [78.1227401, 26.1869052], [78.1222542, 26.1872518], [78.1222133, 26.1872962], [78.1221509, 26.1877768], [78.122088, 26.1882608], [78.1221081, 26.1884477], [78.1221394, 26.1887395], [78.1221781, 26.1888842], [78.1221871, 26.188968], [78.1222169, 26.1890292], [78.122642, 26.1891023], [78.1235713, 26.1893251], [78.1237982, 26.1894136], [78.1242547, 26.1895916], [78.1252524, 26.189658], [78.1258239, 26.1896125], [78.1267861, 26.1895597], [78.1268567, 26.1895749], [78.1274084, 26.189783], [78.1279145, 26.1901886], [78.1279283, 26.1903154], [78.1278013, 26.1906459], [78.1282152, 26.1908075], [78.1290499, 26.1907456], [78.1305565, 26.1906298], [78.1312543, 26.1907886], [78.1314012, 26.1908411], [78.132153, 26.1910392], [78.1337789, 26.1913735], [78.1331505, 26.1919082], [78.1331746, 26.1921597], [78.1333037, 26.192229], [78.1337688, 26.1923226], [78.1341011, 26.1924742], [78.1346378, 26.19272], [78.1346413, 26.192752], [78.1349258, 26.193099], [78.134559, 26.1933064], [78.1347376, 26.1934865], [78.1351035, 26.1938998], [78.1355334, 26.1940787], [78.1360605, 26.194167], [78.136135, 26.1941938], [78.1362869, 26.1944135], [78.1363126, 26.1944778], [78.1364576, 26.1947827], [78.1365044, 26.1954684], [78.1371516, 26.1961241], [78.1376461, 26.1964851], [78.137961, 26.1968469], [78.1383081, 26.1975068], [78.1387771, 26.1975878], [78.1393275, 26.1977447], [78.1400754, 26.1981723], [78.1406439, 26.1984199], [78.1413145, 26.198519], [78.1413509, 26.1985163], [78.1417426, 26.1990104], [78.1422472, 26.1999597], [78.1423392, 26.1999882], [78.1426419, 26.1994381], [78.143547, 26.1987414], [78.1435517, 26.1986872], [78.1435803, 26.198354], [78.1435668, 26.198162], [78.143541, 26.1980818], [78.1434801, 26.1979674], [78.1434321, 26.1978931], [78.1430976, 26.1975253], [78.1425326, 26.196581], [78.1422507, 26.1962938], [78.1422754, 26.1962715]]]}, "properties": {"objectid": 219644, "statename": "Madhya Pradesh", "statecode": "23", "districtname": "Gwalior", "districtcode": "421", "ulbname": "Gwalior", "ulbcode": "802100", "wardname": "Mahatma Jyotiva Phule Ward", "wardcode": "49", "id": null, "status": "APPROVED", "misglobalid": null, "approved_by": null, "createdate": 1647250275000, "updateddate": 1648194233000, "globalid": null, "gisglobalid": "6B5n5s56-R5aa-PoP5-QPdQ-Kmmc4lcQaBQQ", "remark": "", "st_area(shape)": 7.670158678110413e-05, "st_perimeter(shape)": 0.06186740095475319}}, {"type": "Feature", "geometry": {"type": "Polygon", "coordinates": [[[78.2191563, 26.2163928], [78.2189606, 26.2161135], [78.2186488, 26.2155754], [78.2186427, 26.2155133], [78.2183573, 26.2147924], [78.2183655, 26.2147481], [78.2182035, 26.2142784], [78.217891, 26.2135106], [78.217978, 26.2134455], [78.2176781, 26.21293], [78.2179185, 26.2127539], [78.2181888, 26.2126504], [78.2183709, 26.2124459], [78.2183675, 26.2122029], [78.2182897, 26.2121434], [78.2208137, 26.2109065], [78.2210038, 26.2108633], [78.2213375, 26.2108115], [78.2218247, 26.2108271], [78.2220181, 26.2094362], [78.2220216, 26.208871], [78.2220391, 26.2087153], [78.2220427, 26.2085078], [78.2220481, 26.2082848], [78.2219253, 26.2058522], [78.2220848, 26.2051316], [78.2224788, 26.2045066], [78.22252, 26.2044147], [78.2231007, 26.2037493], [78.2231767, 26.2036815], [78.2232966, 26.2035992], [78.2234579, 26.2035204], [78.2241935, 26.2032782], [78.2239967, 26.2026618], [78.2238658, 26.2018349], [78.223862, 26.2015864], [78.2239956, 26.200811], [78.2240834, 26.2006461], [78.2242859, 26.2002337], [78.2244322, 26.2000687], [78.2248096, 26.199548], [78.2249801, 26.1992742], [78.225118, 26.1989467], [78.225174, 26.1988378], [78.2256094, 26.1984043], [78.225729, 26.1983239], [78.2258766, 26.1975065], [78.2255679, 26.1974012], [78.2257437, 26.1968686], [78.2259262, 26.1965858], [78.2259107, 26.1960584], [78.226017, 26.1957787], [78.2264012, 26.1958503], [78.2270536, 26.1960932], [78.230707, 26.1933927], [78.2342701, 26.1903712], [78.2296337, 26.1833918], [78.2280385, 26.184088], [78.2269515, 26.1844132], [78.2258837, 26.1851612], [78.2242235, 26.1862184], [78.2227261, 26.1872083], [78.2218342, 26.1877], [78.2217335, 26.1877944], [78.2205923, 26.1882937], [78.2198031, 26.188463], [78.2190902, 26.1887767], [78.2188006, 26.1890922], [78.2186441, 26.1895073], [78.2185945, 26.18995], [78.2185707, 26.1902971], [78.2190108, 26.1906985], [78.2192601, 26.1909015], [78.2194021, 26.1912294], [78.2188831, 26.1920066], [78.2175364, 26.1911167], [78.2168555, 26.1914745], [78.2166698, 26.1915255], [78.216426, 26.1912726], [78.2162086, 26.1908003], [78.2160203, 26.190358], [78.2156513, 26.1899203], [78.2153903, 26.189653], [78.2147149, 26.1896015], [78.2146285, 26.1889226], [78.2146306, 26.1887461], [78.2155033, 26.1867914], [78.2155578, 26.1851902], [78.214139, 26.1853994], [78.2130671, 26.185399], [78.2119443, 26.1853949], [78.2111052, 26.1853934], [78.2107321, 26.1853515], [78.2093354, 26.1852255], [78.208313, 26.1851827], [78.2065443, 26.1819902], [78.2055295, 26.1809251], [78.2055197, 26.1805375], [78.206028, 26.1802095], [78.2074638, 26.180216], [78.2096411, 26.1806897], [78.2106021, 26.1810953], [78.2120665, 26.1805641], [78.2128776, 26.1802116], [78.2135569, 26.179484], [78.2154857, 26.1773652], [78.2153277, 26.1769246], [78.2147047, 26.1765119], [78.2146106, 26.1764304], [78.2141041, 26.1762917], [78.2128524, 26.1762286], [78.2119831, 26.1760453], [78.211342, 26.1758547], [78.2111294, 26.1754609], [78.2109924, 26.1746618], [78.2109915, 26.1746361], [78.2106393, 26.1742471], [78.2106384, 26.1741975], [78.2100754, 26.1739188], [78.2078667, 26.1735686], [78.2073302, 26.1732602], [78.207324, 26.1730772], [78.2073378, 26.1722806], [78.2066711, 26.1712005], [78.2066651, 26.1710226], [78.2063557, 26.1699636], [78.2057077, 26.1688594], [78.2053702, 26.1686612], [78.2049041, 26.1683874], [78.2033221, 26.1683198], [78.202421, 26.1681192], [78.2026933, 26.1669586], [78.2026988, 26.1665317], [78.2025975, 26.1656389], [78.2021142, 26.1648096], [78.2019865, 26.1646556], [78.2012251, 26.1642463], [78.2010458, 26.1640947], [78.2008823, 26.1640956], [78.199484, 26.1638887], [78.1985488, 26.1638394], [78.1973443, 26.1638419], [78.1962427, 26.1638379], [78.1949069, 26.1640059], [78.1943972, 26.1636696], [78.1936592, 26.1631595], [78.1933618, 26.162837], [78.1929776, 26.1623473], [78.1923638, 26.1620871], [78.1914355, 26.1620314], [78.1909162, 26.1616931], [78.1886292, 26.1612795], [78.1886397, 26.1611195], [78.1887897, 26.1607755], [78.1888539, 26.160643], [78.1889469, 26.1605372], [78.1889775, 26.1603536], [78.1887994, 26.1597352], [78.1885433, 26.1593287], [78.1884832, 26.1592534], [78.1880505, 26.1588073], [78.1880225, 26.1587828], [78.1875889, 26.1584911], [78.1873696, 26.1580158], [78.1872311, 26.1578523], [78.1872145, 26.1576664], [78.1873649, 26.1574361], [78.1875069, 26.15739], [78.1875778, 26.1573671], [78.1883182, 26.1574144], [78.188304, 26.1570759], [78.1880072, 26.1568082], [78.1879182, 26.1566538], [78.18756, 26.1561976], [78.1874723, 26.1557938], [78.187532, 26.1554405], [78.1875346, 26.1552352], [78.1869999, 26.1549704], [78.1869674, 26.1545726], [78.1869872, 26.1545333], [78.1867443, 26.1540661], [78.1864534, 26.1541041], [78.1859915, 26.154316], [78.1857606, 26.1546684], [78.1853814, 26.1548475], [78.1849866, 26.1573262], [78.1843273, 26.1590082], [78.1827703, 26.1605344], [78.1813581, 26.1611962], [78.1801985, 26.1614383], [78.1801902, 26.1614432], [78.1787316, 26.1623033], [78.1777321, 26.1625312], [78.1764595, 26.1636828], [78.1749243, 26.1657688], [78.1746865, 26.1672396], [78.174713, 26.167595], [78.1748204, 26.1683523], [78.1749489, 26.1687084], [78.1749993, 26.1701077], [78.1749694, 26.1704252], [78.1746068, 26.1715893], [78.1745767, 26.1718244], [78.1745521, 26.1721512], [78.1737917, 26.1744878], [78.173807, 26.1746787], [78.1735471, 26.1767812], [78.173519, 26.1771181], [78.1735319, 26.1773099], [78.1735678, 26.1784427], [78.1736441, 26.1787853], [78.173624, 26.1792287], [78.1735309, 26.180162], [78.1735441, 26.1803591], [78.1734144, 26.1815487], [78.1734855, 26.1818026], [78.1736482, 26.1832893], [78.1739041, 26.1845897], [78.1743284, 26.1860021], [78.1765617, 26.1876821], [78.1808123, 26.1898491], [78.1821958, 26.191275], [78.1830663, 26.1907957], [78.1841253, 26.1906064], [78.1847045, 26.1917732], [78.1848547, 26.1946146], [78.185269, 26.1955899], [78.1858849, 26.1955891], [78.1867417, 26.1954658], [78.1871765, 26.1954795], [78.1873795, 26.1954377], [78.1874725, 26.1953536], [78.1877676, 26.1953793], [78.1880778, 26.1953908], [78.1881714, 26.195335], [78.1884435, 26.1956616], [78.1884717, 26.1956781], [78.1887349, 26.1958015], [78.1888314, 26.1961673], [78.1888431, 26.1962278], [78.1888891, 26.1963867], [78.1889878, 26.1964744], [78.1891378, 26.1964717], [78.1892618, 26.1965052], [78.1891826, 26.1966161], [78.1895009, 26.1967808], [78.1896158, 26.1968359], [78.1897327, 26.1969138], [78.1900604, 26.1968903], [78.1903896, 26.1968783], [78.1905052, 26.1968673], [78.1906252, 26.1970604], [78.1909463, 26.1972692], [78.1911304, 26.1978418], [78.191089, 26.1980277], [78.1911054, 26.1981531], [78.191452, 26.1981525], [78.1918361, 26.1979642], [78.1935452, 26.1975347], [78.19414, 26.1976458], [78.1948369, 26.1976576], [78.1965907, 26.1963052], [78.1969817, 26.195693], [78.1973757, 26.1955713], [78.1983666, 26.1963834], [78.1986526, 26.1969659], [78.1991831, 26.1978276], [78.1999459, 26.1985687], [78.2012825, 26.1987758], [78.2027671, 26.1990677], [78.2036394, 26.1991017], [78.2044641, 26.1990952], [78.2049226, 26.1990923], [78.2056201, 26.1994986], [78.2063938, 26.1990965], [78.2065393, 26.2002552], [78.2078205, 26.200724], [78.2082734, 26.2009741], [78.2094645, 26.2030834], [78.2094209, 26.2035629], [78.2097019, 26.2034943], [78.2100111, 26.2034379], [78.2102942, 26.2040785], [78.2103465, 26.204598], [78.2103944, 26.2050517], [78.2104359, 26.2058237], [78.2103037, 26.2063411], [78.2098843, 26.2068296], [78.2100004, 26.207419], [78.2100292, 26.2078903], [78.2102933, 26.2081812], [78.2106701, 26.2084509], [78.2109288, 26.2085627], [78.2114511, 26.2088124], [78.2118245, 26.209204], [78.2121498, 26.2096296], [78.2122306, 26.2099937], [78.2122533, 26.2099984], [78.2131824, 26.2090818], [78.213873, 26.2085727], [78.2148199, 26.207841], [78.2152643, 26.2075602], [78.2155967, 26.2074071], [78.2159476, 26.2073663], [78.2161779, 26.2074007], [78.2161887, 26.2080767], [78.2161196, 26.208374], [78.216135, 26.2088531], [78.2159964, 26.2093123], [78.215972, 26.2093585], [78.2158072, 26.2099581], [78.2157572, 26.2100277], [78.2155667, 26.2105604], [78.2155756, 26.2108844], [78.2155362, 26.2113025], [78.2156371, 26.2120247], [78.2159053, 26.2133969], [78.2160824, 26.2138741], [78.2163774, 26.214402], [78.2167644, 26.2146216], [78.2173472, 26.2156359], [78.217335, 26.2158658], [78.2171594, 26.2163007], [78.2171767, 26.216668], [78.2171886, 26.216663], [78.2181587, 26.2164189], [78.2188854, 26.2163922], [78.2190209, 26.2164054], [78.2191563, 26.2163928]]]}, "properties": {"objectid": 219645, "statename": "Madhya Pradesh", "statecode": "23", "districtname": "Gwalior", "districtcode": "421", "ulbname": "Gwalior", "ulbcode": "802100", "wardname": "Pandit Ravi Shankar Ward", "wardcode": "60", "id": null, "status": "APPROVED", "misglobalid": null, "approved_by": null, "createdate": 1647250364000, "updateddate": 1648194344000, "globalid": null, "gisglobalid": "6ddolnmc-dmmn-PnPB-soRa-noKQmc6nBndB", "remark": "", "st_area(shape)": 0.0015433518824218193, "st_perimeter(shape)": 0.25328465476719664}}, {"type": "Feature", "geometry": {"type": "Polygon", "coordinates": [[[78.1672501, 26.2364597], [78.1671875, 26.2363852], [78.1670382, 26.2362187], [78.1669984, 26.2361166], [78.1668483, 26.2358844], [78.166665, 26.235623], [78.1663974, 26.2353574], [78.1659113, 26.2350653], [78.165877, 26.2350351], [78.1654361, 26.2346641], [78.1650998, 26.2344237], [78.1646715, 26.2341009], [78.164331, 26.2339981], [78.1639375, 26.2337544], [78.1639262, 26.2333481], [78.1636686, 26.2330412], [78.163439, 26.2327319], [78.1633161, 26.2323629], [78.1633616, 26.2319794], [78.1634633, 26.2315913], [78.1634985, 26.2308301], [78.1634808, 26.2297999], [78.1633117, 26.2291274], [78.1633209, 26.2291244], [78.162968, 26.2288549], [78.1580983, 26.2274069], [78.1564927, 26.2259902], [78.1520448, 26.2220653], [78.1518788, 26.2219189], [78.1510598, 26.2245085], [78.1510571, 26.2265718], [78.1514225, 26.2266768], [78.1532921, 26.2272139], [78.1560147, 26.2284056], [78.1563264, 26.2293142], [78.1564651, 26.2296246], [78.1563173, 26.2300155], [78.1559252, 26.2303883], [78.1554515, 26.2308705], [78.1550263, 26.2312839], [78.1553712, 26.2328206], [78.1555743, 26.2333084], [78.1558321, 26.233434], [78.1561796, 26.2337783], [78.1569181, 26.2344064], [78.1574557, 26.2348221], [78.1588443, 26.2346798], [78.1592108, 26.2347058], [78.161209, 26.2352114], [78.1634414, 26.2356346], [78.1634861, 26.2356771], [78.1636689, 26.235947], [78.1638874, 26.2362117], [78.1640968, 26.2364291], [78.1641458, 26.2364886], [78.1642563, 26.236829], [78.1642947, 26.2369651], [78.164531, 26.2368785], [78.1649195, 26.2367484], [78.165563, 26.2367], [78.1660193, 26.2366225], [78.1662551, 26.2365903], [78.1665155, 26.2366057], [78.1672501, 26.2364597]]]}, "properties": {"objectid": 219647, "statename": "Madhya Pradesh", "statecode": "23", "districtname": "Gwalior", "districtcode": "421", "ulbname": "Gwalior", "ulbcode": "802100", "wardname": "Koteshwar Ward", "wardcode": "4", "id": null, "status": "APPROVED", "misglobalid": null, "approved_by": null, "createdate": 1647251581000, "updateddate": 1648178969000, "globalid": null, "gisglobalid": "sloQo5cQ-lRdc-P5an-scsB-cdc4BRoRcs4c", "remark": "", "st_area(shape)": 8.08181488045735e-05, "st_perimeter(shape)": 0.05190043715082828}}, {"type": "Feature", "geometry": {"type": "Polygon", "coordinates": [[[78.1873434, 26.2469016], [78.1872814, 26.2468393], [78.1883416, 26.2460289], [78.1873543, 26.2443183], [78.1868568, 26.2445018], [78.1860185, 26.2428034], [78.1857644, 26.241859], [78.1857001, 26.2412022], [78.1855518, 26.24106], [78.185337, 26.2410458], [78.1844086, 26.2410289], [78.1843561, 26.2407976], [78.1841617, 26.2406365], [78.1839347, 26.2403586], [78.1838767, 26.2403472], [78.1835973, 26.2402193], [78.1833001, 26.2399228], [78.1831447, 26.2397014], [78.1830568, 26.2395761], [78.1825311, 26.239645], [78.182301, 26.2395339], [78.1822529, 26.2394058], [78.1820358, 26.2389862], [78.1820506, 26.2387841], [78.1817501, 26.2388968], [78.1786828, 26.2385301], [78.17861, 26.238887], [78.1785127, 26.2397465], [78.1783809, 26.2406829], [78.1783339, 26.2420919], [78.1781881, 26.2436102], [78.1780457, 26.2490913], [78.1780378, 26.249397], [78.183638, 26.2463543], [78.1845211, 26.2459193], [78.1847848, 26.2463195], [78.1853643, 26.2468263], [78.1859287, 26.2468801], [78.1866072, 26.2474297], [78.1873434, 26.2469016]]]}, "properties": {"objectid": 219648, "statename": "Madhya Pradesh", "statecode": "23", "districtname": "Gwalior", "districtcode": "421", "ulbname": "Gwalior", "ulbcode": "802100", "wardname": "Shramik Ward", "wardcode": "8", "id": null, "status": "APPROVED", "misglobalid": null, "approved_by": null, "createdate": 1647251640000, "updateddate": 1648193738000, "globalid": null, "gisglobalid": "6md4BlP5-K4cQ-Pmnn-aoal-QcQQ4aRc6aca", "remark": "", "st_area(shape)": 6.602021982237583e-05, "st_perimeter(shape)": 0.03772665795892965}}, {"type": "Feature", "geometry": {"type": "Polygon", "coordinates": [[[78.1714323, 26.2375119], [78.171532, 26.2370799], [78.171598, 26.2366158], [78.1715779, 26.2362969], [78.1720967, 26.2361587], [78.1725796, 26.2360518], [78.1728812, 26.2359764], [78.1727403, 26.2358006], [78.1724639, 26.2354874], [78.1722219, 26.2353023], [78.1719501, 26.2352294], [78.1717343, 26.2350979], [78.1716411, 26.235093], [78.1712497, 26.2355448], [78.170138, 26.235227], [78.1700133, 26.2351185], [78.1695296, 26.2349821], [78.1686796, 26.2353332], [78.1684043, 26.2353487], [78.1684504, 26.2349614], [78.168452, 26.234908], [78.1680765, 26.2340341], [78.1679049, 26.2334297], [78.1677646, 26.2330946], [78.1675421, 26.2327925], [78.1670338, 26.2287664], [78.1668988, 26.2287546], [78.1663858, 26.2287096], [78.1656841, 26.2287129], [78.1651196, 26.2287069], [78.1646453, 26.2287454], [78.164422, 26.2287637], [78.1633209, 26.2291244], [78.1633117, 26.2291274], [78.1634808, 26.2297999], [78.1634985, 26.2308301], [78.1634633, 26.2315913], [78.1633616, 26.2319794], [78.1633161, 26.2323629], [78.163439, 26.2327319], [78.1636686, 26.2330412], [78.1639262, 26.2333481], [78.1639375, 26.2337544], [78.164331, 26.2339981], [78.1646715, 26.2341009], [78.1650998, 26.2344237], [78.1654361, 26.2346641], [78.165877, 26.2350351], [78.1659113, 26.2350653], [78.1663974, 26.2353574], [78.166665, 26.235623], [78.1668483, 26.2358844], [78.1669984, 26.2361166], [78.1670382, 26.2362187], [78.1671875, 26.2363852], [78.1672501, 26.2364597], [78.1674745, 26.2364151], [78.1673081, 26.2373287], [78.1676776, 26.2382226], [78.1676937, 26.238239], [78.1682913, 26.2380709], [78.1692421, 26.237882], [78.1693041, 26.2378777], [78.1697972, 26.2377991], [78.170851, 26.2375835], [78.1712357, 26.2375439], [78.1714323, 26.2375119]]]}, "properties": {"objectid": 219649, "statename": "Madhya Pradesh", "statecode": "23", "districtname": "Gwalior", "districtcode": "421", "ulbname": "Gwalior", "ulbcode": "802100", "wardname": "Shaheed Bhanu Swaroop Du+Rc:R[10]Cbe Ward", "wardcode": "10", "id": null, "status": "APPROVED", "misglobalid": null, "approved_by": null, "createdate": 1647251674000, "updateddate": 1648193755000, "globalid": null, "gisglobalid": "asnsKK66-6K4R-P46c-a6QK-Q5oncmcPoacP", "remark": "", "st_area(shape)": 3.639500411498067e-05, "st_perimeter(shape)": 0.03354666661873916}}, {"type": "Feature", "geometry": {"type": "Polygon", "coordinates": [[[78.181396, 26.2305602], [78.1813532, 26.2305517], [78.1814138, 26.2302679], [78.1814168, 26.2302188], [78.1814245, 26.2300089], [78.1814266, 26.22995], [78.1814143, 26.2299257], [78.1806186, 26.2300873], [78.1798489, 26.2302459], [78.17975, 26.230301], [78.1795425, 26.2305776], [78.1791955, 26.2307717], [78.1783724, 26.2309361], [78.1775559, 26.230962], [78.1769001, 26.2313054], [78.1766543, 26.2317785], [78.1764046, 26.2327261], [78.1761481, 26.2328554], [78.1761591, 26.2329507], [78.1761677, 26.2332848], [78.1762602, 26.2336052], [78.1762749, 26.2336295], [78.1763982, 26.2340054], [78.1764111, 26.23437], [78.1764186, 26.2345811], [78.1767353, 26.2345798], [78.1771011, 26.2344568], [78.1772212, 26.2345664], [78.1773426, 26.2346899], [78.1772988, 26.2349359], [78.1772874, 26.2349911], [78.1773518, 26.2351085], [78.1775119, 26.2353866], [78.1771833, 26.2355408], [78.1766688, 26.2355892], [78.1764036, 26.235599], [78.1763927, 26.2361525], [78.1760682, 26.2365051], [78.1756344, 26.2372206], [78.1752574, 26.2376551], [78.1756884, 26.2378793], [78.1762123, 26.2379553], [78.1776347, 26.2381657], [78.1779976, 26.2382194], [78.1785056, 26.2382945], [78.178718, 26.2383259], [78.1787452, 26.238298], [78.1789261, 26.2381135], [78.1789795, 26.2380158], [78.1793151, 26.2374027], [78.1804817, 26.2347871], [78.1808582, 26.2338431], [78.1811419, 26.2336238], [78.181362, 26.2314842], [78.1813473, 26.2313614], [78.181396, 26.2305602]]]}, "properties": {"objectid": 219651, "statename": "Madhya Pradesh", "statecode": "23", "districtname": "Gwalior", "districtcode": "421", "ulbname": "Gwalior", "ulbcode": "802100", "wardname": "Chandra Sekhar Ward", "wardcode": "11", "id": null, "status": "APPROVED", "misglobalid": null, "approved_by": null, "createdate": 1647251694000, "updateddate": 1648193792000, "globalid": null, "gisglobalid": "KacR4BQ4-n4Ro-PK6B-a5ml-nKnldBclc666", "remark": "", "st_area(shape)": 3.069588161883977e-05, "st_perimeter(shape)": 0.026455402038754662}}, {"type": "Feature", "geometry": {"type": "Polygon", "coordinates": [[[78.1719141, 26.2340504], [78.1725796, 26.2337022], [78.1727295, 26.2336237], [78.1726862, 26.2320277], [78.1728078, 26.2314947], [78.172785, 26.2309865], [78.1726212, 26.2305248], [78.172554, 26.2300527], [78.1725631, 26.2285635], [78.1733449, 26.2284137], [78.1734315, 26.2291297], [78.1734128, 26.2293263], [78.1736068, 26.2293431], [78.1738778, 26.2293927], [78.1742564, 26.2292122], [78.1747656, 26.2291008], [78.1753875, 26.2289306], [78.1757028, 26.2290834], [78.176087, 26.2292058], [78.1769048, 26.229159], [78.17678, 26.2285889], [78.1767559, 26.2285489], [78.1763722, 26.2279128], [78.1762863, 26.2270114], [78.1763257, 26.2269638], [78.1768487, 26.2260368], [78.1763933, 26.2228286], [78.1762421, 26.2223884], [78.1759597, 26.2220017], [78.1759511, 26.22199], [78.1754857, 26.2217036], [78.1745633, 26.2218288], [78.17438, 26.2221796], [78.1735533, 26.2222911], [78.172587, 26.2224224], [78.1724933, 26.2224349], [78.1715489, 26.2225567], [78.1703599, 26.2226962], [78.1697761, 26.2226621], [78.1695408, 26.2227404], [78.1694964, 26.2227552], [78.1701804, 26.223643], [78.1699838, 26.2240925], [78.1694068, 26.2249723], [78.1690611, 26.2255346], [78.1691019, 26.2261311], [78.1691652, 26.2269884], [78.1694158, 26.2278125], [78.1698401, 26.2286687], [78.1698805, 26.2287299], [78.1702171, 26.2296151], [78.1702663, 26.2297417], [78.1705931, 26.2305455], [78.1708967, 26.2313137], [78.1712299, 26.2318298], [78.1714692, 26.2322017], [78.1713561, 26.2327339], [78.1715298, 26.2337683], [78.1716641, 26.2341313], [78.1718972, 26.2340593], [78.1719141, 26.2340504]]]}, "properties": {"objectid": 219652, "statename": "Madhya Pradesh", "statecode": "23", "districtname": "Gwalior", "districtcode": "421", "ulbname": "Gwalior", "ulbcode": "802100", "wardname": "Sewa Nagar Ward", "wardcode": "14", "id": null, "status": "APPROVED", "misglobalid": null, "approved_by": null, "createdate": 1647251772000, "updateddate": 1648193811000, "globalid": null, "gisglobalid": "4KPcaK4K-6oo5-P6ac-RKBm-4PcBd4KoBQoo", "remark": "", "st_area(shape)": 5.582912826022794e-05, "st_perimeter(shape)": 0.03852907794655631}}, {"type": "Feature", "geometry": {"type": "Polygon", "coordinates": [[[78.1950683, 26.2368858], [78.1951162, 26.2368821], [78.1951339, 26.2347021], [78.1942907, 26.2319829], [78.1942774, 26.231922], [78.1934658, 26.2303464], [78.192144, 26.2287227], [78.1918631, 26.2284297], [78.1901773, 26.2285924], [78.1882061, 26.2288104], [78.1824334, 26.2299114], [78.1821229, 26.2298626], [78.1816791, 26.229793], [78.1816296, 26.2297852], [78.1814877, 26.2297629], [78.1814657, 26.2297595], [78.1814338, 26.2297545], [78.1814293, 26.2298771], [78.1814143, 26.2299257], [78.1814266, 26.22995], [78.1814245, 26.2300089], [78.1814168, 26.2302188], [78.1814138, 26.2302679], [78.1813532, 26.2305517], [78.181396, 26.2305602], [78.1817067, 26.2306224], [78.1821937, 26.2305613], [78.1834814, 26.230642], [78.1842832, 26.2305362], [78.1851206, 26.2305481], [78.1866599, 26.2302051], [78.1866919, 26.2305287], [78.1868793, 26.231591], [78.1868876, 26.2316534], [78.1872558, 26.2318091], [78.1872768, 26.2321276], [78.1872278, 26.2329751], [78.1871949, 26.2340306], [78.1872322, 26.2341235], [78.1868875, 26.2340306], [78.1866863, 26.2341971], [78.1866571, 26.2342325], [78.1864694, 26.2343821], [78.185951, 26.2343075], [78.1858446, 26.2351532], [78.1877643, 26.235636], [78.1889576, 26.2358825], [78.1891857, 26.2359393], [78.1934819, 26.2370099], [78.1950683, 26.2368858]]]}, "properties": {"objectid": 219653, "statename": "Madhya Pradesh", "statecode": "23", "districtname": "Gwalior", "districtcode": "421", "ulbname": "Gwalior", "ulbcode": "802100", "wardname": "Lal Bahadur Shastrib Ward", "wardcode": "16", "id": null, "status": "APPROVED", "misglobalid": null, "approved_by": null, "createdate": 1647251806000, "updateddate": 1648193830000, "globalid": null, "gisglobalid": "R54RnRo6-dloK-PRl4-s5d6-nmcPdl4Pm5Q4", "remark": "", "st_area(shape)": 6.166964902493808e-05, "st_perimeter(shape)": 0.04207151070913905}}, {"type": "Feature", "geometry": {"type": "Polygon", "coordinates": [[[78.2227414, 26.2420788], [78.2227607, 26.2420284], [78.2227633, 26.2419514], [78.2224368, 26.2414935], [78.222438, 26.2414422], [78.2223645, 26.2410794], [78.2222327, 26.2408419], [78.2228035, 26.2396862], [78.222968, 26.2391466], [78.222649, 26.23866], [78.2225941, 26.2386045], [78.2225129, 26.2384955], [78.2224318, 26.2383867], [78.2220571, 26.2378741], [78.2220642, 26.2376952], [78.2217008, 26.2371399], [78.2215471, 26.2369035], [78.2203759, 26.2341545], [78.22041, 26.2332154], [78.2203871, 26.232723], [78.2203979, 26.2325694], [78.2205736, 26.2320385], [78.2206692, 26.2318648], [78.2208325, 26.2314916], [78.2208446, 26.231289], [78.22067, 26.2309495], [78.2198787, 26.229847], [78.2198873, 26.2297232], [78.2199024, 26.2295011], [78.2198554, 26.2293746], [78.2197773, 26.2292956], [78.2188528, 26.2283061], [78.2188417, 26.2270871], [78.2194475, 26.2265616], [78.2199225, 26.2264642], [78.22006, 26.226316], [78.2204908, 26.2257706], [78.2208969, 26.2252122], [78.2207558, 26.2246266], [78.2207527, 26.2244519], [78.2203412, 26.2235902], [78.2203411, 26.2234933], [78.2202615, 26.2229354], [78.220262, 26.2228401], [78.2199973, 26.2225085], [78.2199776, 26.2224838], [78.2199825, 26.2224815], [78.2199754, 26.2224811], [78.2199647, 26.2224676], [78.2199233, 26.2224158], [78.2185707, 26.2222804], [78.2184123, 26.2222702], [78.2176257, 26.2221257], [78.2166814, 26.2226014], [78.2167012, 26.222643], [78.2171719, 26.2236342], [78.2174312, 26.2246024], [78.2179101, 26.2266936], [78.21691, 26.2270897], [78.2158698, 26.2273282], [78.2154648, 26.2274168], [78.2150946, 26.2271366], [78.2150857, 26.2272977], [78.2148262, 26.2274175], [78.2142754, 26.2276524], [78.2139224, 26.2278456], [78.2137813, 26.2278963], [78.2139893, 26.2280724], [78.2147159, 26.2286269], [78.214683, 26.228934], [78.2146753, 26.2291398], [78.2146389, 26.2293463], [78.2146349, 26.2294696], [78.2145814, 26.2298658], [78.214551, 26.2299715], [78.2142607, 26.2303259], [78.2141617, 26.2304375], [78.2140228, 26.2308955], [78.2136326, 26.23167], [78.2124306, 26.2329178], [78.2076603, 26.2343943], [78.2090043, 26.2350858], [78.2117085, 26.2356686], [78.2122772, 26.2357972], [78.2156212, 26.2365396], [78.2158408, 26.2366368], [78.2161464, 26.2408659], [78.2164266, 26.2412925], [78.216475, 26.2413453], [78.2167282, 26.2418174], [78.2167426, 26.2419114], [78.2167542, 26.2419868], [78.2167658, 26.2420624], [78.2167276, 26.2425066], [78.2165491, 26.2427131], [78.2159997, 26.2426275], [78.2122451, 26.2409996], [78.2112554, 26.2407698], [78.2084569, 26.2398005], [78.2093011, 26.2437273], [78.2099044, 26.2470426], [78.2098571, 26.2470408], [78.2101604, 26.2475167], [78.2101236, 26.247902], [78.2117322, 26.2489683], [78.2132718, 26.2475063], [78.2164788, 26.2476074], [78.2168426, 26.2450144], [78.2169205, 26.2446984], [78.2170323, 26.2443067], [78.2170761, 26.244071], [78.2175592, 26.2442081], [78.2184056, 26.2440498], [78.218945, 26.2442725], [78.2193479, 26.2443537], [78.2200653, 26.2443965], [78.2206757, 26.244248], [78.2210223, 26.2442166], [78.2216351, 26.243937], [78.2217622, 26.2436298], [78.2222448, 26.2430603], [78.2222743, 26.2430361], [78.2224573, 26.2426831], [78.2226062, 26.2424323], [78.2227414, 26.2420788]]]}, "properties": {"objectid": 219654, "statename": "Madhya Pradesh", "statecode": "23", "districtname": "Gwalior", "districtcode": "421", "ulbname": "Gwalior", "ulbcode": "802100", "wardname": "Dr. Hari Ram Chandra Devkar Ward", "wardcode": "20", "id": null, "status": "APPROVED", "misglobalid": null, "approved_by": null, "createdate": 1647251948000, "updateddate": 1648193913000, "globalid": null, "gisglobalid": "nsB5oRam-5RmK-PP5d-RaQP-nQaBo55PasBn", "remark": "", "st_area(shape)": 0.00017871796452597746, "st_perimeter(shape)": 0.09582792088595034}}, {"type": "Feature", "geometry": {"type": "Polygon", "coordinates": [[[78.2098571, 26.2470408], [78.2099044, 26.2470426], [78.2093011, 26.2437273], [78.2084569, 26.2398005], [78.2112554, 26.2407698], [78.2122451, 26.2409996], [78.2159997, 26.2426275], [78.2165491, 26.2427131], [78.2167276, 26.2425066], [78.2167658, 26.2420624], [78.2167542, 26.2419868], [78.2167426, 26.2419114], [78.2167282, 26.2418174], [78.216475, 26.2413453], [78.2164266, 26.2412925], [78.2161464, 26.2408659], [78.2158408, 26.2366368], [78.2156212, 26.2365396], [78.2122772, 26.2357972], [78.2117085, 26.2356686], [78.2090043, 26.2350858], [78.2076603, 26.2343943], [78.2124306, 26.2329178], [78.2136326, 26.23167], [78.2140228, 26.2308955], [78.2141617, 26.2304375], [78.2142607, 26.2303259], [78.214551, 26.2299715], [78.2145814, 26.2298658], [78.2146349, 26.2294696], [78.2146389, 26.2293463], [78.2146753, 26.2291398], [78.214683, 26.228934], [78.2147159, 26.2286269], [78.2139893, 26.2280724], [78.2137813, 26.2278963], [78.2137297, 26.2278526], [78.2133227, 26.2276445], [78.213157, 26.2274232], [78.2129727, 26.2270718], [78.2131527, 26.226966], [78.2131803, 26.2267197], [78.2131576, 26.2265716], [78.2129811, 26.2265452], [78.2126854, 26.2265819], [78.2125444, 26.2264976], [78.2121657, 26.2262436], [78.2121158, 26.2261916], [78.2120636, 26.2261215], [78.2119077, 26.2259123], [78.2116245, 26.2256947], [78.2115144, 26.2256658], [78.2109758, 26.2251549], [78.2109056, 26.2248661], [78.2105038, 26.2247161], [78.2099329, 26.2247319], [78.2095521, 26.2246783], [78.2090798, 26.2246111], [78.2088303, 26.224397], [78.2084175, 26.2233558], [78.2084803, 26.2231801], [78.2086329, 26.222987], [78.2076006, 26.2218867], [78.2072462, 26.2215394], [78.2070386, 26.2212422], [78.206811, 26.2210954], [78.2066637, 26.2208186], [78.2063505, 26.2204863], [78.2062637, 26.2200796], [78.2059366, 26.2201447], [78.2057363, 26.2197756], [78.2053902, 26.2196481], [78.2044167, 26.219261], [78.204, 26.2195696], [78.2030998, 26.2200125], [78.201454, 26.2210382], [78.2013508, 26.2210593], [78.2002375, 26.2218949], [78.2001786, 26.2219272], [78.2001164, 26.2219377], [78.1995408, 26.2227835], [78.1962147, 26.2254346], [78.1888311, 26.2200026], [78.1866138, 26.2220017], [78.1919863, 26.2284178], [78.1918631, 26.2284297], [78.192144, 26.2287227], [78.1934658, 26.2303464], [78.1942774, 26.231922], [78.1942907, 26.2319829], [78.1951339, 26.2347021], [78.1951162, 26.2368821], [78.1950683, 26.2368858], [78.1950972, 26.2373139], [78.1951088, 26.2373886], [78.1951075, 26.2375659], [78.1948716, 26.2392015], [78.1948264, 26.2392835], [78.1942987, 26.2407961], [78.1942529, 26.2408796], [78.1941689, 26.241099], [78.1941135, 26.2413163], [78.1941041, 26.24145], [78.1934816, 26.2428222], [78.1932, 26.2441831], [78.1932113, 26.2442645], [78.193142, 26.244408], [78.1930758, 26.2445778], [78.1929419, 26.2448969], [78.1929034, 26.2449675], [78.1943189, 26.2454305], [78.1950992, 26.2455182], [78.1960136, 26.2456378], [78.1967276, 26.2458484], [78.1975067, 26.246082], [78.1978046, 26.2462916], [78.1982968, 26.2464381], [78.1983975, 26.2464291], [78.1999436, 26.2468866], [78.2004659, 26.247107], [78.2013382, 26.2471483], [78.2088646, 26.2469186], [78.2096294, 26.2470322], [78.2098571, 26.2470408]]]}, "properties": {"objectid": 219655, "statename": "Madhya Pradesh", "statecode": "23", "districtname": "Gwalior", "districtcode": "421", "ulbname": "Gwalior", "ulbcode": "802100", "wardname": "Panchsheel Ward", "wardcode": "21", "id": null, "status": "APPROVED", "misglobalid": null, "approved_by": null, "createdate": 1647251967000, "updateddate": 1648193923000, "globalid": null, "gisglobalid": "onKsa4dc-4on5-P5ss-aQmn-s5cBQdKoPKco", "remark": "", "st_area(shape)": 0.0004732764570636878, "st_perimeter(shape)": 0.12290436307589463}}, {"type": "Feature", "geometry": {"type": "Polygon", "coordinates": [[[78.2339933, 26.2492206], [78.2340407, 26.249208], [78.2342486, 26.2484533], [78.2339174, 26.2477231], [78.2316938, 26.2463115], [78.2298034, 26.2437648], [78.2280742, 26.2417609], [78.2272324, 26.2401506], [78.2267593, 26.2380823], [78.2258, 26.2304245], [78.2249033, 26.2302636], [78.2235055, 26.2303301], [78.2232103, 26.2289296], [78.223164, 26.2278814], [78.2231372, 26.2278812], [78.2225403, 26.2232643], [78.2224031, 26.2232846], [78.2217812, 26.22341], [78.2214353, 26.2234257], [78.2210744, 26.2232209], [78.2206602, 26.2227639], [78.2200987, 26.2224891], [78.2199825, 26.2224815], [78.2199776, 26.2224838], [78.2199973, 26.2225085], [78.220262, 26.2228401], [78.2202615, 26.2229354], [78.2203411, 26.2234933], [78.2203412, 26.2235902], [78.2207527, 26.2244519], [78.2207558, 26.2246266], [78.2208969, 26.2252122], [78.2204908, 26.2257706], [78.22006, 26.226316], [78.2199225, 26.2264642], [78.2194475, 26.2265616], [78.2188417, 26.2270871], [78.2188528, 26.2283061], [78.2197773, 26.2292956], [78.2198554, 26.2293746], [78.2199024, 26.2295011], [78.2198873, 26.2297232], [78.2198787, 26.229847], [78.22067, 26.2309495], [78.2208446, 26.231289], [78.2208325, 26.2314916], [78.2206692, 26.2318648], [78.2205736, 26.2320385], [78.2203979, 26.2325694], [78.2203871, 26.232723], [78.22041, 26.2332154], [78.2203759, 26.2341545], [78.2215471, 26.2369035], [78.2217008, 26.2371399], [78.2220642, 26.2376952], [78.2220571, 26.2378741], [78.2224318, 26.2383867], [78.2225129, 26.2384955], [78.2225941, 26.2386045], [78.222649, 26.23866], [78.222968, 26.2391466], [78.2228035, 26.2396862], [78.2222327, 26.2408419], [78.2223645, 26.2410794], [78.222438, 26.2414422], [78.2224368, 26.2414935], [78.2227633, 26.2419514], [78.2227607, 26.2420284], [78.2227414, 26.2420788], [78.2231914, 26.2422771], [78.2237608, 26.2424528], [78.2250351, 26.2427205], [78.2264798, 26.2429821], [78.2273024, 26.2431308], [78.2282572, 26.2435591], [78.2292884, 26.2443668], [78.2299912, 26.2455247], [78.2307371, 26.2463621], [78.2309322, 26.2465825], [78.2322482, 26.2476428], [78.2327028, 26.2485335], [78.2327319, 26.2491389], [78.232947, 26.2492893], [78.2334031, 26.2493366], [78.2335141, 26.2493482], [78.2339933, 26.2492206]]]}, "properties": {"objectid": 219656, "statename": "Madhya Pradesh", "statecode": "23", "districtname": "Gwalior", "districtcode": "421", "ulbname": "Gwalior", "ulbcode": "802100", "wardname": "Shaheed Bhagat Singh Ward", "wardcode": "25", "id": null, "status": "APPROVED", "misglobalid": null, "approved_by": null, "createdate": 1647251981000, "updateddate": 1648193957000, "globalid": null, "gisglobalid": "5BKKcsa5-d45K-PacR-aB56-6RdcPssaBd45", "remark": "", "st_area(shape)": 9.545739355305361e-05, "st_perimeter(shape)": 0.07115499692983235}}, {"type": "Feature", "geometry": {"type": "Polygon", "coordinates": [[[78.1663208, 26.2103638], [78.1662834, 26.2102717], [78.1659496, 26.2095225], [78.1654185, 26.2090358], [78.1650661, 26.2086722], [78.1646057, 26.2082948], [78.1640183, 26.2076613], [78.1636636, 26.2069469], [78.1637743, 26.2068088], [78.1635747, 26.2069225], [78.1633588, 26.2070865], [78.163335, 26.2071046], [78.163, 26.2078714], [78.1629726, 26.2079124], [78.1627696, 26.2084287], [78.1627556, 26.2084573], [78.1624691, 26.2090726], [78.1622137, 26.2094715], [78.1621677, 26.2095345], [78.1619509, 26.2097273], [78.160839, 26.2097624], [78.1602909, 26.2097652], [78.1602191, 26.2097656], [78.1598171, 26.2097726], [78.1596742, 26.2097751], [78.1591088, 26.209533], [78.1587118, 26.209586], [78.1582901, 26.2097935], [78.1582605, 26.2098248], [78.1574609, 26.2102144], [78.1572127, 26.2104853], [78.157039, 26.2107534], [78.1571449, 26.2108196], [78.1573486, 26.2110824], [78.1574198, 26.2112533], [78.1575741, 26.2113066], [78.1581186, 26.2117564], [78.1585383, 26.2118622], [78.1591684, 26.2118259], [78.1597062, 26.211753], [78.1600885, 26.2116264], [78.1602123, 26.2114874], [78.1602873, 26.2114196], [78.1604547, 26.2112683], [78.1606959, 26.2114169], [78.1607535, 26.211441], [78.1609999, 26.2115442], [78.1612273, 26.2119244], [78.1612492, 26.2119431], [78.1613901, 26.21221], [78.1614854, 26.2122253], [78.1617929, 26.2122747], [78.1620508, 26.2124017], [78.1620602, 26.2125946], [78.1622527, 26.2127227], [78.1626323, 26.2129066], [78.1629975, 26.2124956], [78.1634427, 26.2124199], [78.1635283, 26.2120377], [78.163529, 26.2117128], [78.1637838, 26.2114838], [78.1636357, 26.2113307], [78.1639539, 26.2111974], [78.163955, 26.2106813], [78.1646547, 26.2105296], [78.1648667, 26.2104917], [78.1651637, 26.2103393], [78.1656932, 26.2104549], [78.1663208, 26.2103638]]]}, "properties": {"objectid": 219657, "statename": "Madhya Pradesh", "statecode": "23", "districtname": "Gwalior", "districtcode": "421", "ulbname": "Gwalior", "ulbcode": "802100", "wardname": "Ravidas Nagar Ward", "wardcode": "33", "id": null, "status": "APPROVED", "misglobalid": null, "approved_by": null, "createdate": 1647251995000, "updateddate": 1648194051000, "globalid": null, "gisglobalid": "oQKcQmnB-mBca-Pc4K-soQo-oRasKoclosoa", "remark": "", "st_area(shape)": 2.149264487588402e-05, "st_perimeter(shape)": 0.026024877902554755}}, {"type": "Feature", "geometry": {"type": "Polygon", "coordinates": [[[78.2292646, 26.1492718], [78.2288008, 26.1498995], [78.2260984, 26.1516403], [78.2258016, 26.15195], [78.2217034, 26.155417], [78.2212998, 26.1560548], [78.2203645, 26.1566866], [78.2194542, 26.1571651], [78.219115, 26.157314], [78.2177526, 26.1578189], [78.2174641, 26.1578296], [78.2160114, 26.158621], [78.2143985, 26.1598979], [78.2142993, 26.1599023], [78.2132166, 26.1604634], [78.2129482, 26.1620384], [78.2127447, 26.1623455], [78.212673, 26.1623822], [78.2122389, 26.1625847], [78.2122031, 26.1626198], [78.2120276, 26.1630041], [78.212032, 26.1632158], [78.2118073, 26.163315], [78.2115836, 26.1635362], [78.2114148, 26.1637753], [78.2113212, 26.1642548], [78.2113209, 26.1645203], [78.2110446, 26.1648407], [78.2108052, 26.165027], [78.2104343, 26.1655622], [78.2103918, 26.1656452], [78.210067, 26.1662213], [78.2100233, 26.1662871], [78.2096651, 26.1668859], [78.209423, 26.1670573], [78.2092145, 26.1670037], [78.2090699, 26.166947], [78.208309, 26.166987], [78.2080075, 26.1673089], [78.2078897, 26.1674467], [78.2076138, 26.1676808], [78.2071661, 26.1675156], [78.206995, 26.1675258], [78.2067557, 26.1674452], [78.2062606, 26.1674657], [78.2056623, 26.167691], [78.2056214, 26.1677111], [78.2054401, 26.1680696], [78.2054322, 26.1681263], [78.2053814, 26.1684902], [78.2053705, 26.1685679], [78.2053702, 26.1686612], [78.2057077, 26.1688594], [78.2063557, 26.1699636], [78.2066651, 26.1710226], [78.2066711, 26.1712005], [78.2073378, 26.1722806], [78.207324, 26.1730772], [78.2073302, 26.1732602], [78.2078667, 26.1735686], [78.2100754, 26.1739188], [78.2106384, 26.1741975], [78.2106393, 26.1742471], [78.2109915, 26.1746361], [78.2109924, 26.1746618], [78.2111294, 26.1754609], [78.211342, 26.1758547], [78.2119831, 26.1760453], [78.2128524, 26.1762286], [78.2141041, 26.1762917], [78.2146106, 26.1764304], [78.2147047, 26.1765119], [78.2153277, 26.1769246], [78.2154857, 26.1773652], [78.2135569, 26.179484], [78.2128776, 26.1802116], [78.2120665, 26.1805641], [78.2106021, 26.1810953], [78.2096411, 26.1806897], [78.2074638, 26.180216], [78.206028, 26.1802095], [78.2055197, 26.1805375], [78.2055295, 26.1809251], [78.2065443, 26.1819902], [78.208313, 26.1851827], [78.2093354, 26.1852255], [78.2107321, 26.1853515], [78.2111052, 26.1853934], [78.2119443, 26.1853949], [78.2130671, 26.185399], [78.214139, 26.1853994], [78.2155578, 26.1851902], [78.2155033, 26.1867914], [78.2146306, 26.1887461], [78.2146285, 26.1889226], [78.2147149, 26.1896015], [78.2153903, 26.189653], [78.2156513, 26.1899203], [78.2160203, 26.190358], [78.2162086, 26.1908003], [78.216426, 26.1912726], [78.2166698, 26.1915255], [78.2168555, 26.1914745], [78.2175364, 26.1911167], [78.2188831, 26.1920066], [78.2194021, 26.1912294], [78.2192601, 26.1909015], [78.2190108, 26.1906985], [78.2185707, 26.1902971], [78.2185945, 26.18995], [78.2186441, 26.1895073], [78.2188006, 26.1890922], [78.2190902, 26.1887767], [78.2198031, 26.188463], [78.2205923, 26.1882937], [78.2217335, 26.1877944], [78.2218342, 26.1877], [78.2227261, 26.1872083], [78.2242235, 26.1862184], [78.2258837, 26.1851612], [78.2269515, 26.1844132], [78.2280385, 26.184088], [78.2296337, 26.1833918], [78.2342701, 26.1903712], [78.230707, 26.1933927], [78.2270536, 26.1960932], [78.2264012, 26.1958503], [78.226017, 26.1957787], [78.2259107, 26.1960584], [78.2259262, 26.1965858], [78.2257437, 26.1968686], [78.2255679, 26.1974012], [78.2258766, 26.1975065], [78.225729, 26.1983239], [78.2256094, 26.1984043], [78.225174, 26.1988378], [78.225118, 26.1989467], [78.2249801, 26.1992742], [78.2248096, 26.199548], [78.2244322, 26.2000687], [78.2242859, 26.2002337], [78.2240834, 26.2006461], [78.2239956, 26.200811], [78.223862, 26.2015864], [78.2238658, 26.2018349], [78.2239967, 26.2026618], [78.2241935, 26.2032782], [78.2252273, 26.202938], [78.2253711, 26.2029316], [78.2266424, 26.2026443], [78.2288699, 26.2028552], [78.2306854, 26.2036033], [78.2328716, 26.2045236], [78.2352902, 26.2054088], [78.244827, 26.2097488], [78.2453153, 26.2143058], [78.2454658, 26.2172404], [78.2454298, 26.2183836], [78.2460922, 26.2274565], [78.2460996, 26.2302035], [78.2461906, 26.2325047], [78.2461991, 26.2327203], [78.2462299, 26.233499], [78.2462953, 26.2351519], [78.246165, 26.2354019], [78.246165, 26.235402], [78.2480551, 26.2354991], [78.249114, 26.2363737], [78.2492724, 26.2365135], [78.2503013, 26.2363284], [78.2503934, 26.2362151], [78.2512262, 26.2360871], [78.2514043, 26.2360925], [78.2519026, 26.2361162], [78.2544777, 26.2366173], [78.2589984, 26.2354268], [78.2590965, 26.2353788], [78.261512, 26.2341692], [78.2625768, 26.2336374], [78.2631634, 26.2338366], [78.2638616, 26.2336588], [78.2640539, 26.2341408], [78.2647742, 26.2337685], [78.2648003, 26.2337137], [78.265254, 26.233696], [78.265859, 26.2342073], [78.2659753, 26.2343133], [78.2663547, 26.2342554], [78.2664974, 26.2341451], [78.2669316, 26.2340083], [78.2673965, 26.2338501], [78.267584, 26.233997], [78.2679056, 26.2337909], [78.268306, 26.2338169], [78.2689706, 26.2337686], [78.2701435, 26.2339434], [78.2710824, 26.234142], [78.2713571, 26.2343925], [78.2724977, 26.2343311], [78.2736169, 26.2340664], [78.2747213, 26.2356174], [78.2754111, 26.2367411], [78.2763748, 26.2376164], [78.2764704, 26.2381779], [78.2765254, 26.2384944], [78.2768065, 26.2396747], [78.2778546, 26.239475], [78.2790116, 26.2391842], [78.280181, 26.2389086], [78.2808601, 26.2387485], [78.281865, 26.2385951], [78.2819927, 26.2383132], [78.2838815, 26.2380234], [78.2847664, 26.2392506], [78.2859828, 26.2390651], [78.2873692, 26.238699], [78.2876366, 26.2386198], [78.2919816, 26.2381077], [78.2926482, 26.2380043], [78.2969387, 26.2373419], [78.2994569, 26.2383211], [78.305454, 26.2398177], [78.3226385, 26.2457992], [78.3254478, 26.2470645], [78.3263987, 26.2471026], [78.3271426, 26.2459541], [78.327213, 26.2457626], [78.3274492, 26.2440043], [78.3269535, 26.2425174], [78.326232, 26.2412744], [78.3262463, 26.2404968], [78.3259809, 26.2391776], [78.3257974, 26.2383513], [78.3266844, 26.2377942], [78.3266349, 26.2368634], [78.3259619, 26.2363502], [78.325267, 26.2343995], [78.3263236, 26.2337954], [78.3255261, 26.2315124], [78.3258151, 26.2311032], [78.3258967, 26.2307301], [78.3258352, 26.230352], [78.3255787, 26.229885], [78.3249955, 26.2296302], [78.3248811, 26.2293053], [78.3245294, 26.2289893], [78.3237514, 26.2288648], [78.322933, 26.2283622], [78.322824, 26.2272451], [78.3219906, 26.22415], [78.3210528, 26.2225656], [78.3204387, 26.2217109], [78.320314, 26.2216468], [78.3172434, 26.2207997], [78.3158978, 26.2164677], [78.3137591, 26.2126182], [78.3143376, 26.2124329], [78.311365, 26.2097346], [78.3104261, 26.2079143], [78.3089177, 26.2061825], [78.3080295, 26.2061483], [78.307934, 26.2061715], [78.3066728, 26.2072636], [78.2967143, 26.2018926], [78.2961239, 26.1996367], [78.2920773, 26.2011465], [78.2915668, 26.1994947], [78.290133, 26.1987025], [78.2888586, 26.1978938], [78.2879723, 26.1965737], [78.2865269, 26.1939471], [78.2848876, 26.1944005], [78.2814022, 26.1923764], [78.2804482, 26.1900809], [78.2776979, 26.1889531], [78.2748928, 26.1881083], [78.2730931, 26.187905], [78.270798, 26.1898107], [78.2699582, 26.1897588], [78.2693556, 26.1891723], [78.2616711, 26.1889911], [78.2605722, 26.1846716], [78.2569485, 26.1817777], [78.252437, 26.1804117], [78.2520932, 26.1800511], [78.2517027, 26.178516], [78.2511626, 26.1773526], [78.2505814, 26.1757923], [78.2505099, 26.1755037], [78.2493627, 26.1756547], [78.2534226, 26.1705806], [78.2563183, 26.1695872], [78.2568152, 26.1693756], [78.2582037, 26.1689303], [78.2584996, 26.1689158], [78.2588906, 26.1688097], [78.2593796, 26.1686068], [78.2610416, 26.1680808], [78.2613427, 26.1675878], [78.2620353, 26.16661], [78.2625257, 26.1661169], [78.2630268, 26.1641254], [78.2632231, 26.1635611], [78.2627518, 26.1620323], [78.2614358, 26.1611787], [78.2608173, 26.1589755], [78.2608183, 26.1586301], [78.2606229, 26.1572787], [78.2617399, 26.1565503], [78.2623966, 26.1554137], [78.2636023, 26.1531764], [78.2637882, 26.1529169], [78.2651405, 26.1509744], [78.26594, 26.1503789], [78.2683688, 26.1502013], [78.2706775, 26.1489753], [78.2718756, 26.1474932], [78.2731935, 26.1470401], [78.2742155, 26.1478647], [78.2743047, 26.1478611], [78.2752578, 26.1473471], [78.2756927, 26.1471707], [78.2770008, 26.1467247], [78.2771619, 26.1464829], [78.2778124, 26.1456758], [78.2780465, 26.1452784], [78.2780283, 26.1450476], [78.2790903, 26.1440076], [78.2823619, 26.144023], [78.284437, 26.1428708], [78.2865535, 26.1430087], [78.2900401, 26.1424097], [78.2905121, 26.139159], [78.289763, 26.1372456], [78.2889312, 26.1356069], [78.2874161, 26.1336479], [78.2872606, 26.1334171], [78.2841442, 26.1318964], [78.280927, 26.1316715], [78.2775024, 26.1318143], [78.2737861, 26.133253], [78.2691092, 26.1340552], [78.264926, 26.1350815], [78.26262, 26.1351758], [78.2583903, 26.1352328], [78.2577434, 26.1350277], [78.2572294, 26.1349312], [78.2547957, 26.1347979], [78.2517134, 26.1364822], [78.2485121, 26.137429], [78.2481316, 26.1375572], [78.2474823, 26.13759], [78.2469619, 26.1377347], [78.2439435, 26.1383786], [78.2422079, 26.1397936], [78.2415316, 26.1404366], [78.2340432, 26.1453181], [78.2313913, 26.1468503], [78.2298054, 26.14854], [78.2292646, 26.1492718]]]}, "properties": {"objectid": 219659, "statename": "Madhya Pradesh", "statecode": "23", "districtname": "Gwalior", "districtcode": "421", "ulbname": "Gwalior", "ulbcode": "802100", "wardname": "Sirol Ward", "wardcode": "61", "id": null, "status": "APPROVED", "misglobalid": null, "approved_by": null, "createdate": 1647252087000, "updateddate": 1648194337000, "globalid": null, "gisglobalid": "ddlKRQP6-R44o-PQQK-Qsnn-n6l5BlQPsdsn", "remark": "", "st_area(shape)": 0.005895329918096432, "st_perimeter(shape)": 0.5286581329382781}}, {"type": "Feature", "geometry": {"type": "Polygon", "coordinates": [[[78.1780457, 26.2490913], [78.1781881, 26.2436102], [78.1783339, 26.2420919], [78.1783809, 26.2406829], [78.1785127, 26.2397465], [78.17861, 26.238887], [78.1786828, 26.2385301], [78.1786182, 26.2385224], [78.1786153, 26.2385165], [78.1784908, 26.2385684], [78.1781442, 26.2387132], [78.1780347, 26.2387728], [78.1765697, 26.2397752], [78.1750039, 26.2398908], [78.1741527, 26.2398493], [78.172189, 26.2403515], [78.172168, 26.2402955], [78.1717658, 26.2404515], [78.1713206, 26.2404823], [78.1706523, 26.2405272], [78.17015, 26.2408802], [78.1698834, 26.2411183], [78.1696212, 26.2413968], [78.1691145, 26.2416896], [78.1684253, 26.2419004], [78.1676646, 26.2423017], [78.1668873, 26.2423014], [78.1655769, 26.2420351], [78.1653629, 26.2418706], [78.1649493, 26.2417005], [78.1648796, 26.241666], [78.1646977, 26.2416202], [78.1644751, 26.2416174], [78.1642716, 26.2418327], [78.1638812, 26.2422025], [78.163792, 26.2421147], [78.163392, 26.242495], [78.162459, 26.2422784], [78.1609331, 26.2421015], [78.1587189, 26.2419705], [78.1564638, 26.2415746], [78.1591806, 26.2466202], [78.1628267, 26.2494298], [78.1629112, 26.2535444], [78.1611078, 26.2580236], [78.1610841, 26.2580824], [78.1653909, 26.2559702], [78.172209, 26.2524334], [78.1780457, 26.2490913]]]}, "properties": {"objectid": 219661, "statename": "Madhya Pradesh", "statecode": "23", "districtname": "Gwalior", "districtcode": "421", "ulbname": "Gwalior", "ulbcode": "802100", "wardname": "Indra Ward", "wardcode": "7", "id": null, "status": "APPROVED", "misglobalid": null, "approved_by": null, "createdate": 1647252777000, "updateddate": 1648193703000, "globalid": null, "gisglobalid": "s6RRn646-65mo-Pooa-snos-a54QaP5KRl5a", "remark": "", "st_area(shape)": 0.00022066645073456537, "st_perimeter(shape)": 0.07302807855723957}}, {"type": "Feature", "geometry": {"type": "Polygon", "coordinates": [[[78.1618956, 26.2211803], [78.1620046, 26.2209088], [78.1623233, 26.2207655], [78.1627358, 26.2204337], [78.1632503, 26.220201], [78.1634129, 26.2200889], [78.1633749, 26.2196249], [78.163136, 26.2192219], [78.163135, 26.2191834], [78.1636016, 26.2189332], [78.1637028, 26.2188687], [78.1640084, 26.2188099], [78.1638375, 26.218441], [78.1638356, 26.2183647], [78.1638298, 26.2181355], [78.164173, 26.2180766], [78.1641943, 26.217888], [78.1647167, 26.2177664], [78.1648117, 26.2177036], [78.1650233, 26.2175786], [78.1650198, 26.217503], [78.1649284, 26.2170316], [78.1648878, 26.2169956], [78.1646578, 26.2167208], [78.1646166, 26.2166845], [78.1645038, 26.2164609], [78.1648815, 26.2163364], [78.1652473, 26.2162637], [78.1648652, 26.2155816], [78.1648182, 26.2155063], [78.1640813, 26.2154077], [78.1641082, 26.2151102], [78.163953, 26.2147873], [78.163905, 26.2147123], [78.1635636, 26.2143054], [78.1635318, 26.2141927], [78.1632012, 26.2138088], [78.1629589, 26.213498], [78.1626819, 26.2131677], [78.1626323, 26.2129066], [78.1622527, 26.2127227], [78.1620602, 26.2125946], [78.1620508, 26.2124017], [78.1617929, 26.2122747], [78.1614854, 26.2122253], [78.1613901, 26.21221], [78.1612492, 26.2119431], [78.1612273, 26.2119244], [78.1609999, 26.2115442], [78.1607535, 26.211441], [78.1606959, 26.2114169], [78.1604547, 26.2112683], [78.1602873, 26.2114196], [78.1602123, 26.2114874], [78.1600885, 26.2116264], [78.1597062, 26.211753], [78.1591684, 26.2118259], [78.1585383, 26.2118622], [78.1581186, 26.2117564], [78.1575741, 26.2113066], [78.1574198, 26.2112533], [78.1573486, 26.2110824], [78.1571449, 26.2108196], [78.157039, 26.2107534], [78.1568805, 26.2106543], [78.1566971, 26.2103153], [78.1565406, 26.2101293], [78.1562508, 26.2097777], [78.1559614, 26.2096725], [78.1556682, 26.2096888], [78.1546255, 26.209643], [78.1541968, 26.2095066], [78.1538855, 26.2093962], [78.1531286, 26.2092557], [78.152749, 26.2091384], [78.152039, 26.2092307], [78.1519702, 26.2092858], [78.1513155, 26.2096169], [78.1512462, 26.209671], [78.1505845, 26.2100917], [78.1499424, 26.2105462], [78.1498935, 26.2106153], [78.1498029, 26.2106411], [78.1491902, 26.2110446], [78.149138, 26.211082], [78.1490841, 26.2111037], [78.148482, 26.2113445], [78.1481276, 26.2115781], [78.1481105, 26.2115964], [78.1480196, 26.2116397], [78.1478078, 26.211814], [78.1476836, 26.2121153], [78.1474674, 26.2125028], [78.1473995, 26.2126156], [78.1471774, 26.2127892], [78.1466916, 26.2128538], [78.146441, 26.2129006], [78.1462977, 26.2128771], [78.1463067, 26.2129162], [78.1463883, 26.213271], [78.1464111, 26.2133701], [78.1470042, 26.2136614], [78.1473244, 26.2137476], [78.147676, 26.213933], [78.1480661, 26.2141334], [78.1513857, 26.2129777], [78.1522929, 26.2125743], [78.154184, 26.2121689], [78.1551314, 26.212044], [78.1560165, 26.2120597], [78.1563934, 26.2118991], [78.1567622, 26.2117143], [78.1567521, 26.2127485], [78.1574125, 26.213229], [78.1581452, 26.2136409], [78.1584861, 26.2138333], [78.1586636, 26.2142596], [78.1595245, 26.2148343], [78.1600938, 26.2154468], [78.160373, 26.2159265], [78.1606613, 26.2169972], [78.1607232, 26.2177152], [78.1607358, 26.2188036], [78.1606817, 26.2201503], [78.16063, 26.2206636], [78.1608514, 26.2207799], [78.1615422, 26.2211838], [78.1618956, 26.2211803]]]}, "properties": {"objectid": 220048, "statename": "Madhya Pradesh", "statecode": "23", "districtname": "Gwalior", "districtcode": "421", "ulbname": "Gwalior", "ulbcode": "802100", "wardname": "Sindia Ward", "wardcode": "2", "id": null, "status": "APPROVED", "misglobalid": null, "approved_by": null, "createdate": 1647248988000, "updateddate": 1648178921000, "globalid": null, "gisglobalid": "R5dcKBns-s4l6-Pl6m-sn6o-lQc66PQlmcdQ", "remark": "", "st_area(shape)": 6.434409116156802e-05, "st_perimeter(shape)": 0.05586299744393103}}, {"type": "Feature", "geometry": {"type": "Polygon", "coordinates": [[[78.1668988, 26.2287546], [78.1669358, 26.2285166], [78.166882, 26.2277895], [78.1667699, 26.2274615], [78.1666728, 26.2272399], [78.1664214, 26.2269151], [78.1662171, 26.2268753], [78.1654898, 26.2268453], [78.1631649, 26.2259521], [78.162973, 26.2254541], [78.1621184, 26.2246045], [78.1619916, 26.2241548], [78.1618421, 26.2236248], [78.1620893, 26.2227161], [78.1624319, 26.2218395], [78.1625175, 26.2213186], [78.1621365, 26.2211779], [78.1618956, 26.2211803], [78.1615422, 26.2211838], [78.1608514, 26.2207799], [78.16063, 26.2206636], [78.1606817, 26.2201503], [78.1607358, 26.2188036], [78.1607232, 26.2177152], [78.1606613, 26.2169972], [78.160373, 26.2159265], [78.1600938, 26.2154468], [78.1595245, 26.2148343], [78.1586636, 26.2142596], [78.1584861, 26.2138333], [78.1581452, 26.2136409], [78.1574125, 26.213229], [78.1567521, 26.2127485], [78.1567622, 26.2117143], [78.1563934, 26.2118991], [78.1560165, 26.2120597], [78.1551314, 26.212044], [78.154184, 26.2121689], [78.1522929, 26.2125743], [78.1513857, 26.2129777], [78.1480661, 26.2141334], [78.1479361, 26.2141787], [78.1516518, 26.2195868], [78.1517494, 26.2204534], [78.1520448, 26.2220653], [78.1564927, 26.2259902], [78.1580983, 26.2274069], [78.162968, 26.2288549], [78.1633209, 26.2291244], [78.164422, 26.2287637], [78.1646453, 26.2287454], [78.1651196, 26.2287069], [78.1656841, 26.2287129], [78.1663858, 26.2287096], [78.1668988, 26.2287546]]]}, "properties": {"objectid": 220049, "statename": "Madhya Pradesh", "statecode": "23", "districtname": "Gwalior", "districtcode": "421", "ulbname": "Gwalior", "ulbcode": "802100", "wardname": "Pandit Ravi Shankar Ward", "wardcode": "3", "id": null, "status": "APPROVED", "misglobalid": null, "approved_by": null, "createdate": 1647249108000, "updateddate": 1648178874000, "globalid": null, "gisglobalid": "BsmPcBmK-dBcd-PlKP-Q54Q-anPcKc6m565s", "remark": "", "st_area(shape)": 0.00014620060051800682, "st_perimeter(shape)": 0.05891919776423194}}, {"type": "Feature", "geometry": {"type": "Polygon", "coordinates": [[[78.2167012, 26.222643], [78.2166349, 26.2226893], [78.2164026, 26.2228788], [78.2163284, 26.2229578], [78.216236, 26.2230496], [78.2157913, 26.223196], [78.2157364, 26.2232331], [78.2156449, 26.223295], [78.2155531, 26.2233571], [78.215498, 26.2233944], [78.2151492, 26.2235105], [78.2147895, 26.2235803], [78.2141315, 26.2235133], [78.2140474, 26.2235163], [78.2137359, 26.2235787], [78.2136678, 26.2235839], [78.213399, 26.2236846], [78.2133636, 26.223695], [78.2130656, 26.2237609], [78.2127417, 26.2237759], [78.2122801, 26.2237074], [78.2118669, 26.2236487], [78.2115363, 26.2236005], [78.2111796, 26.2235159], [78.2108387, 26.2235139], [78.2109351, 26.2230723], [78.2102875, 26.222931], [78.2103084, 26.2226225], [78.2101676, 26.2224479], [78.2101833, 26.222027], [78.2096672, 26.2215615], [78.2096328, 26.2213198], [78.210263, 26.2212105], [78.2102077, 26.2211245], [78.209993, 26.2207906], [78.2098433, 26.220653], [78.2096224, 26.220269], [78.209611, 26.2200494], [78.2100035, 26.2199401], [78.2100399, 26.2197123], [78.2096756, 26.2191013], [78.2090141, 26.219168], [78.206861, 26.2190129], [78.2072472, 26.2149586], [78.2064705, 26.2148721], [78.2029528, 26.2143592], [78.2030172, 26.2146112], [78.1997382, 26.2144339], [78.194102, 26.2138406], [78.1876548, 26.213453], [78.1862087, 26.213325], [78.1811375, 26.2130378], [78.1807478, 26.2133489], [78.1846357, 26.2165715], [78.1889248, 26.2199181], [78.1888311, 26.2200026], [78.1962147, 26.2254346], [78.1995408, 26.2227835], [78.2001164, 26.2219377], [78.2001786, 26.2219272], [78.2002375, 26.2218949], [78.2013508, 26.2210593], [78.201454, 26.2210382], [78.2030998, 26.2200125], [78.204, 26.2195696], [78.2044167, 26.219261], [78.2053902, 26.2196481], [78.2057363, 26.2197756], [78.2059366, 26.2201447], [78.2062637, 26.2200796], [78.2063505, 26.2204863], [78.2066637, 26.2208186], [78.206811, 26.2210954], [78.2070386, 26.2212422], [78.2072462, 26.2215394], [78.2076006, 26.2218867], [78.2086329, 26.222987], [78.2084803, 26.2231801], [78.2084175, 26.2233558], [78.2088303, 26.224397], [78.2090798, 26.2246111], [78.2095521, 26.2246783], [78.2099329, 26.2247319], [78.2105038, 26.2247161], [78.2109056, 26.2248661], [78.2109758, 26.2251549], [78.2115144, 26.2256658], [78.2116245, 26.2256947], [78.2119077, 26.2259123], [78.2120636, 26.2261215], [78.2121158, 26.2261916], [78.2121657, 26.2262436], [78.2125444, 26.2264976], [78.2126854, 26.2265819], [78.2129811, 26.2265452], [78.2131576, 26.2265716], [78.2131803, 26.2267197], [78.2131527, 26.226966], [78.2129727, 26.2270718], [78.213157, 26.2274232], [78.2133227, 26.2276445], [78.2137297, 26.2278526], [78.2137813, 26.2278963], [78.2139224, 26.2278456], [78.2142754, 26.2276524], [78.2148262, 26.2274175], [78.2150857, 26.2272977], [78.2150946, 26.2271366], [78.2154648, 26.2274168], [78.2158698, 26.2273282], [78.21691, 26.2270897], [78.2179101, 26.2266936], [78.2174312, 26.2246024], [78.2171719, 26.2236342], [78.2167012, 26.222643]]]}, "properties": {"objectid": 220050, "statename": "Madhya Pradesh", "statecode": "23", "districtname": "Gwalior", "districtcode": "421", "ulbname": "Gwalior", "ulbcode": "802100", "wardname": "Kabir Ward", "wardcode": "22", "id": null, "status": "APPROVED", "misglobalid": null, "approved_by": null, "createdate": 1647249355000, "updateddate": 1648193930000, "globalid": null, "gisglobalid": "oRo666P6-B4nP-PBdo-QBmR-KR6amlsQd4dn", "remark": "", "st_area(shape)": 0.00020750154172836317, "st_perimeter(shape)": 0.10006396458868333}}, {"type": "Feature", "geometry": {"type": "Polygon", "coordinates": [[[78.2122306, 26.2099937], [78.2121498, 26.2096296], [78.2118245, 26.209204], [78.2114511, 26.2088124], [78.2109288, 26.2085627], [78.2106701, 26.2084509], [78.2102933, 26.2081812], [78.2100292, 26.2078903], [78.2100004, 26.207419], [78.2098843, 26.2068296], [78.2103037, 26.2063411], [78.2104359, 26.2058237], [78.2103944, 26.2050517], [78.2103465, 26.204598], [78.2102942, 26.2040785], [78.2100111, 26.2034379], [78.2097019, 26.2034943], [78.2094209, 26.2035629], [78.2094645, 26.2030834], [78.2082734, 26.2009741], [78.2078205, 26.200724], [78.2065393, 26.2002552], [78.2063938, 26.1990965], [78.2056201, 26.1994986], [78.2049226, 26.1990923], [78.2044641, 26.1990952], [78.2036394, 26.1991017], [78.2027671, 26.1990677], [78.2012825, 26.1987758], [78.1999459, 26.1985687], [78.1991831, 26.1978276], [78.1986526, 26.1969659], [78.1983666, 26.1963834], [78.1973757, 26.1955713], [78.1969817, 26.195693], [78.1965907, 26.1963052], [78.1948369, 26.1976576], [78.19414, 26.1976458], [78.1935452, 26.1975347], [78.1918361, 26.1979642], [78.191452, 26.1981525], [78.1911054, 26.1981531], [78.191089, 26.1980277], [78.1911304, 26.1978418], [78.1909463, 26.1972692], [78.1906252, 26.1970604], [78.1905052, 26.1968673], [78.1903896, 26.1968783], [78.1900604, 26.1968903], [78.1897327, 26.1969138], [78.1896158, 26.1968359], [78.1895009, 26.1967808], [78.1891826, 26.1966161], [78.1892618, 26.1965052], [78.1891378, 26.1964717], [78.1889878, 26.1964744], [78.1888891, 26.1963867], [78.1888431, 26.1962278], [78.1888314, 26.1961673], [78.1887349, 26.1958015], [78.1884717, 26.1956781], [78.1884435, 26.1956616], [78.1881714, 26.195335], [78.1880778, 26.1953908], [78.1877676, 26.1953793], [78.1874725, 26.1953536], [78.1873795, 26.1954377], [78.1871765, 26.1954795], [78.1867417, 26.1954658], [78.1858849, 26.1955891], [78.185269, 26.1955899], [78.1848547, 26.1946146], [78.1847045, 26.1917732], [78.1841253, 26.1906064], [78.1830663, 26.1907957], [78.1821958, 26.191275], [78.1826677, 26.1917615], [78.1831458, 26.1939179], [78.1824828, 26.1988485], [78.1819693, 26.2042024], [78.1840387, 26.2041555], [78.1877462, 26.2038756], [78.1891993, 26.2033335], [78.189461, 26.2031717], [78.1897596, 26.2030499], [78.1900163, 26.2029248], [78.1901506, 26.2027897], [78.1960644, 26.1989873], [78.1961908, 26.1988924], [78.1993488, 26.2054434], [78.2004067, 26.2074883], [78.200892, 26.2078631], [78.2026258, 26.2088231], [78.2026135, 26.2088384], [78.2027636, 26.2087824], [78.2034633, 26.2075402], [78.2037909, 26.2077079], [78.2041606, 26.2078034], [78.2042669, 26.2080606], [78.204438, 26.2083382], [78.2046694, 26.2084886], [78.2049206, 26.2086026], [78.20511, 26.2087161], [78.2053276, 26.2090166], [78.2055667, 26.2093189], [78.2057611, 26.2095839], [78.2069342, 26.2098083], [78.2071878, 26.2098312], [78.2072588, 26.2122312], [78.2079072, 26.2122389], [78.2080296, 26.2122456], [78.2081238, 26.2115959], [78.2082008, 26.2110489], [78.2082005, 26.2110295], [78.2082748, 26.2103131], [78.2085036, 26.2099644], [78.2088221, 26.2098856], [78.2097821, 26.2098596], [78.2105096, 26.209855], [78.2113035, 26.2098503], [78.2118004, 26.2099056], [78.2122306, 26.2099937]]]}, "properties": {"objectid": 220051, "statename": "Madhya Pradesh", "statecode": "23", "districtname": "Gwalior", "districtcode": "421", "ulbname": "Gwalior", "ulbcode": "802100", "wardname": "Swami Vivekanand Ward", "wardcode": "29", "id": null, "status": "APPROVED", "misglobalid": null, "approved_by": null, "createdate": 1647249706000, "updateddate": 1648193991000, "globalid": null, "gisglobalid": "646Ql6a6-anPa-PanK-slQd-5RnnQBalPdcB", "remark": "", "st_area(shape)": 0.00021119737252487072, "st_perimeter(shape)": 0.10399384781386163}}, {"type": "Feature", "geometry": {"type": "Polygon", "coordinates": [[[78.157039, 26.2107534], [78.1572127, 26.2104853], [78.1574609, 26.2102144], [78.1582605, 26.2098248], [78.1582901, 26.2097935], [78.1587118, 26.209586], [78.1591088, 26.209533], [78.1596742, 26.2097751], [78.1598171, 26.2097726], [78.159804, 26.2095565], [78.1598286, 26.2093931], [78.1597975, 26.2092748], [78.1597852, 26.2092642], [78.1595922, 26.2091293], [78.1594016, 26.2090269], [78.1592038, 26.2087256], [78.1588319, 26.2086798], [78.1588473, 26.2084706], [78.1588575, 26.2084391], [78.1589073, 26.2082511], [78.1588987, 26.2080448], [78.1588796, 26.2078606], [78.1588665, 26.2078199], [78.1587993, 26.207567], [78.1587063, 26.2072266], [78.1586184, 26.2069891], [78.158606, 26.2069596], [78.158507, 26.206715], [78.1584413, 26.2066307], [78.1583579, 26.2066544], [78.1582171, 26.2068644], [78.1581268, 26.2073717], [78.1581317, 26.207409], [78.1580062, 26.2077469], [78.1579181, 26.2079562], [78.1577147, 26.2081496], [78.1576771, 26.2081906], [78.1576112, 26.2082338], [78.1574542, 26.2083476], [78.1573854, 26.2083656], [78.1571846, 26.2084701], [78.1570323, 26.2085068], [78.1562313, 26.2081699], [78.1558861, 26.2081211], [78.1557482, 26.2079032], [78.1550879, 26.2075994], [78.1544287, 26.2075495], [78.1526798, 26.2077889], [78.1518341, 26.2081084], [78.1512045, 26.2083101], [78.1507382, 26.2081946], [78.1504102, 26.2080431], [78.1493883, 26.2077687], [78.1487618, 26.207532], [78.1484798, 26.2076953], [78.1480996, 26.2079989], [78.1478754, 26.2080902], [78.1477117, 26.2082607], [78.147421, 26.2083826], [78.1472339, 26.2084056], [78.1466893, 26.2079751], [78.1462959, 26.2080086], [78.1462292, 26.2081157], [78.1461833, 26.2081893], [78.1461869, 26.2082195], [78.1461279, 26.2085807], [78.1460982, 26.2086151], [78.1460484, 26.2092174], [78.1460557, 26.20928], [78.1459901, 26.2103317], [78.1458423, 26.2112627], [78.1458709, 26.2115132], [78.1458316, 26.2118114], [78.1458244, 26.2120722], [78.1461808, 26.2126959], [78.1463067, 26.2129162], [78.1462977, 26.2128771], [78.146441, 26.2129006], [78.1466916, 26.2128538], [78.1471774, 26.2127892], [78.1473995, 26.2126156], [78.1474674, 26.2125028], [78.1476836, 26.2121153], [78.1478078, 26.211814], [78.1480196, 26.2116397], [78.1481105, 26.2115964], [78.1481276, 26.2115781], [78.148482, 26.2113445], [78.1490841, 26.2111037], [78.149138, 26.211082], [78.1491902, 26.2110446], [78.1498029, 26.2106411], [78.1498935, 26.2106153], [78.1499424, 26.2105462], [78.1505845, 26.2100917], [78.1512462, 26.209671], [78.1513155, 26.2096169], [78.1519702, 26.2092858], [78.152039, 26.2092307], [78.152749, 26.2091384], [78.1531286, 26.2092557], [78.1538855, 26.2093962], [78.1541968, 26.2095066], [78.1546255, 26.209643], [78.1556682, 26.2096888], [78.1559614, 26.2096725], [78.1562508, 26.2097777], [78.1565406, 26.2101293], [78.1566971, 26.2103153], [78.1568805, 26.2106543], [78.157039, 26.2107534]]]}, "properties": {"objectid": 220052, "statename": "Madhya Pradesh", "statecode": "23", "districtname": "Gwalior", "districtcode": "421", "ulbname": "Gwalior", "ulbcode": "802100", "wardname": "Rajiv Nagar Ward", "wardcode": "36", "id": null, "status": "APPROVED", "misglobalid": null, "approved_by": null, "createdate": 1647249868000, "updateddate": 1648194057000, "globalid": null, "gisglobalid": "acBoPdmc-ccmo-PslP-RdBQ-KKnsR6s56KQR", "remark": "", "st_area(shape)": 3.260694283119752e-05, "st_perimeter(shape)": 0.0390733250518058}}, {"type": "Feature", "geometry": {"type": "Polygon", "coordinates": [[[78.1436753, 26.205893], [78.1434635, 26.2058629], [78.1428245, 26.2045735], [78.1425729, 26.2038168], [78.1425752, 26.2036618], [78.1426106, 26.2032142], [78.1425381, 26.202975], [78.1424579, 26.20271], [78.1424275, 26.2026097], [78.1420514, 26.2019958], [78.142016, 26.2018768], [78.1418039, 26.2012518], [78.1418222, 26.2011717], [78.1414691, 26.2012569], [78.1411198, 26.2015018], [78.1409204, 26.2016238], [78.1404496, 26.2017091], [78.1400043, 26.2017742], [78.1395336, 26.2019819], [78.1394797, 26.2020207], [78.1392092, 26.2021543], [78.1388754, 26.2023001], [78.138665, 26.2025092], [78.138625, 26.2027756], [78.1384299, 26.202982], [78.1374496, 26.203199], [78.1373194, 26.2033986], [78.1371871, 26.2036008], [78.1371393, 26.2036787], [78.1369931, 26.203829], [78.1369674, 26.2038616], [78.1368836, 26.2040912], [78.1368892, 26.2041196], [78.1368178, 26.2044258], [78.1368666, 26.2047659], [78.1371883, 26.2048705], [78.137592, 26.2048708], [78.1381082, 26.2048384], [78.1385618, 26.2048812], [78.1386976, 26.2048768], [78.1393065, 26.2048473], [78.1396798, 26.2047736], [78.1399555, 26.2047779], [78.1401458, 26.2050083], [78.1403462, 26.2052509], [78.1409724, 26.2057311], [78.1418788, 26.2078698], [78.1419467, 26.2079988], [78.1423569, 26.2087607], [78.1430905, 26.2088436], [78.1430868, 26.2088378], [78.1432819, 26.2086582], [78.1437913, 26.2084092], [78.1444982, 26.2083878], [78.1441632, 26.207523], [78.1436753, 26.205893]]]}, "properties": {"objectid": 220053, "statename": "Madhya Pradesh", "statecode": "23", "districtname": "Gwalior", "districtcode": "421", "ulbname": "Gwalior", "ulbcode": "802100", "wardname": "Tatya Tope Ward", "wardcode": "39", "id": null, "status": "APPROVED", "misglobalid": null, "approved_by": null, "createdate": 1647249939000, "updateddate": 1648194084000, "globalid": null, "gisglobalid": "4dQQ4Rom-cnB5-PP5c-QdRn-RKlRnK55dndm", "remark": "", "st_area(shape)": 2.4304766983431762e-05, "st_perimeter(shape)": 0.024845740065471272}}, {"type": "Feature", "geometry": {"type": "Polygon", "coordinates": [[[78.1567146, 26.2028105], [78.1565885, 26.2024764], [78.1561608, 26.2020612], [78.1553313, 26.2016624], [78.1552042, 26.2016142], [78.15443, 26.2011747], [78.1534263, 26.2009393], [78.1533423, 26.2009026], [78.1525913, 26.2004877], [78.1511135, 26.1993755], [78.1504551, 26.1992128], [78.1504296, 26.1991843], [78.1498242, 26.199063], [78.1495114, 26.1989875], [78.1493019, 26.1989593], [78.1491975, 26.1988307], [78.1492563, 26.1984628], [78.1491971, 26.1982244], [78.1495909, 26.1978457], [78.1496249, 26.1978172], [78.1499785, 26.1974493], [78.1500059, 26.1974029], [78.150053, 26.1973511], [78.1504269, 26.1969782], [78.1504349, 26.1969372], [78.150562, 26.1966697], [78.1506314, 26.1965537], [78.1507886, 26.1963328], [78.1510411, 26.1960958], [78.1513499, 26.195921], [78.1514781, 26.1957943], [78.1515206, 26.1957597], [78.1515711, 26.1957187], [78.1515512, 26.1955618], [78.1515453, 26.1955159], [78.1514798, 26.1953191], [78.151454, 26.1952758], [78.1513915, 26.1950992], [78.1513074, 26.1949083], [78.1512831, 26.1948747], [78.1511793, 26.194679], [78.1511663, 26.1946535], [78.1511127, 26.1944549], [78.1509955, 26.1943661], [78.1509354, 26.194385], [78.1509056, 26.1943368], [78.1507891, 26.1943831], [78.1506301, 26.1945942], [78.1503991, 26.1948057], [78.1500768, 26.1955937], [78.1499155, 26.1958735], [78.1494927, 26.1961617], [78.1490558, 26.1967829], [78.1484546, 26.1971192], [78.1480738, 26.197338], [78.1484334, 26.1983968], [78.1484428, 26.1984305], [78.1482019, 26.1985546], [78.1480406, 26.1988527], [78.147999, 26.1991186], [78.1479297, 26.1994329], [78.1481381, 26.2000166], [78.1483644, 26.2003444], [78.148365, 26.2003589], [78.1483778, 26.2006546], [78.1484424, 26.2009183], [78.1485428, 26.2011567], [78.1486611, 26.2014347], [78.1486947, 26.2014072], [78.1495813, 26.2021339], [78.1504789, 26.202701], [78.1505085, 26.2027351], [78.1516677, 26.2032763], [78.15228, 26.2036402], [78.1529895, 26.2039474], [78.1535387, 26.2041259], [78.1539026, 26.2043119], [78.1541, 26.2040241], [78.1551343, 26.2030203], [78.1562886, 26.2026356], [78.1565933, 26.2027035], [78.1567146, 26.2028105]]]}, "properties": {"objectid": 220054, "statename": "Madhya Pradesh", "statecode": "23", "districtname": "Gwalior", "districtcode": "421", "ulbname": "Gwalior", "ulbcode": "802100", "wardname": "Shaheed Amar Chandra Vanthiya Ward", "wardcode": "43", "id": null, "status": "APPROVED", "misglobalid": null, "approved_by": null, "createdate": 1647250028000, "updateddate": 1648194167000, "globalid": null, "gisglobalid": "o5ls455o-455R-PsBR-s6al-K5nd5QRKmKdQ", "remark": "", "st_area(shape)": 2.821998829016735e-05, "st_perimeter(shape)": 0.03282124057984803}}, {"type": "Feature", "geometry": {"type": "Polygon", "coordinates": [[[78.1237982, 26.1894136], [78.1235713, 26.1893251], [78.122642, 26.1891023], [78.1222169, 26.1890292], [78.1221871, 26.188968], [78.1221781, 26.1888842], [78.1221394, 26.1887395], [78.1221081, 26.1884477], [78.122088, 26.1882608], [78.1221509, 26.1877768], [78.1222133, 26.1872962], [78.1222542, 26.1872518], [78.1227401, 26.1869052], [78.1232188, 26.1867041], [78.1232863, 26.1866987], [78.1233763, 26.1866916], [78.1241422, 26.1866312], [78.1242877, 26.1867016], [78.1248267, 26.186968], [78.1252903, 26.1871597], [78.1260145, 26.1870824], [78.1264813, 26.1869836], [78.1272525, 26.186943], [78.1281729, 26.187513], [78.1282809, 26.187859], [78.1285514, 26.1881958], [78.1289323, 26.1882919], [78.1295084, 26.1882682], [78.1297015, 26.1881474], [78.1301425, 26.1881552], [78.1306669, 26.1886026], [78.130949, 26.1887938], [78.1316319, 26.1886569], [78.1319643, 26.188336], [78.131985, 26.1883135], [78.1321149, 26.1880514], [78.1320835, 26.1875946], [78.1318209, 26.1868429], [78.1318182, 26.1868223], [78.1317935, 26.1866229], [78.1317904, 26.1866254], [78.1315417, 26.1865333], [78.1311153, 26.186256], [78.1310022, 26.1857429], [78.130997, 26.1856664], [78.1311377, 26.185204], [78.1311716, 26.1851074], [78.1311681, 26.1850693], [78.1311522, 26.184614], [78.1311475, 26.1845574], [78.1310313, 26.1841088], [78.1309996, 26.1839408], [78.1307908, 26.1835156], [78.130811, 26.1834583], [78.1308076, 26.1833266], [78.130376, 26.1828685], [78.130515, 26.1811891], [78.1305095, 26.1810722], [78.1305077, 26.1810332], [78.1306909, 26.1806507], [78.130776, 26.1806093], [78.131477, 26.1802504], [78.1320781, 26.1801928], [78.1329617, 26.1803721], [78.1341352, 26.1800117], [78.1345267, 26.1798433], [78.1348821, 26.1798182], [78.1353055, 26.1799526], [78.1354166, 26.1799249], [78.1358887, 26.1796522], [78.1358823, 26.1795951], [78.1356464, 26.1790787], [78.1356314, 26.1789329], [78.1356277, 26.1788968], [78.1355948, 26.1785729], [78.1356605, 26.1784427], [78.1356924, 26.1783688], [78.1357233, 26.1782925], [78.1358283, 26.1780079], [78.1358565, 26.1772416], [78.1358237, 26.1767973], [78.1358962, 26.1767574], [78.1360264, 26.1764123], [78.1354511, 26.1749459], [78.1351531, 26.1747269], [78.1345312, 26.1745338], [78.1338226, 26.1741702], [78.1334039, 26.1735143], [78.1333997, 26.1734621], [78.1332856, 26.1720539], [78.1332172, 26.1712079], [78.1332133, 26.1711599], [78.1332275, 26.1711107], [78.1332403, 26.1710457], [78.1332659, 26.1709161], [78.1332979, 26.170866], [78.1332508, 26.1703028], [78.1337936, 26.1688982], [78.1340439, 26.1687713], [78.1341538, 26.1686769], [78.1346742, 26.168423], [78.1350597, 26.1680729], [78.1351015, 26.1680274], [78.1356221, 26.1676525], [78.1357313, 26.1675819], [78.1359514, 26.1674416], [78.1360148, 26.1673749], [78.1361664, 26.1672805], [78.1361637, 26.1672599], [78.1362141, 26.1665981], [78.1362008, 26.1664975], [78.1361522, 26.1657988], [78.1362108, 26.1657355], [78.1365502, 26.1652603], [78.1366258, 26.1651576], [78.1366653, 26.1651157], [78.1368523, 26.1649846], [78.1371397, 26.1648103], [78.1373146, 26.1627795], [78.1372074, 26.1621181], [78.1372144, 26.1611073], [78.1375281, 26.1605886], [78.1377202, 26.1600821], [78.1381651, 26.1597354], [78.1388362, 26.1596291], [78.1400378, 26.1597387], [78.1407616, 26.1598564], [78.1415765, 26.1595994], [78.1416033, 26.1595408], [78.142039, 26.1593674], [78.1426953, 26.1591209], [78.1427892, 26.1590856], [78.1429741, 26.1589869], [78.1435156, 26.1588332], [78.143965, 26.1588133], [78.1432531, 26.1580889], [78.1426712, 26.1568213], [78.1416958, 26.1556084], [78.1416878, 26.1555587], [78.1410288, 26.1543061], [78.1411377, 26.1525321], [78.1410558, 26.152344], [78.1407012, 26.1513748], [78.1401792, 26.1499324], [78.1390821, 26.1494549], [78.137741, 26.1488282], [78.1360372, 26.1485534], [78.1346676, 26.1478644], [78.132686, 26.147146], [78.1325392, 26.1471557], [78.1310806, 26.1464201], [78.1285815, 26.1462317], [78.127683, 26.145657], [78.1251665, 26.144928], [78.1240381, 26.1447849], [78.1216605, 26.1437239], [78.1209841, 26.1440783], [78.1202179, 26.1432713], [78.120085, 26.1432806], [78.1188348, 26.1437974], [78.1170975, 26.1460687], [78.1147157, 26.1461664], [78.1140037, 26.148001], [78.1140184, 26.1481067], [78.1130067, 26.1483849], [78.1123206, 26.1484391], [78.1116988, 26.1486477], [78.1112386, 26.1491935], [78.1114931, 26.1505093], [78.1096217, 26.1503368], [78.1075141, 26.1540782], [78.1072228, 26.1550674], [78.1066802, 26.1563998], [78.106772, 26.1570568], [78.1068053, 26.1579458], [78.1067939, 26.1587609], [78.1058666, 26.1596948], [78.105252, 26.1598596], [78.1051491, 26.1615008], [78.1051526, 26.1617583], [78.1055262, 26.1632273], [78.1059589, 26.1645548], [78.1065096, 26.168287], [78.1073231, 26.1709693], [78.105127, 26.1728821], [78.1057203, 26.1736804], [78.1049425, 26.1746263], [78.1038889, 26.1742901], [78.1030083, 26.174326], [78.1028311, 26.1743856], [78.1024298, 26.1746422], [78.1017693, 26.1764101], [78.1013585, 26.1771006], [78.1011559, 26.1771969], [78.1008829, 26.1776713], [78.0991776, 26.1778601], [78.0968319, 26.1781942], [78.0960002, 26.1780785], [78.0943405, 26.177848], [78.0920833, 26.177377], [78.0907982, 26.1770034], [78.0898537, 26.1783098], [78.0897693, 26.1821953], [78.0912387, 26.1839503], [78.0913313, 26.1840029], [78.0928182, 26.1871884], [78.0925726, 26.1887982], [78.0928292, 26.1897142], [78.0927546, 26.191437], [78.0924447, 26.1918555], [78.0914651, 26.193393], [78.0900493, 26.1956618], [78.0886692, 26.1990449], [78.0898889, 26.1997359], [78.0908842, 26.2003248], [78.0933846, 26.2049566], [78.0965433, 26.2048986], [78.0994002, 26.2047521], [78.0995584, 26.2047188], [78.1033449, 26.2036318], [78.1036539, 26.2035702], [78.1072418, 26.2026973], [78.1075495, 26.2026372], [78.110676, 26.2028255], [78.1109261, 26.2028474], [78.1145837, 26.2034019], [78.1155832, 26.2038753], [78.1158553, 26.2038177], [78.1175757, 26.2038006], [78.1195028, 26.2040982], [78.120644, 26.2043603], [78.1263779, 26.2051272], [78.1290422, 26.2054827], [78.129719, 26.2055218], [78.1307324, 26.2038858], [78.1310767, 26.2033592], [78.1313485, 26.2029228], [78.1316627, 26.20258], [78.1323134, 26.2021589], [78.132639, 26.2019334], [78.1332299, 26.2018685], [78.1333176, 26.2014679], [78.1329066, 26.2011893], [78.1321833, 26.2009887], [78.1315929, 26.2008805], [78.131488, 26.2007428], [78.1307888, 26.2004519], [78.1300748, 26.2004639], [78.1296418, 26.200546], [78.1289384, 26.2007544], [78.1285539, 26.2007221], [78.1278775, 26.2002189], [78.1272392, 26.1999167], [78.1265815, 26.1996939], [78.1258297, 26.199555], [78.1250607, 26.199403], [78.12428, 26.1991618], [78.1234476, 26.1991385], [78.1227443, 26.1990993], [78.122628, 26.1988302], [78.1228316, 26.1983265], [78.12255, 26.1977401], [78.1227041, 26.1968826], [78.1228222, 26.1960372], [78.1220764, 26.1953418], [78.1222902, 26.1945473], [78.1224203, 26.1937884], [78.1227736, 26.193367], [78.1231341, 26.1931271], [78.123792, 26.1929105], [78.1244108, 26.1926548], [78.1251051, 26.192379], [78.125045, 26.1920309], [78.1248217, 26.1912471], [78.1239471, 26.1894983], [78.1237991, 26.1894145], [78.1237982, 26.1894136]]]}, "properties": {"objectid": 220057, "statename": "Madhya Pradesh", "statecode": "23", "districtname": "Gwalior", "districtcode": "421", "ulbname": "Gwalior", "ulbcode": "802100", "wardname": "Nowgaon Ward", "wardcode": "65", "id": null, "status": "APPROVED", "misglobalid": null, "approved_by": null, "createdate": 1647250407000, "updateddate": 1648193782000, "globalid": null, "gisglobalid": "4omn56a4-l5oc-PoPR-Qacd-KKQP5sanmdn6", "remark": "", "st_area(shape)": 0.0019470837092292674, "st_perimeter(shape)": 0.24696464991518216}}, {"type": "Feature", "geometry": {"type": "Polygon", "coordinates": [[[78.144381, 26.2474749], [78.1445075, 26.247175], [78.1445249, 26.2471051], [78.1445167, 26.2469392], [78.1450329, 26.2445655], [78.1456459, 26.2402736], [78.1456738, 26.2400465], [78.1458218, 26.238624], [78.1472315, 26.2370255], [78.1476759, 26.2347579], [78.1477556, 26.2344661], [78.1479079, 26.2341638], [78.1490009, 26.2294237], [78.1499179, 26.2279264], [78.1511492, 26.2268445], [78.1514225, 26.2266768], [78.1510571, 26.2265718], [78.1510598, 26.2245085], [78.1518788, 26.2219189], [78.1520448, 26.2220653], [78.1517494, 26.2204534], [78.1516518, 26.2195868], [78.1479361, 26.2141787], [78.1480661, 26.2141334], [78.147676, 26.213933], [78.1473244, 26.2137476], [78.1470042, 26.2136614], [78.1464111, 26.2133701], [78.1463883, 26.213271], [78.1461614, 26.2132838], [78.145814, 26.2133605], [78.1453707, 26.2134349], [78.144966, 26.2134853], [78.1447036, 26.2134407], [78.1444531, 26.2133138], [78.1444396, 26.2132903], [78.1441766, 26.2131745], [78.1437466, 26.213166], [78.143436, 26.2133571], [78.1431911, 26.2135196], [78.1429451, 26.2136025], [78.1426868, 26.2137198], [78.1421218, 26.2138387], [78.1417134, 26.2138937], [78.1413138, 26.2140458], [78.1409774, 26.2142576], [78.1405276, 26.2145006], [78.1400399, 26.2145879], [78.1390963, 26.2143943], [78.1388071, 26.214396], [78.1384544, 26.2143129], [78.1379871, 26.2144652], [78.1376925, 26.2144615], [78.1372277, 26.2143397], [78.1358211, 26.2141441], [78.1358769, 26.213932], [78.1363066, 26.2137438], [78.1364119, 26.2133892], [78.1366269, 26.2131133], [78.1371186, 26.212991], [78.1377168, 26.2129958], [78.1377496, 26.212965], [78.1380293, 26.2127251], [78.1380625, 26.2127106], [78.1381894, 26.2124517], [78.1382191, 26.2123297], [78.1382379, 26.2118615], [78.1382356, 26.2117869], [78.1382334, 26.2117127], [78.1380548, 26.2111567], [78.1379401, 26.2110992], [78.1379075, 26.2110848], [78.1371647, 26.2106183], [78.1371008, 26.2105487], [78.136285, 26.2104284], [78.135304, 26.2100125], [78.1352729, 26.2099992], [78.1347542, 26.2098144], [78.134652, 26.2095346], [78.1348157, 26.2092407], [78.135302, 26.2089582], [78.1354396, 26.2083432], [78.1353681, 26.2078369], [78.1351947, 26.2072707], [78.1350003, 26.2069992], [78.1349044, 26.2068652], [78.1348838, 26.2068288], [78.1342971, 26.2066108], [78.1334817, 26.2063581], [78.1326172, 26.2059754], [78.1317641, 26.205822], [78.1310508, 26.2055988], [78.129719, 26.2055218], [78.1290422, 26.2054827], [78.1263779, 26.2051272], [78.120644, 26.2043603], [78.1195028, 26.2040982], [78.1175757, 26.2038006], [78.1158553, 26.2038177], [78.1155832, 26.2038753], [78.1149543, 26.2040083], [78.1167561, 26.2122298], [78.1167517, 26.2123325], [78.1174325, 26.2135689], [78.1183675, 26.2147881], [78.1183317, 26.2155066], [78.1200432, 26.2192848], [78.121559, 26.2237929], [78.1229656, 26.2278521], [78.1235009, 26.2288867], [78.1238443, 26.2295506], [78.1238543, 26.2297819], [78.1236669, 26.2330142], [78.123335, 26.2349683], [78.1237039, 26.2376728], [78.123887, 26.2380109], [78.1249155, 26.2400701], [78.126568, 26.2455607], [78.1268644, 26.2469035], [78.1271302, 26.2477512], [78.1274405, 26.2480814], [78.1274719, 26.2488001], [78.1274536, 26.2493985], [78.1274757, 26.2495232], [78.1280783, 26.2518746], [78.1298941, 26.2510748], [78.1311384, 26.2506763], [78.1315748, 26.2505395], [78.1319989, 26.2502206], [78.1320877, 26.2499616], [78.1321803, 26.2497819], [78.132848, 26.249401], [78.1334159, 26.2491492], [78.1346594, 26.2490945], [78.1353915, 26.2491049], [78.1354417, 26.2491038], [78.1359677, 26.2490921], [78.1360427, 26.2490905], [78.137237, 26.2492777], [78.1372941, 26.2496338], [78.1385113, 26.2498416], [78.1384516, 26.2493362], [78.1384862, 26.2489656], [78.1386805, 26.2488908], [78.1407852, 26.2482655], [78.1409925, 26.2480467], [78.1411165, 26.2480448], [78.1418977, 26.2479135], [78.14245, 26.2475273], [78.1433745, 26.2474457], [78.1441646, 26.2474401], [78.144381, 26.2474749]]]}, "properties": {"objectid": 220062, "statename": "Madhya Pradesh", "statecode": "23", "districtname": "Gwalior", "districtcode": "421", "ulbname": "Gwalior", "ulbcode": "802100", "wardname": "Gargaj Ward", "wardcode": "1", "id": null, "status": "APPROVED", "misglobalid": null, "approved_by": null, "createdate": 1647251565000, "updateddate": 1648178872000, "globalid": null, "gisglobalid": "56na6Poa-6dm6-P5l4-aQmP-dalKdomsQK6n", "remark": "", "st_area(shape)": 0.0010657075217746996, "st_perimeter(shape)": 0.1513529917707637}}, {"type": "Feature", "geometry": {"type": "Polygon", "coordinates": [[[78.1256523, 26.2746797], [78.1303394, 26.2726829], [78.1404435, 26.2680487], [78.1480932, 26.2649175], [78.153535, 26.2622159], [78.1538291, 26.2621686], [78.1578903, 26.2600921], [78.1611078, 26.2580236], [78.1629112, 26.2535444], [78.1628267, 26.2494298], [78.1591806, 26.2466202], [78.1564638, 26.2415746], [78.1587189, 26.2419705], [78.1609331, 26.2421015], [78.162459, 26.2422784], [78.163392, 26.242495], [78.163792, 26.2421147], [78.1636109, 26.2419365], [78.1631872, 26.2416527], [78.1632532, 26.2412451], [78.1634136, 26.2409133], [78.1636893, 26.2407734], [78.163899, 26.2405535], [78.1639836, 26.2402806], [78.163984, 26.2402493], [78.1640329, 26.2395303], [78.1641109, 26.2388163], [78.164373, 26.2384212], [78.1639395, 26.2376258], [78.1637975, 26.2373362], [78.1637309, 26.2371694], [78.1642342, 26.2369872], [78.1642947, 26.2369651], [78.1642563, 26.236829], [78.1641458, 26.2364886], [78.1640968, 26.2364291], [78.1638874, 26.2362117], [78.1636689, 26.235947], [78.1634861, 26.2356771], [78.1634414, 26.2356346], [78.161209, 26.2352114], [78.1592108, 26.2347058], [78.1588443, 26.2346798], [78.1574557, 26.2348221], [78.1569181, 26.2344064], [78.1561796, 26.2337783], [78.1558321, 26.233434], [78.1555743, 26.2333084], [78.1553712, 26.2328206], [78.1550263, 26.2312839], [78.1554515, 26.2308705], [78.1559252, 26.2303883], [78.1563173, 26.2300155], [78.1564651, 26.2296246], [78.1563264, 26.2293142], [78.1560147, 26.2284056], [78.1532921, 26.2272139], [78.1514225, 26.2266768], [78.1511492, 26.2268445], [78.1499179, 26.2279264], [78.1490009, 26.2294237], [78.1479079, 26.2341638], [78.1477556, 26.2344661], [78.1476759, 26.2347579], [78.1472315, 26.2370255], [78.1458218, 26.238624], [78.1456738, 26.2400465], [78.1456459, 26.2402736], [78.1450329, 26.2445655], [78.1445167, 26.2469392], [78.1445249, 26.2471051], [78.1445075, 26.247175], [78.144381, 26.2474749], [78.1439671, 26.2484565], [78.142947, 26.249866], [78.1422937, 26.2516277], [78.1378258, 26.2558239], [78.1362997, 26.2576858], [78.1358579, 26.2578626], [78.1343882, 26.2569395], [78.1332639, 26.25675], [78.1316537, 26.2573672], [78.1305639, 26.2571944], [78.1292594, 26.2569589], [78.1279169, 26.25674], [78.1272677, 26.2568727], [78.1265142, 26.2571418], [78.1260274, 26.2574986], [78.1250913, 26.2578676], [78.1241005, 26.2581839], [78.1233955, 26.2585794], [78.1226261, 26.2588606], [78.122532, 26.2589074], [78.1212155, 26.2592533], [78.1219428, 26.2596155], [78.1220685, 26.2600915], [78.1221052, 26.2606545], [78.1221361, 26.2611916], [78.1247124, 26.2607783], [78.1254047, 26.2606651], [78.1286086, 26.2599882], [78.1290439, 26.2599217], [78.1302525, 26.2596898], [78.1316972, 26.2596317], [78.1322412, 26.2596078], [78.1322642, 26.2596041], [78.1331239, 26.2594043], [78.1332621, 26.2593824], [78.1338676, 26.2593077], [78.1343094, 26.2592388], [78.1350517, 26.2592419], [78.1348937, 26.2598401], [78.134823, 26.2608444], [78.1349375, 26.2637718], [78.134924, 26.2642529], [78.1347946, 26.2649042], [78.134593, 26.2660167], [78.1330325, 26.2664764], [78.1321391, 26.2667444], [78.1314913, 26.2668171], [78.1308914, 26.2667413], [78.1305954, 26.2668682], [78.1300008, 26.2670112], [78.1296326, 26.2670999], [78.1292724, 26.2674366], [78.1289038, 26.2677471], [78.1285985, 26.2681811], [78.1283548, 26.2686325], [78.1283755, 26.2688257], [78.1274507, 26.2690189], [78.1272207, 26.2690748], [78.1247226, 26.2750758], [78.1256523, 26.2746797]]]}, "properties": {"objectid": 220063, "statename": "Madhya Pradesh", "statecode": "23", "districtname": "Gwalior", "districtcode": "421", "ulbname": "Gwalior", "ulbcode": "802100", "wardname": "Tameshwar Ward", "wardcode": "5", "id": null, "status": "APPROVED", "misglobalid": null, "approved_by": null, "createdate": 1647251595000, "updateddate": 1648178881000, "globalid": null, "gisglobalid": "o6QmPQa4-KanP-P5ml-QsRl-sBQPcP55mQc5", "remark": "", "st_area(shape)": 0.000734605051028628, "st_perimeter(shape)": 0.18345007776937114}}, {"type": "Feature", "geometry": {"type": "Polygon", "coordinates": [[[78.172168, 26.2402955], [78.1716647, 26.2389538], [78.1714878, 26.2385475], [78.1719521, 26.2384137], [78.1714114, 26.2376025], [78.1714323, 26.2375119], [78.1712357, 26.2375439], [78.170851, 26.2375835], [78.1697972, 26.2377991], [78.1693041, 26.2378777], [78.1692421, 26.237882], [78.1682913, 26.2380709], [78.1676937, 26.238239], [78.1676776, 26.2382226], [78.1673081, 26.2373287], [78.1674745, 26.2364151], [78.1672501, 26.2364597], [78.1665155, 26.2366057], [78.1662551, 26.2365903], [78.1660193, 26.2366225], [78.165563, 26.2367], [78.1649195, 26.2367484], [78.164531, 26.2368785], [78.1642947, 26.2369651], [78.1642342, 26.2369872], [78.1637309, 26.2371694], [78.1637975, 26.2373362], [78.1639395, 26.2376258], [78.164373, 26.2384212], [78.1641109, 26.2388163], [78.1640329, 26.2395303], [78.163984, 26.2402493], [78.1639836, 26.2402806], [78.163899, 26.2405535], [78.1636893, 26.2407734], [78.1634136, 26.2409133], [78.1632532, 26.2412451], [78.1631872, 26.2416527], [78.1636109, 26.2419365], [78.163792, 26.2421147], [78.1638812, 26.2422025], [78.1642716, 26.2418327], [78.1644751, 26.2416174], [78.1646977, 26.2416202], [78.1648796, 26.241666], [78.1649493, 26.2417005], [78.1653629, 26.2418706], [78.1655769, 26.2420351], [78.1668873, 26.2423014], [78.1676646, 26.2423017], [78.1684253, 26.2419004], [78.1691145, 26.2416896], [78.1696212, 26.2413968], [78.1698834, 26.2411183], [78.17015, 26.2408802], [78.1706523, 26.2405272], [78.1713206, 26.2404823], [78.1717658, 26.2404515], [78.172168, 26.2402955]]]}, "properties": {"objectid": 220064, "statename": "Madhya Pradesh", "statecode": "23", "districtname": "Gwalior", "districtcode": "421", "ulbname": "Gwalior", "ulbcode": "802100", "wardname": "Mangleshwar Ward", "wardcode": "6", "id": null, "status": "APPROVED", "misglobalid": null, "approved_by": null, "createdate": 1647251622000, "updateddate": 1648178979000, "globalid": null, "gisglobalid": "54adP4nP-6Ban-Plmm-Rm5m-6Bdsla4RaPal", "remark": "", "st_area(shape)": 3.4065885507543945e-05, "st_perimeter(shape)": 0.02814771024870911}}, {"type": "Feature", "geometry": {"type": "Polygon", "coordinates": [[[78.1256523, 26.2746797], [78.1247226, 26.2750758], [78.1272207, 26.2690748], [78.1274507, 26.2690189], [78.1283755, 26.2688257], [78.1283548, 26.2686325], [78.1285985, 26.2681811], [78.1289038, 26.2677471], [78.1292724, 26.2674366], [78.1296326, 26.2670999], [78.1300008, 26.2670112], [78.1305954, 26.2668682], [78.1308914, 26.2667413], [78.1314913, 26.2668171], [78.1321391, 26.2667444], [78.1330325, 26.2664764], [78.134593, 26.2660167], [78.1347946, 26.2649042], [78.134924, 26.2642529], [78.1349375, 26.2637718], [78.134823, 26.2608444], [78.1348937, 26.2598401], [78.1350517, 26.2592419], [78.1343094, 26.2592388], [78.1338676, 26.2593077], [78.1332621, 26.2593824], [78.1331239, 26.2594043], [78.1322642, 26.2596041], [78.1322412, 26.2596078], [78.1316972, 26.2596317], [78.1302525, 26.2596898], [78.1290439, 26.2599217], [78.1286086, 26.2599882], [78.1254047, 26.2606651], [78.1247124, 26.2607783], [78.1221361, 26.2611916], [78.1221052, 26.2606545], [78.1220685, 26.2600915], [78.1219428, 26.2596155], [78.1212155, 26.2592533], [78.122532, 26.2589074], [78.1226261, 26.2588606], [78.1233955, 26.2585794], [78.1241005, 26.2581839], [78.1250913, 26.2578676], [78.1260274, 26.2574986], [78.1265142, 26.2571418], [78.1272677, 26.2568727], [78.1279169, 26.25674], [78.1292594, 26.2569589], [78.1305639, 26.2571944], [78.1316537, 26.2573672], [78.1332639, 26.25675], [78.1343882, 26.2569395], [78.1358579, 26.2578626], [78.1362997, 26.2576858], [78.1378258, 26.2558239], [78.1422937, 26.2516277], [78.142947, 26.249866], [78.1439671, 26.2484565], [78.144381, 26.2474749], [78.1441646, 26.2474401], [78.1433745, 26.2474457], [78.14245, 26.2475273], [78.1418977, 26.2479135], [78.1411165, 26.2480448], [78.1409925, 26.2480467], [78.1407852, 26.2482655], [78.1386805, 26.2488908], [78.1384862, 26.2489656], [78.1384516, 26.2493362], [78.1385113, 26.2498416], [78.1372941, 26.2496338], [78.137237, 26.2492777], [78.1360427, 26.2490905], [78.1359677, 26.2490921], [78.1354417, 26.2491038], [78.1353915, 26.2491049], [78.1346594, 26.2490945], [78.1334159, 26.2491492], [78.132848, 26.249401], [78.1321803, 26.2497819], [78.1320877, 26.2499616], [78.1319989, 26.2502206], [78.1315748, 26.2505395], [78.1311384, 26.2506763], [78.1298941, 26.2510748], [78.1280783, 26.2518746], [78.1274757, 26.2495232], [78.1274536, 26.2493985], [78.1274719, 26.2488001], [78.1274405, 26.2480814], [78.1271302, 26.2477512], [78.1268644, 26.2469035], [78.126568, 26.2455607], [78.1249155, 26.2400701], [78.123887, 26.2380109], [78.1237039, 26.2376728], [78.123335, 26.2349683], [78.1236669, 26.2330142], [78.1238543, 26.2297819], [78.1238443, 26.2295506], [78.1235009, 26.2288867], [78.1213489, 26.2302725], [78.1189828, 26.2328546], [78.1186789, 26.2330694], [78.1184882, 26.2332589], [78.1134336, 26.2306719], [78.1117926, 26.2292216], [78.1109793, 26.2286418], [78.1097359, 26.2280167], [78.1081782, 26.2273274], [78.1078784, 26.2272014], [78.1061008, 26.2265908], [78.1046372, 26.2262299], [78.1037823, 26.2260735], [78.0996842, 26.2265203], [78.0993584, 26.2269131], [78.0986751, 26.2285511], [78.0990764, 26.2297901], [78.1003239, 26.2310507], [78.1004368, 26.2312345], [78.1019537, 26.23251], [78.1021034, 26.2326447], [78.1022872, 26.2327267], [78.1025597, 26.2329172], [78.1047082, 26.234303], [78.1049901, 26.234498], [78.1056527, 26.2358634], [78.1056995, 26.2361693], [78.1057933, 26.2362816], [78.1066442, 26.2383105], [78.1069746, 26.2394755], [78.1087923, 26.2468654], [78.1085862, 26.2471889], [78.1074532, 26.2485682], [78.1060199, 26.2489038], [78.1051265, 26.2495415], [78.1043796, 26.250362], [78.1037273, 26.2502948], [78.1027418, 26.2505201], [78.1020287, 26.2506398], [78.1010683, 26.2507566], [78.0984167, 26.2505262], [78.098176, 26.2509076], [78.097458, 26.2518457], [78.097292, 26.252762], [78.0971834, 26.2534183], [78.0964645, 26.2539167], [78.0964179, 26.2562088], [78.0958875, 26.2567958], [78.0959151, 26.2572108], [78.0963615, 26.257866], [78.0966017, 26.2587176], [78.0962302, 26.2592512], [78.0963188, 26.2598891], [78.0967173, 26.2596881], [78.0976537, 26.2602234], [78.0980701, 26.261118], [78.0981191, 26.2611968], [78.098789, 26.2628115], [78.0992913, 26.2635565], [78.0995593, 26.2643352], [78.0996453, 26.2669373], [78.0988316, 26.2681236], [78.1020486, 26.2710017], [78.1049781, 26.2739032], [78.1051644, 26.2740554], [78.1073992, 26.2756827], [78.110863, 26.2786632], [78.1123047, 26.2812267], [78.1129096, 26.2826577], [78.1131502, 26.2842638], [78.1120242, 26.2850955], [78.1107491, 26.2862494], [78.1096491, 26.2871403], [78.1084764, 26.2878035], [78.1082302, 26.288476], [78.1096984, 26.2888141], [78.1097258, 26.289741], [78.1097302, 26.2898886], [78.1097653, 26.2910345], [78.1096869, 26.2919941], [78.1094996, 26.292968], [78.1093645, 26.2940057], [78.1090701, 26.295329], [78.1085015, 26.2972606], [78.1176463, 26.3002513], [78.1188758, 26.300433], [78.1194902, 26.3006537], [78.1195612, 26.3006793], [78.1214219, 26.2994922], [78.1213998, 26.2971424], [78.1215951, 26.29318], [78.1221992, 26.2900909], [78.1229483, 26.2868832], [78.1231041, 26.2827926], [78.1230753, 26.2824803], [78.1233706, 26.280154], [78.1236344, 26.2793831], [78.124846, 26.2761819], [78.1256523, 26.2746797]]]}, "properties": {"objectid": 220065, "statename": "Madhya Pradesh", "statecode": "23", "districtname": "Gwalior", "districtcode": "421", "ulbname": "Gwalior", "ulbcode": "802100", "wardname": "Girwai Ward", "wardcode": "64", "id": null, "status": "APPROVED", "misglobalid": null, "approved_by": null, "createdate": 1647252143000, "updateddate": 1648194358000, "globalid": null, "gisglobalid": "nndcs6BR-QnBc-PR46-sc5B-46so6oRBcdlK", "remark": "", "st_area(shape)": 0.0015497326735336046, "st_perimeter(shape)": 0.27248244048702097}}, {"type": "Feature", "geometry": {"type": "Polygon", "coordinates": [[[78.2454026, 26.2501836], [78.2445554, 26.2499377], [78.243202, 26.2496921], [78.2430376, 26.249537], [78.2428699, 26.2494304], [78.2416124, 26.2491932], [78.2393418, 26.2493326], [78.2378571, 26.2500825], [78.2364364, 26.2502583], [78.2362151, 26.2502374], [78.2361709, 26.2502332], [78.2351437, 26.2499409], [78.2346167, 26.2496148], [78.2345273, 26.2496096], [78.2339933, 26.2492206], [78.2335141, 26.2493482], [78.2334031, 26.2493366], [78.2333917, 26.2493574], [78.2328461, 26.2502277], [78.2322393, 26.2505539], [78.2309771, 26.250198], [78.2304237, 26.2499174], [78.2297993, 26.2496062], [78.2287308, 26.2494472], [78.2274105, 26.2493226], [78.225897, 26.2491716], [78.2247404, 26.2491027], [78.2238727, 26.2490297], [78.2231844, 26.2492898], [78.2229652, 26.2494427], [78.2226721, 26.2494482], [78.222236, 26.2492899], [78.2218891, 26.2492354], [78.2214276, 26.2491677], [78.2214097, 26.2491382], [78.2210782, 26.249039], [78.2205069, 26.2490327], [78.2204415, 26.2490335], [78.2203755, 26.2490195], [78.219249, 26.2489621], [78.2178007, 26.2489527], [78.2177195, 26.2489537], [78.216634, 26.2489372], [78.2164206, 26.2519758], [78.2172266, 26.2556277], [78.2169027, 26.2552039], [78.2167412, 26.2550815], [78.216493, 26.2550151], [78.2162334, 26.2550205], [78.2159365, 26.2550267], [78.2155044, 26.2552152], [78.2154872, 26.2552337], [78.21517, 26.2552405], [78.2149079, 26.255245], [78.2142295, 26.2552139], [78.2139999, 26.2550663], [78.2136702, 26.255019], [78.2132434, 26.2551669], [78.213121, 26.2550392], [78.2130147, 26.2548059], [78.2130124, 26.2547741], [78.2129413, 26.2547119], [78.2127311, 26.2547362], [78.212577, 26.2547702], [78.2123094, 26.254774], [78.2118861, 26.2547995], [78.211875, 26.2547996], [78.2116743, 26.2548016], [78.211627, 26.2546968], [78.211555, 26.2544674], [78.2110701, 26.2543587], [78.2110481, 26.2543486], [78.210284, 26.2542278], [78.2093679, 26.254068], [78.2088799, 26.2540148], [78.2085665, 26.2540205], [78.2081863, 26.2542179], [78.2079342, 26.2543334], [78.2075624, 26.2543595], [78.2072131, 26.2543546], [78.206531, 26.2542228], [78.206171, 26.2542803], [78.2059535, 26.2542828], [78.2058479, 26.2541524], [78.2040299, 26.2539031], [78.2027802, 26.2536481], [78.1982174, 26.2529369], [78.1941999, 26.2524347], [78.1922744, 26.2515094], [78.189221, 26.2485767], [78.1890987, 26.2486831], [78.1890474, 26.2486307], [78.187362, 26.2495761], [78.182883, 26.252807], [78.1848566, 26.2547235], [78.1851168, 26.2557732], [78.1854141, 26.2568774], [78.1856593, 26.2573555], [78.1868032, 26.2578506], [78.1873403, 26.2586006], [78.1875698, 26.2589712], [78.1884035, 26.2602647], [78.1885077, 26.2609727], [78.1866958, 26.2616494], [78.1855519, 26.2624315], [78.1852138, 26.2623827], [78.1849155, 26.2623393], [78.1846108, 26.2624601], [78.1838134, 26.262699], [78.183308, 26.2629836], [78.183209, 26.2632918], [78.1834244, 26.2637074], [78.1834753, 26.2637732], [78.1837143, 26.2640819], [78.1839223, 26.2644617], [78.183632, 26.2651582], [78.1834043, 26.2656002], [78.1833641, 26.2660749], [78.1837618, 26.2664244], [78.1836242, 26.2677903], [78.1832083, 26.2680888], [78.1836168, 26.2690406], [78.1841909, 26.2695564], [78.1848001, 26.2700857], [78.1848289, 26.2701268], [78.1855244, 26.2710009], [78.1859691, 26.2713659], [78.1862925, 26.2716313], [78.1873049, 26.2726124], [78.1881842, 26.2722842], [78.18845, 26.2721716], [78.1891179, 26.2722311], [78.1892584, 26.2723257], [78.1894613, 26.2725049], [78.1905901, 26.2732735], [78.1915038, 26.2737524], [78.1923024, 26.2740165], [78.1955404, 26.2754607], [78.1956643, 26.2757147], [78.1957663, 26.2758479], [78.1959993, 26.2761986], [78.1964387, 26.2765356], [78.1969108, 26.2776776], [78.197204, 26.2790096], [78.1974184, 26.2800296], [78.1976964, 26.2809492], [78.1981912, 26.2812751], [78.1990708, 26.2814033], [78.1997659, 26.28159], [78.1998541, 26.281603], [78.2011743, 26.2817929], [78.2020866, 26.2820511], [78.2030327, 26.2830003], [78.2054471, 26.2823122], [78.2075615, 26.2836465], [78.2093095, 26.28334], [78.2101538, 26.2827905], [78.2110364, 26.2822259], [78.2107136, 26.2818681], [78.2100893, 26.2813539], [78.2095611, 26.2807264], [78.2100411, 26.2795695], [78.2101358, 26.2794532], [78.2105119, 26.2787365], [78.2107311, 26.2778271], [78.2102962, 26.2769207], [78.2106458, 26.2760427], [78.2109598, 26.2758323], [78.2122423, 26.2751195], [78.2123307, 26.2750103], [78.2125588, 26.2746148], [78.2126803, 26.2743886], [78.2135158, 26.2719678], [78.2136671, 26.2718682], [78.217195, 26.2709059], [78.2184853, 26.2714227], [78.2196773, 26.2737169], [78.2210648, 26.2763262], [78.2226631, 26.278793], [78.2254291, 26.280113], [78.2297723, 26.2824436], [78.2344647, 26.2850836], [78.2362739, 26.2861243], [78.2381644, 26.2872431], [78.2407892, 26.2878385], [78.2425317, 26.2884765], [78.243485, 26.2883764], [78.2446789, 26.2879523], [78.2446521, 26.2873192], [78.2444375, 26.2861057], [78.2443433, 26.2858405], [78.2438067, 26.284874], [78.2438345, 26.2843233], [78.2439468, 26.2841841], [78.2444409, 26.2837336], [78.2461748, 26.2835549], [78.2472727, 26.2835643], [78.2473823, 26.2833284], [78.2475033, 26.2825577], [78.2470201, 26.2807294], [78.2479045, 26.2802545], [78.2477182, 26.2792578], [78.2475238, 26.2789628], [78.2468427, 26.2779371], [78.2468537, 26.2776227], [78.2468703, 26.2771764], [78.2468785, 26.2769543], [78.2468354, 26.2767723], [78.2467985, 26.2765033], [78.2467576, 26.2762786], [78.2467274, 26.2757044], [78.2457982, 26.2738673], [78.2454793, 26.273337], [78.2457486, 26.2724846], [78.2456451, 26.271125], [78.2454581, 26.2703054], [78.2454633, 26.2702001], [78.2446607, 26.2694884], [78.2446079, 26.2694306], [78.2429737, 26.2688545], [78.2418602, 26.2681235], [78.2408171, 26.2673559], [78.2399825, 26.2668151], [78.2410113, 26.2657115], [78.241681, 26.2648384], [78.2424812, 26.2642315], [78.2425914, 26.2641936], [78.243565, 26.2640947], [78.2439449, 26.2640354], [78.2447613, 26.263826], [78.244982, 26.2637033], [78.2456963, 26.2632945], [78.2459713, 26.2631796], [78.2466799, 26.2628702], [78.2468458, 26.2626973], [78.2470635, 26.2625298], [78.2472264, 26.2624046], [78.2475534, 26.2620616], [78.2480161, 26.2613875], [78.2486981, 26.2613696], [78.249339, 26.26113], [78.2499354, 26.2605837], [78.2498527, 26.2600165], [78.2497619, 26.2599197], [78.2496245, 26.2592156], [78.2496245, 26.2591303], [78.2493181, 26.2584662], [78.2491015, 26.257776], [78.2490193, 26.257522], [78.2486879, 26.2565939], [78.2484424, 26.2558469], [78.2482784, 26.2553532], [78.2478157, 26.255072], [78.2468059, 26.2544222], [78.246519, 26.2541222], [78.246531, 26.2537757], [78.2464508, 26.2524761], [78.246233, 26.251786], [78.2460044, 26.2512479], [78.2458906, 26.250981], [78.2457746, 26.2507878], [78.2457775, 26.2507156], [78.2454026, 26.2501836]]]}, "properties": {"objectid": 220066, "statename": "Madhya Pradesh", "statecode": "23", "districtname": "Gwalior", "districtcode": "421", "ulbname": "Gwalior", "ulbcode": "802100", "wardname": "Tilak Ward", "wardcode": "18", "id": null, "status": "APPROVED", "misglobalid": null, "approved_by": null, "createdate": 1647252792000, "updateddate": 1648193866000, "globalid": null, "gisglobalid": "QlPsmao6-m6KP-P6RK-ss6s-dPdKc65R4dPd", "remark": "", "st_area(shape)": 0.0017368430768659668, "st_perimeter(shape)": 0.23686959911634528}}, {"type": "Feature", "geometry": {"type": "Polygon", "coordinates": [[[78.1401458, 26.2050083], [78.1399555, 26.2047779], [78.1396798, 26.2047736], [78.1393065, 26.2048473], [78.1386976, 26.2048768], [78.1385618, 26.2048812], [78.1381082, 26.2048384], [78.137592, 26.2048708], [78.1371883, 26.2048705], [78.1368666, 26.2047659], [78.1368178, 26.2044258], [78.1368892, 26.2041196], [78.1368836, 26.2040912], [78.1369674, 26.2038616], [78.1369931, 26.203829], [78.1371393, 26.2036787], [78.1371871, 26.2036008], [78.1373194, 26.2033986], [78.1374496, 26.203199], [78.1384299, 26.202982], [78.138625, 26.2027756], [78.138665, 26.2025092], [78.1388754, 26.2023001], [78.1392092, 26.2021543], [78.1394797, 26.2020207], [78.1395336, 26.2019819], [78.1400043, 26.2017742], [78.1404496, 26.2017091], [78.1409204, 26.2016238], [78.1411198, 26.2015018], [78.1414691, 26.2012569], [78.1418222, 26.2011717], [78.1418244, 26.2011623], [78.1418594, 26.2009642], [78.1418756, 26.2009391], [78.1418966, 26.2008902], [78.1420975, 26.2004231], [78.1421135, 26.2003982], [78.1423392, 26.1999882], [78.1422472, 26.1999597], [78.1417426, 26.1990104], [78.1413509, 26.1985163], [78.1413145, 26.198519], [78.1406439, 26.1984199], [78.1400754, 26.1981723], [78.1393275, 26.1977447], [78.1387771, 26.1975878], [78.1383081, 26.1975068], [78.137961, 26.1968469], [78.1376461, 26.1964851], [78.1371516, 26.1961241], [78.1365044, 26.1954684], [78.1364576, 26.1947827], [78.1363126, 26.1944778], [78.1362869, 26.1944135], [78.136135, 26.1941938], [78.1360605, 26.194167], [78.1355334, 26.1940787], [78.1351035, 26.1938998], [78.1347376, 26.1934865], [78.134559, 26.1933064], [78.1349258, 26.193099], [78.1346413, 26.192752], [78.1346378, 26.19272], [78.1341011, 26.1924742], [78.1337688, 26.1923226], [78.1333037, 26.192229], [78.1331746, 26.1921597], [78.1331505, 26.1919082], [78.1337789, 26.1913735], [78.132153, 26.1910392], [78.1314012, 26.1908411], [78.1312543, 26.1907886], [78.1305565, 26.1906298], [78.1290499, 26.1907456], [78.1282152, 26.1908075], [78.1278013, 26.1906459], [78.1279283, 26.1903154], [78.1279145, 26.1901886], [78.1274084, 26.189783], [78.1268567, 26.1895749], [78.1267861, 26.1895597], [78.1258239, 26.1896125], [78.1252524, 26.189658], [78.1242547, 26.1895916], [78.1237982, 26.1894136], [78.1237991, 26.1894145], [78.1239471, 26.1894983], [78.1248217, 26.1912471], [78.125045, 26.1920309], [78.1251051, 26.192379], [78.1244108, 26.1926548], [78.123792, 26.1929105], [78.1231341, 26.1931271], [78.1227736, 26.193367], [78.1224203, 26.1937884], [78.1222902, 26.1945473], [78.1220764, 26.1953418], [78.1228222, 26.1960372], [78.1227041, 26.1968826], [78.12255, 26.1977401], [78.1228316, 26.1983265], [78.122628, 26.1988302], [78.1227443, 26.1990993], [78.1234476, 26.1991385], [78.12428, 26.1991618], [78.1250607, 26.199403], [78.1258297, 26.199555], [78.1265815, 26.1996939], [78.1272392, 26.1999167], [78.1278775, 26.2002189], [78.1285539, 26.2007221], [78.1289384, 26.2007544], [78.1296418, 26.200546], [78.1300748, 26.2004639], [78.1307888, 26.2004519], [78.131488, 26.2007428], [78.1315929, 26.2008805], [78.1321833, 26.2009887], [78.1329066, 26.2011893], [78.1333176, 26.2014679], [78.1332299, 26.2018685], [78.132639, 26.2019334], [78.1323134, 26.2021589], [78.1316627, 26.20258], [78.1313485, 26.2029228], [78.1310767, 26.2033592], [78.1307324, 26.2038858], [78.129719, 26.2055218], [78.1310508, 26.2055988], [78.1317641, 26.205822], [78.1326172, 26.2059754], [78.1334817, 26.2063581], [78.1342971, 26.2066108], [78.1348838, 26.2068288], [78.1349044, 26.2068652], [78.1350003, 26.2069992], [78.1353604, 26.2068175], [78.1356599, 26.2065874], [78.1358432, 26.2064065], [78.1358641, 26.2063764], [78.1361447, 26.2061381], [78.1361923, 26.2061024], [78.1365077, 26.2058432], [78.1365783, 26.2057894], [78.1368687, 26.2056631], [78.1370824, 26.2056184], [78.1371493, 26.2056044], [78.1372161, 26.2055904], [78.1373566, 26.2055863], [78.1375669, 26.2057217], [78.1377933, 26.2057637], [78.1378335, 26.205755], [78.1381358, 26.2058072], [78.1383208, 26.2057548], [78.1383478, 26.2057491], [78.1385912, 26.2056977], [78.1388664, 26.2056531], [78.1391506, 26.2055138], [78.1392185, 26.2054603], [78.1392774, 26.2054219], [78.1396594, 26.2052374], [78.1398992, 26.2051859], [78.1399348, 26.2051654], [78.1401458, 26.2050083]]]}, "properties": {"objectid": 220067, "statename": "Madhya Pradesh", "statecode": "23", "districtname": "Gwalior", "districtcode": "421", "ulbname": "Gwalior", "ulbcode": "802100", "wardname": "Ambedkar Ward", "wardcode": "38", "id": null, "status": "APPROVED", "misglobalid": null, "approved_by": null, "createdate": 1647252815000, "updateddate": 1648194078000, "globalid": null, "gisglobalid": "om5cQnaa-oRcc-PdBo-QlK6-ods5aanKRBR6", "remark": "", "st_area(shape)": 0.00018005477022543632, "st_perimeter(shape)": 0.07758282902751215}}, {"type": "Feature", "geometry": {"type": "Polygon", "coordinates": [[[78.1584413, 26.2066307], [78.1584016, 26.2065798], [78.1589807, 26.2064644], [78.1591259, 26.2061662], [78.1591363, 26.2061457], [78.1591556, 26.2058532], [78.1591525, 26.2057932], [78.1591493, 26.2057334], [78.1591048, 26.2053094], [78.1591043, 26.2052996], [78.1591798, 26.2050456], [78.1592212, 26.2049969], [78.1593455, 26.2043533], [78.1593326, 26.2043236], [78.1584976, 26.2040424], [78.1577694, 26.2037854], [78.1576623, 26.2036458], [78.1573222, 26.2033911], [78.1572425, 26.2032758], [78.1569032, 26.2029768], [78.1567146, 26.2028105], [78.1565933, 26.2027035], [78.1562886, 26.2026356], [78.1551343, 26.2030203], [78.1541, 26.2040241], [78.1539026, 26.2043119], [78.1535146, 26.2048775], [78.1527739, 26.205115], [78.1520881, 26.2051974], [78.1493714, 26.2055473], [78.1474592, 26.205603], [78.1463475, 26.2055827], [78.1462432, 26.2055808], [78.1461753, 26.2061134], [78.1462758, 26.2068966], [78.1461603, 26.2076769], [78.1462292, 26.2081157], [78.1462959, 26.2080086], [78.1466893, 26.2079751], [78.1472339, 26.2084056], [78.147421, 26.2083826], [78.1477117, 26.2082607], [78.1478754, 26.2080902], [78.1480996, 26.2079989], [78.1484798, 26.2076953], [78.1487618, 26.207532], [78.1493883, 26.2077687], [78.1504102, 26.2080431], [78.1507382, 26.2081946], [78.1512045, 26.2083101], [78.1518341, 26.2081084], [78.1526798, 26.2077889], [78.1544287, 26.2075495], [78.1550879, 26.2075994], [78.1557482, 26.2079032], [78.1558861, 26.2081211], [78.1562313, 26.2081699], [78.1570323, 26.2085068], [78.1571846, 26.2084701], [78.1573854, 26.2083656], [78.1574542, 26.2083476], [78.1576112, 26.2082338], [78.1576771, 26.2081906], [78.1577147, 26.2081496], [78.1579181, 26.2079562], [78.1580062, 26.2077469], [78.1581317, 26.207409], [78.1581268, 26.2073717], [78.1582171, 26.2068644], [78.1583579, 26.2066544], [78.1584413, 26.2066307]]]}, "properties": {"objectid": 220436, "statename": "Madhya Pradesh", "statecode": "23", "districtname": "Gwalior", "districtcode": "421", "ulbname": "Gwalior", "ulbcode": "802100", "wardname": "Lala Jajpat Rai Ward", "wardcode": "35", "id": null, "status": "APPROVED", "misglobalid": null, "approved_by": null, "createdate": 1647249844000, "updateddate": 1648194033000, "globalid": null, "gisglobalid": "aRmQsBnR-PoKo-PlR5-aomo-nanKmQdasPlP", "remark": "", "st_area(shape)": 4.2545306008664494e-05, "st_perimeter(shape)": 0.03435337274818241}}, {"type": "Feature", "geometry": {"type": "Polygon", "coordinates": [[[78.1463883, 26.213271], [78.1463067, 26.2129162], [78.1461808, 26.2126959], [78.1459246, 26.2125937], [78.1455367, 26.2122974], [78.1451486, 26.2118285], [78.144068, 26.2102146], [78.1439192, 26.2099005], [78.1434729, 26.2094543], [78.1430905, 26.2088436], [78.1423569, 26.2087607], [78.1419467, 26.2079988], [78.1418788, 26.2078698], [78.1409724, 26.2057311], [78.1403462, 26.2052509], [78.1401458, 26.2050083], [78.1399348, 26.2051654], [78.1398992, 26.2051859], [78.1396594, 26.2052374], [78.1392774, 26.2054219], [78.1392185, 26.2054603], [78.1391506, 26.2055138], [78.1388664, 26.2056531], [78.1385912, 26.2056977], [78.1383478, 26.2057491], [78.1383208, 26.2057548], [78.1381358, 26.2058072], [78.1378335, 26.205755], [78.1377933, 26.2057637], [78.1375669, 26.2057217], [78.1373566, 26.2055863], [78.1372161, 26.2055904], [78.1371493, 26.2056044], [78.1370824, 26.2056184], [78.1368687, 26.2056631], [78.1365783, 26.2057894], [78.1365077, 26.2058432], [78.1361923, 26.2061024], [78.1361447, 26.2061381], [78.1358641, 26.2063764], [78.1358432, 26.2064065], [78.1356599, 26.2065874], [78.1353604, 26.2068175], [78.1350003, 26.2069992], [78.1351947, 26.2072707], [78.1353681, 26.2078369], [78.1354396, 26.2083432], [78.135302, 26.2089582], [78.1348157, 26.2092407], [78.134652, 26.2095346], [78.1347542, 26.2098144], [78.1352729, 26.2099992], [78.135304, 26.2100125], [78.136285, 26.2104284], [78.1371008, 26.2105487], [78.1371647, 26.2106183], [78.1379075, 26.2110848], [78.1379401, 26.2110992], [78.1380548, 26.2111567], [78.1382334, 26.2117127], [78.1382356, 26.2117869], [78.1382379, 26.2118615], [78.1382191, 26.2123297], [78.1381894, 26.2124517], [78.1380625, 26.2127106], [78.1380293, 26.2127251], [78.1377496, 26.212965], [78.1377168, 26.2129958], [78.1371186, 26.212991], [78.1366269, 26.2131133], [78.1364119, 26.2133892], [78.1363066, 26.2137438], [78.1358769, 26.213932], [78.1358211, 26.2141441], [78.1372277, 26.2143397], [78.1376925, 26.2144615], [78.1379871, 26.2144652], [78.1384544, 26.2143129], [78.1388071, 26.214396], [78.1390963, 26.2143943], [78.1400399, 26.2145879], [78.1405276, 26.2145006], [78.1409774, 26.2142576], [78.1413138, 26.2140458], [78.1417134, 26.2138937], [78.1421218, 26.2138387], [78.1426868, 26.2137198], [78.1429451, 26.2136025], [78.1431911, 26.2135196], [78.143436, 26.2133571], [78.1437466, 26.213166], [78.1441766, 26.2131745], [78.1444396, 26.2132903], [78.1444531, 26.2133138], [78.1447036, 26.2134407], [78.144966, 26.2134853], [78.1453707, 26.2134349], [78.145814, 26.2133605], [78.1461614, 26.2132838], [78.1463883, 26.213271]]]}, "properties": {"objectid": 220437, "statename": "Madhya Pradesh", "statecode": "23", "districtname": "Gwalior", "districtcode": "421", "ulbname": "Gwalior", "ulbcode": "802100", "wardname": "Ustaj Hafiz Galley Ward", "wardcode": "37", "id": null, "status": "APPROVED", "misglobalid": null, "approved_by": null, "createdate": 1647249891000, "updateddate": 1648194068000, "globalid": null, "gisglobalid": "s64dmlPa-slcP-PQaK-QKmc-oBmdBcdd6B6n", "remark": "", "st_area(shape)": 6.150350124855132e-05, "st_perimeter(shape)": 0.03915167079641397}}, {"type": "Feature", "geometry": {"type": "Polygon", "coordinates": [[[78.145735, 26.19976], [78.1455865, 26.1997196], [78.1454694, 26.1995428], [78.1452639, 26.1993428], [78.1452562, 26.1993129], [78.1451638, 26.1990917], [78.1449729, 26.198943], [78.1447812, 26.19865], [78.1445602, 26.1984199], [78.1445327, 26.1983814], [78.1443666, 26.1981347], [78.1441886, 26.197556], [78.1441421, 26.1975213], [78.1440899, 26.1972103], [78.1442069, 26.1966163], [78.1441943, 26.196543], [78.1441988, 26.1962283], [78.1441768, 26.1961027], [78.1441551, 26.1959781], [78.1436964, 26.1953051], [78.1435362, 26.1951839], [78.1431135, 26.1955151], [78.1422754, 26.1962715], [78.1422507, 26.1962938], [78.1425326, 26.196581], [78.1430976, 26.1975253], [78.1434321, 26.1978931], [78.1434801, 26.1979674], [78.143541, 26.1980818], [78.1435668, 26.198162], [78.1435803, 26.198354], [78.1435517, 26.1986872], [78.143547, 26.1987414], [78.1426419, 26.1994381], [78.1423392, 26.1999882], [78.1421135, 26.2003982], [78.1420975, 26.2004231], [78.1418966, 26.2008902], [78.1418756, 26.2009391], [78.1418594, 26.2009642], [78.1418244, 26.2011623], [78.1418222, 26.2011717], [78.1418039, 26.2012518], [78.142016, 26.2018768], [78.1420514, 26.2019958], [78.1424275, 26.2026097], [78.1424579, 26.20271], [78.1425381, 26.202975], [78.1426106, 26.2032142], [78.1425752, 26.2036618], [78.1425729, 26.2038168], [78.1428245, 26.2045735], [78.1434635, 26.2058629], [78.1436753, 26.205893], [78.1436543, 26.2058228], [78.1443849, 26.2056203], [78.1442587, 26.2033433], [78.144231, 26.2031102], [78.1442515, 26.2026144], [78.1442362, 26.2021776], [78.1442601, 26.2018311], [78.1442448, 26.2015908], [78.1442492, 26.2011816], [78.1442073, 26.2008471], [78.1442615, 26.2006269], [78.1444648, 26.2004188], [78.1446217, 26.2003393], [78.1448397, 26.2002465], [78.1450386, 26.2002017], [78.1454695, 26.1998986], [78.145735, 26.19976]]]}, "properties": {"objectid": 220438, "statename": "Madhya Pradesh", "statecode": "23", "districtname": "Gwalior", "districtcode": "421", "ulbname": "Gwalior", "ulbcode": "802100", "wardname": "Maharaj Doli Bua Math Ward", "wardcode": "40", "id": null, "status": "APPROVED", "misglobalid": null, "approved_by": null, "createdate": 1647249963000, "updateddate": 1648194093000, "globalid": null, "gisglobalid": "P45no5Rl-KP4o-PalR-s654-6Q5lanR6Pno4", "remark": "", "st_area(shape)": 1.8039866598732632e-05, "st_perimeter(shape)": 0.025922186591885246}}, {"type": "Feature", "geometry": {"type": "Polygon", "coordinates": [[[78.1786153, 26.2385165], [78.1786419, 26.2385053], [78.1785056, 26.2382945], [78.1779976, 26.2382194], [78.1776347, 26.2381657], [78.1762123, 26.2379553], [78.1756884, 26.2378793], [78.1752574, 26.2376551], [78.1756344, 26.2372206], [78.1760682, 26.2365051], [78.1763927, 26.2361525], [78.1764036, 26.235599], [78.1766688, 26.2355892], [78.1771833, 26.2355408], [78.1775119, 26.2353866], [78.1773518, 26.2351085], [78.1772874, 26.2349911], [78.1772988, 26.2349359], [78.1773426, 26.2346899], [78.1772212, 26.2345664], [78.1771011, 26.2344568], [78.1767353, 26.2345798], [78.1764186, 26.2345811], [78.1764111, 26.23437], [78.1763982, 26.2340054], [78.1762749, 26.2336295], [78.1762602, 26.2336052], [78.1761677, 26.2332848], [78.1761591, 26.2329507], [78.1761481, 26.2328554], [78.175953, 26.2329537], [78.1747449, 26.23304], [78.1736126, 26.2335113], [78.1725796, 26.2337022], [78.1719141, 26.2340504], [78.171785, 26.2343435], [78.1714276, 26.235082], [78.1716411, 26.235093], [78.1717343, 26.2350979], [78.1719501, 26.2352294], [78.1722219, 26.2353023], [78.1724639, 26.2354874], [78.1727403, 26.2358006], [78.1728812, 26.2359764], [78.1725796, 26.2360518], [78.1720967, 26.2361587], [78.1715779, 26.2362969], [78.171598, 26.2366158], [78.171532, 26.2370799], [78.1714323, 26.2375119], [78.1714114, 26.2376025], [78.1719521, 26.2384137], [78.1714878, 26.2385475], [78.1716647, 26.2389538], [78.172168, 26.2402955], [78.172189, 26.2403515], [78.1741527, 26.2398493], [78.1750039, 26.2398908], [78.1765697, 26.2397752], [78.1780347, 26.2387728], [78.1781442, 26.2387132], [78.1784908, 26.2385684], [78.1786153, 26.2385165]]]}, "properties": {"objectid": 220440, "statename": "Madhya Pradesh", "statecode": "23", "districtname": "Gwalior", "districtcode": "421", "ulbname": "Gwalior", "ulbcode": "802100", "wardname": "Kashi Naresh Ward", "wardcode": "9", "id": null, "status": "APPROVED", "misglobalid": null, "approved_by": null, "createdate": 1647251658000, "updateddate": 1648193746000, "globalid": null, "gisglobalid": "KcoRmlBa-4scs-PQos-ss4P-5RBnKn464RQ5", "remark": "", "st_area(shape)": 3.230951465851447e-05, "st_perimeter(shape)": 0.031074162018879917}}, {"type": "Feature", "geometry": {"type": "Polygon", "coordinates": [[[78.1820506, 26.2387841], [78.1848761, 26.2377241], [78.1849194, 26.2376972], [78.1891418, 26.2360361], [78.1891857, 26.2359393], [78.1889576, 26.2358825], [78.1877643, 26.235636], [78.1858446, 26.2351532], [78.185951, 26.2343075], [78.1864694, 26.2343821], [78.1866571, 26.2342325], [78.1866863, 26.2341971], [78.1868875, 26.2340306], [78.1872322, 26.2341235], [78.1871949, 26.2340306], [78.1872278, 26.2329751], [78.1872768, 26.2321276], [78.1872558, 26.2318091], [78.1868876, 26.2316534], [78.1868793, 26.231591], [78.1866919, 26.2305287], [78.1866599, 26.2302051], [78.1851206, 26.2305481], [78.1842832, 26.2305362], [78.1834814, 26.230642], [78.1821937, 26.2305613], [78.1817067, 26.2306224], [78.181396, 26.2305602], [78.1813473, 26.2313614], [78.181362, 26.2314842], [78.1811419, 26.2336238], [78.1808582, 26.2338431], [78.1804817, 26.2347871], [78.1793151, 26.2374027], [78.1789795, 26.2380158], [78.1789261, 26.2381135], [78.1787452, 26.238298], [78.178718, 26.2383259], [78.1785056, 26.2382945], [78.1786419, 26.2385053], [78.1786153, 26.2385165], [78.1786182, 26.2385224], [78.1786828, 26.2385301], [78.1817501, 26.2388968], [78.1820506, 26.2387841]]]}, "properties": {"objectid": 220441, "statename": "Madhya Pradesh", "statecode": "23", "districtname": "Gwalior", "districtcode": "421", "ulbname": "Gwalior", "ulbcode": "802100", "wardname": "Subhash Ward", "wardcode": "12", "id": null, "status": "APPROVED", "misglobalid": null, "approved_by": null, "createdate": 1647251722000, "updateddate": 1648178890000, "globalid": null, "gisglobalid": "ssPlBamR-6sQn-Pl4s-Qam4-mKRlaKs4nBol", "remark": "", "st_area(shape)": 5.069067608248689e-05, "st_perimeter(shape)": 0.03533756318400433}}, {"type": "Feature", "geometry": {"type": "Polygon", "coordinates": [[[78.1539026, 26.2043119], [78.1535387, 26.2041259], [78.1529895, 26.2039474], [78.15228, 26.2036402], [78.1516677, 26.2032763], [78.1505085, 26.2027351], [78.1504789, 26.202701], [78.1495813, 26.2021339], [78.1486947, 26.2014072], [78.1486611, 26.2014347], [78.1484151, 26.2016355], [78.1477609, 26.2022459], [78.147744, 26.2022686], [78.1477229, 26.2023709], [78.1471299, 26.2032452], [78.1470837, 26.2033324], [78.1465414, 26.2047348], [78.1465077, 26.2048798], [78.1463475, 26.2055827], [78.1474592, 26.205603], [78.1493714, 26.2055473], [78.1520881, 26.2051974], [78.1527739, 26.205115], [78.1535146, 26.2048775], [78.1539026, 26.2043119]]]}, "properties": {"objectid": 220833, "statename": "Madhya Pradesh", "statecode": "23", "districtname": "Gwalior", "districtcode": "421", "ulbname": "Gwalior", "ulbcode": "802100", "wardname": "Saint Zulalal Ward", "wardcode": "42", "id": null, "status": "APPROVED", "misglobalid": null, "approved_by": null, "createdate": 1647250010000, "updateddate": 1648194159000, "globalid": null, "gisglobalid": "Q6Klc5mQ-4aQB-PcQn-am4B-dQRdBQ4m55Ql", "remark": "", "st_area(shape)": 1.784072333985424e-05, "st_perimeter(shape)": 0.018839579927296162}}, {"type": "Feature", "geometry": {"type": "Polygon", "coordinates": [[[78.2235248, 26.2154717], [78.2238339, 26.2154737], [78.2239085, 26.2154815], [78.2239695, 26.2157701], [78.2239559, 26.2159975], [78.224313, 26.2165792], [78.2243379, 26.2170006], [78.2245779, 26.2184813], [78.2245967, 26.218646], [78.2245545, 26.2189302], [78.2238548, 26.2193363], [78.2239421, 26.2196593], [78.2242827, 26.2200666], [78.2244277, 26.2203632], [78.2244735, 26.220776], [78.2244796, 26.2208304], [78.2244497, 26.2212861], [78.2248206, 26.2228149], [78.2226838, 26.2232342], [78.2225841, 26.2232578], [78.2225403, 26.2232643], [78.2231372, 26.2278812], [78.223164, 26.2278814], [78.2252152, 26.2278942], [78.2278316, 26.2276441], [78.2273863, 26.2242335], [78.2295919, 26.2206766], [78.2303201, 26.2190333], [78.2261388, 26.2187484], [78.2266333, 26.2169035], [78.2270824, 26.2165391], [78.2273714, 26.2164474], [78.2273775, 26.2161354], [78.2273751, 26.2160912], [78.2273234, 26.2155654], [78.2272936, 26.2154569], [78.2270515, 26.2149618], [78.226944, 26.2147271], [78.2269535, 26.2144296], [78.2270474, 26.214387], [78.2271161, 26.2143233], [78.2272837, 26.2139238], [78.2272454, 26.2137161], [78.2269043, 26.2127785], [78.2268839, 26.2124016], [78.2268452, 26.2121382], [78.226554, 26.2121397], [78.2265055, 26.21214], [78.2253268, 26.2126062], [78.2252296, 26.2126288], [78.2244291, 26.2130353], [78.2240644, 26.2134444], [78.2238927, 26.213671], [78.2237236, 26.2145017], [78.2239413, 26.2148542], [78.2238761, 26.2151139], [78.2235248, 26.2154717]]]}, "properties": {"objectid": 221234, "statename": "Madhya Pradesh", "statecode": "23", "districtname": "Gwalior", "districtcode": "421", "ulbname": "Gwalior", "ulbcode": "802100", "wardname": "Dr. Harihar Niwas Dwivedi Ward", "wardcode": "26", "id": null, "status": "APPROVED", "misglobalid": null, "approved_by": null, "createdate": 1647249428000, "updateddate": 1648193967000, "globalid": null, "gisglobalid": "KsmQddQ4-a4da-PPRc-asK4-snd4BosnaBm6", "remark": "", "st_area(shape)": 6.089282373325843e-05, "st_perimeter(shape)": 0.046615226303969505}}, {"type": "Feature", "geometry": {"type": "Polygon", "coordinates": [[[78.2029528, 26.2143592], [78.2028833, 26.2140871], [78.2028923, 26.2137632], [78.202906, 26.2131693], [78.202949, 26.2127326], [78.2029941, 26.2118261], [78.2030863, 26.2104603], [78.202908, 26.2103288], [78.2025495, 26.2102983], [78.2023094, 26.2101615], [78.2020205, 26.2099058], [78.2019424, 26.2096696], [78.2026135, 26.2088384], [78.2026258, 26.2088231], [78.200892, 26.2078631], [78.2004067, 26.2074883], [78.1993488, 26.2054434], [78.1961908, 26.1988924], [78.1960644, 26.1989873], [78.1901506, 26.2027897], [78.1900163, 26.2029248], [78.1897596, 26.2030499], [78.189461, 26.2031717], [78.1891993, 26.2033335], [78.1877462, 26.2038756], [78.1840387, 26.2041555], [78.1819693, 26.2042024], [78.1818428, 26.2055207], [78.1814086, 26.206711], [78.1813432, 26.2067578], [78.1806211, 26.2077677], [78.1804738, 26.207969], [78.1797764, 26.2091371], [78.1796955, 26.2092954], [78.1794008, 26.2104074], [78.1794415, 26.2105855], [78.1796763, 26.2119663], [78.1799671, 26.2127933], [78.1807359, 26.213339], [78.1807478, 26.2133489], [78.1811375, 26.2130378], [78.1862087, 26.213325], [78.1876548, 26.213453], [78.194102, 26.2138406], [78.1997382, 26.2144339], [78.2030172, 26.2146112], [78.2029528, 26.2143592]]]}, "properties": {"objectid": 221235, "statename": "Madhya Pradesh", "statecode": "23", "districtname": "Gwalior", "districtcode": "421", "ulbname": "Gwalior", "ulbcode": "802100", "wardname": "Captain Rup Singh Ward", "wardcode": "30", "id": null, "status": "APPROVED", "misglobalid": null, "approved_by": null, "createdate": 1647249728000, "updateddate": 1648194005000, "globalid": null, "gisglobalid": "4dQRQ45a-4oRB-P645-RoaQ-nsQsBsKBanc5", "remark": "", "st_area(shape)": 0.00023025772038033014, "st_perimeter(shape)": 0.06726736847979095}}, {"type": "Feature", "geometry": {"type": "Polygon", "coordinates": [[[78.1814573, 26.2255199], [78.1802696, 26.2191506], [78.1791085, 26.2148334], [78.1790567, 26.21483], [78.1777048, 26.2147416], [78.1767593, 26.2148719], [78.1767939, 26.2148776], [78.1764996, 26.2155395], [78.1765152, 26.2158222], [78.1766127, 26.216413], [78.1766174, 26.2164413], [78.1767349, 26.2171518], [78.1769255, 26.217532], [78.1774472, 26.2176069], [78.1780233, 26.2176197], [78.1779223, 26.2179565], [78.177745, 26.2187847], [78.1777601, 26.2188729], [78.1777855, 26.2190206], [78.1779349, 26.2197012], [78.1779704, 26.2200968], [78.1772393, 26.2201964], [78.1772743, 26.2204083], [78.1772844, 26.2204694], [78.1771322, 26.2213391], [78.176635, 26.2217243], [78.1760732, 26.2219503], [78.1759597, 26.2220017], [78.1762421, 26.2223884], [78.1763933, 26.2228286], [78.1768487, 26.2260368], [78.1763257, 26.2269638], [78.1762863, 26.2270114], [78.1763722, 26.2279128], [78.1767559, 26.2285489], [78.1787667, 26.227265], [78.1814662, 26.2255676], [78.1814573, 26.2255199]]]}, "properties": {"objectid": 221237, "statename": "Madhya Pradesh", "statecode": "23", "districtname": "Gwalior", "districtcode": "421", "ulbname": "Gwalior", "ulbcode": "802100", "wardname": "Dr. Pajendra Prasad Ward", "wardcode": "31", "id": null, "status": "APPROVED", "misglobalid": null, "approved_by": null, "createdate": 1647249753000, "updateddate": 1648194015000, "globalid": null, "gisglobalid": "aQnaB6Rc-d5cn-PaKP-aQ5d-4snl6llmR6lm", "remark": "", "st_area(shape)": 4.463908618875331e-05, "st_perimeter(shape)": 0.035600482000048665}}, {"type": "Feature", "geometry": {"type": "Polygon", "coordinates": [[[78.1619303, 26.2049669], [78.1619519, 26.204891], [78.1618509, 26.2044385], [78.1617916, 26.204359], [78.1611274, 26.2038849], [78.1604972, 26.2034147], [78.1603817, 26.2032588], [78.1595356, 26.2027683], [78.1594793, 26.202717], [78.1593394, 26.2026402], [78.15882, 26.2023722], [78.1586985, 26.2023095], [78.1585874, 26.2022085], [78.1585318, 26.2021329], [78.1581999, 26.2018812], [78.1580119, 26.2019569], [78.1575952, 26.2018565], [78.1572586, 26.2016053], [78.1571986, 26.2013311], [78.1569947, 26.2006631], [78.1569104, 26.2005158], [78.1566328, 26.2001495], [78.1550151, 26.1983756], [78.1546822, 26.1981294], [78.1545407, 26.1978598], [78.1543165, 26.1974701], [78.1541516, 26.1971126], [78.1541494, 26.1971079], [78.153095, 26.1969637], [78.1523666, 26.1968674], [78.1523128, 26.1968434], [78.1518835, 26.1966522], [78.1516435, 26.1964617], [78.1515901, 26.196438], [78.1515703, 26.1958991], [78.1515206, 26.1957597], [78.1514781, 26.1957943], [78.1513499, 26.195921], [78.1510411, 26.1960958], [78.1507886, 26.1963328], [78.1506314, 26.1965537], [78.150562, 26.1966697], [78.1504349, 26.1969372], [78.1504269, 26.1969782], [78.150053, 26.1973511], [78.1500059, 26.1974029], [78.1499785, 26.1974493], [78.1496249, 26.1978172], [78.1495909, 26.1978457], [78.1491971, 26.1982244], [78.1492563, 26.1984628], [78.1491975, 26.1988307], [78.1493019, 26.1989593], [78.1495114, 26.1989875], [78.1498242, 26.199063], [78.1504296, 26.1991843], [78.1504551, 26.1992128], [78.1511135, 26.1993755], [78.1525913, 26.2004877], [78.1533423, 26.2009026], [78.1534263, 26.2009393], [78.15443, 26.2011747], [78.1552042, 26.2016142], [78.1553313, 26.2016624], [78.1561608, 26.2020612], [78.1565885, 26.2024764], [78.1567146, 26.2028105], [78.1569032, 26.2029768], [78.1572425, 26.2032758], [78.1573222, 26.2033911], [78.1576623, 26.2036458], [78.1577694, 26.2037854], [78.1584976, 26.2040424], [78.1593326, 26.2043236], [78.1593455, 26.2043533], [78.1593549, 26.204305], [78.1596281, 26.2043722], [78.1599114, 26.2044727], [78.1602018, 26.2045907], [78.1607191, 26.2047012], [78.16105, 26.204816], [78.1612625, 26.2049104], [78.1615502, 26.2049969], [78.1618976, 26.204955], [78.1619303, 26.2049669]]]}, "properties": {"objectid": 221238, "statename": "Madhya Pradesh", "statecode": "23", "districtname": "Gwalior", "districtcode": "421", "ulbname": "Gwalior", "ulbcode": "802100", "wardname": "Maithilisharan Gupta Ward", "wardcode": "44", "id": null, "status": "APPROVED", "misglobalid": null, "approved_by": null, "createdate": 1647250050000, "updateddate": 1648194189000, "globalid": null, "gisglobalid": "54Q6mcnK-nBcQ-PasR-alKa-RcaKQcmBPoBa", "remark": "", "st_area(shape)": 3.0424481661715946e-05, "st_perimeter(shape)": 0.033726946834400064}}, {"type": "Feature", "geometry": {"type": "Polygon", "coordinates": [[[78.1595022, 26.1951305], [78.158835, 26.1944325], [78.1574422, 26.1934697], [78.1574364, 26.1934322], [78.1568881, 26.1931645], [78.1567335, 26.1929729], [78.1566455, 26.1927945], [78.1552524, 26.192826], [78.1548273, 26.1931275], [78.154759, 26.193176], [78.1539593, 26.1934115], [78.1527278, 26.1938833], [78.1526681, 26.1939089], [78.1515437, 26.1941935], [78.15101, 26.1943615], [78.1509955, 26.1943661], [78.1511127, 26.1944549], [78.1511663, 26.1946535], [78.1511793, 26.194679], [78.1512831, 26.1948747], [78.1513074, 26.1949083], [78.1513915, 26.1950992], [78.151454, 26.1952758], [78.1514798, 26.1953191], [78.1515453, 26.1955159], [78.1515512, 26.1955618], [78.1515711, 26.1957187], [78.1515206, 26.1957597], [78.1515703, 26.1958991], [78.1515901, 26.196438], [78.1516435, 26.1964617], [78.1518835, 26.1966522], [78.1523128, 26.1968434], [78.1523666, 26.1968674], [78.153095, 26.1969637], [78.1541494, 26.1971079], [78.1541516, 26.1971126], [78.1544514, 26.1967992], [78.1554952, 26.1966019], [78.1586032, 26.1955041], [78.1589348, 26.1953237], [78.1595022, 26.1951305]]]}, "properties": {"objectid": 221239, "statename": "Madhya Pradesh", "statecode": "23", "districtname": "Gwalior", "districtcode": "421", "ulbname": "Gwalior", "ulbcode": "802100", "wardname": "Bhikamchandra Jain Ward", "wardcode": "46", "id": null, "status": "APPROVED", "misglobalid": null, "approved_by": null, "createdate": 1647250095000, "updateddate": 1648194227000, "globalid": null, "gisglobalid": "nBBQRKQQ-mPmR-PlPP-sR4n-6c464KdsdPom", "remark": "", "st_area(shape)": 2.234269671962959e-05, "st_perimeter(shape)": 0.02042403554395944}}, {"type": "Feature", "geometry": {"type": "Polygon", "coordinates": [[[78.189221, 26.2485767], [78.1893611, 26.2484547], [78.1900177, 26.2478832], [78.1921128, 26.2460596], [78.1925118, 26.2456871], [78.1929034, 26.2449675], [78.1929419, 26.2448969], [78.1930758, 26.2445778], [78.193142, 26.244408], [78.1932113, 26.2442645], [78.1932, 26.2441831], [78.1934816, 26.2428222], [78.1941041, 26.24145], [78.1941135, 26.2413163], [78.1941689, 26.241099], [78.1942529, 26.2408796], [78.1942987, 26.2407961], [78.1948264, 26.2392835], [78.1948716, 26.2392015], [78.1951075, 26.2375659], [78.1951088, 26.2373886], [78.1950972, 26.2373139], [78.1950683, 26.2368858], [78.1934819, 26.2370099], [78.1891857, 26.2359393], [78.1891418, 26.2360361], [78.1849194, 26.2376972], [78.1848761, 26.2377241], [78.1820506, 26.2387841], [78.1820358, 26.2389862], [78.1822529, 26.2394058], [78.182301, 26.2395339], [78.1825311, 26.239645], [78.1830568, 26.2395761], [78.1831447, 26.2397014], [78.1833001, 26.2399228], [78.1835973, 26.2402193], [78.1838767, 26.2403472], [78.1839347, 26.2403586], [78.1841617, 26.2406365], [78.1843561, 26.2407976], [78.1844086, 26.2410289], [78.185337, 26.2410458], [78.1855518, 26.24106], [78.1857001, 26.2412022], [78.1857644, 26.241859], [78.1860185, 26.2428034], [78.1868568, 26.2445018], [78.1873543, 26.2443183], [78.1883416, 26.2460289], [78.1872814, 26.2468393], [78.1873434, 26.2469016], [78.1880317, 26.2475934], [78.1881891, 26.2477541], [78.1890474, 26.2486307], [78.1890987, 26.2486831], [78.189221, 26.2485767]]]}, "properties": {"objectid": 221240, "statename": "Madhya Pradesh", "statecode": "23", "districtname": "Gwalior", "districtcode": "421", "ulbname": "Gwalior", "ulbcode": "802100", "wardname": "Madhavi Ward", "wardcode": "15", "id": null, "status": "APPROVED", "misglobalid": null, "approved_by": null, "createdate": 1647251791000, "updateddate": 1648193820000, "globalid": null, "gisglobalid": "aKm65an4-odRP-PcmK-Qdc5-Q6aQKnsnPRdP", "remark": "", "st_area(shape)": 8.824797856731663e-05, "st_perimeter(shape)": 0.042523485036917136}}, {"type": "Feature", "geometry": {"type": "Polygon", "coordinates": [[[78.2334031, 26.2493366], [78.232947, 26.2492893], [78.2327319, 26.2491389], [78.2327028, 26.2485335], [78.2322482, 26.2476428], [78.2309322, 26.2465825], [78.2307371, 26.2463621], [78.2299912, 26.2455247], [78.2292884, 26.2443668], [78.2282572, 26.2435591], [78.2273024, 26.2431308], [78.2264798, 26.2429821], [78.2250351, 26.2427205], [78.2237608, 26.2424528], [78.2231914, 26.2422771], [78.2227414, 26.2420788], [78.2226062, 26.2424323], [78.2224573, 26.2426831], [78.2222743, 26.2430361], [78.2222448, 26.2430603], [78.2217622, 26.2436298], [78.2216351, 26.243937], [78.2210223, 26.2442166], [78.2206757, 26.244248], [78.2200653, 26.2443965], [78.2193479, 26.2443537], [78.218945, 26.2442725], [78.2184056, 26.2440498], [78.2175592, 26.2442081], [78.2170761, 26.244071], [78.2170323, 26.2443067], [78.2169205, 26.2446984], [78.2168426, 26.2450144], [78.2164788, 26.2476074], [78.2132718, 26.2475063], [78.2117322, 26.2489683], [78.2101236, 26.247902], [78.2101604, 26.2475167], [78.2098571, 26.2470408], [78.2096294, 26.2470322], [78.2088646, 26.2469186], [78.2013382, 26.2471483], [78.2004659, 26.247107], [78.1999436, 26.2468866], [78.1983975, 26.2464291], [78.1982968, 26.2464381], [78.1978046, 26.2462916], [78.1975067, 26.246082], [78.1967276, 26.2458484], [78.1960136, 26.2456378], [78.1950992, 26.2455182], [78.1943189, 26.2454305], [78.1929034, 26.2449675], [78.1925118, 26.2456871], [78.1921128, 26.2460596], [78.1900177, 26.2478832], [78.1893611, 26.2484547], [78.189221, 26.2485767], [78.1922744, 26.2515094], [78.1941999, 26.2524347], [78.1982174, 26.2529369], [78.2027802, 26.2536481], [78.2040299, 26.2539031], [78.2058479, 26.2541524], [78.2059535, 26.2542828], [78.206171, 26.2542803], [78.206531, 26.2542228], [78.2072131, 26.2543546], [78.2075624, 26.2543595], [78.2079342, 26.2543334], [78.2081863, 26.2542179], [78.2085665, 26.2540205], [78.2088799, 26.2540148], [78.2093679, 26.254068], [78.210284, 26.2542278], [78.2110481, 26.2543486], [78.2110701, 26.2543587], [78.211555, 26.2544674], [78.211627, 26.2546968], [78.2116743, 26.2548016], [78.211875, 26.2547996], [78.2118861, 26.2547995], [78.2123094, 26.254774], [78.212577, 26.2547702], [78.2127311, 26.2547362], [78.2129413, 26.2547119], [78.2130124, 26.2547741], [78.2130147, 26.2548059], [78.213121, 26.2550392], [78.2132434, 26.2551669], [78.2136702, 26.255019], [78.2139999, 26.2550663], [78.2142295, 26.2552139], [78.2149079, 26.255245], [78.21517, 26.2552405], [78.2154872, 26.2552337], [78.2155044, 26.2552152], [78.2159365, 26.2550267], [78.2162334, 26.2550205], [78.216493, 26.2550151], [78.2167412, 26.2550815], [78.2169027, 26.2552039], [78.2172266, 26.2556277], [78.2164206, 26.2519758], [78.216634, 26.2489372], [78.2177195, 26.2489537], [78.2178007, 26.2489527], [78.219249, 26.2489621], [78.2203755, 26.2490195], [78.2204415, 26.2490335], [78.2205069, 26.2490327], [78.2210782, 26.249039], [78.2214097, 26.2491382], [78.2214276, 26.2491677], [78.2218891, 26.2492354], [78.222236, 26.2492899], [78.2226721, 26.2494482], [78.2229652, 26.2494427], [78.2231844, 26.2492898], [78.2238727, 26.2490297], [78.2247404, 26.2491027], [78.225897, 26.2491716], [78.2274105, 26.2493226], [78.2287308, 26.2494472], [78.2297993, 26.2496062], [78.2304237, 26.2499174], [78.2309771, 26.250198], [78.2322393, 26.2505539], [78.2328461, 26.2502277], [78.2333917, 26.2493574], [78.2334031, 26.2493366]]]}, "properties": {"objectid": 221241, "statename": "Madhya Pradesh", "statecode": "23", "districtname": "Gwalior", "districtcode": "421", "ulbname": "Gwalior", "ulbcode": "802100", "wardname": "Maharana Pratap Ward", "wardcode": "19", "id": null, "status": "APPROVED", "misglobalid": null, "approved_by": null, "createdate": 1647251891000, "updateddate": 1648193879000, "globalid": null, "gisglobalid": "KPadKBca-RdmR-Pnas-sRo5-dnBBcKocad5s", "remark": "", "st_area(shape)": 0.00025963115250746377, "st_perimeter(shape)": 0.1101850799066601}}, {"type": "Feature", "geometry": {"type": "Polygon", "coordinates": [[[78.2008364, 26.3038772], [78.2128679, 26.3016199], [78.2211148, 26.3011487], [78.2255736, 26.3000206], [78.2303854, 26.2994398], [78.2378385, 26.303357], [78.2474477, 26.3058142], [78.2521786, 26.3015076], [78.263898, 26.2976414], [78.2737453, 26.2943462], [78.2766648, 26.2850818], [78.2755606, 26.2724852], [78.281338, 26.2672639], [78.2870853, 26.2654177], [78.2795812, 26.2451028], [78.2720267, 26.2409455], [78.2661742, 26.241715], [78.2587006, 26.2418034], [78.2534801, 26.2459072], [78.2518766, 26.2561439], [78.253761, 26.2620612], [78.2478107, 26.2674342], [78.2503842, 26.2764174], [78.2519236, 26.2825669], [78.2492287, 26.287184], [78.2437756, 26.2906227], [78.2378877, 26.2891917], [78.2200698, 26.2802952], [78.2184149, 26.2766608], [78.2162766, 26.2774015], [78.2122806, 26.2800472], [78.2128983, 26.2833258], [78.2085891, 26.2852281], [78.2024555, 26.2848361], [78.1966025, 26.2836237], [78.1934573, 26.279408], [78.1893294, 26.2823587], [78.1913757, 26.2874661], [78.1916266, 26.2945259], [78.193521, 26.2970719], [78.1979172, 26.3018661], [78.2008364, 26.3038772]]]}, "properties": {"objectid": 222021, "statename": "Madhya Pradesh", "statecode": "23", "districtname": "Gwalior", "districtcode": "421", "ulbname": "Gwalior", "ulbcode": "802100", "wardname": "Bhadaroli Ward", "wardcode": "62", "id": null, "status": "APPROVED", "misglobalid": null, "approved_by": null, "createdate": 1647261418000, "updateddate": 1648194350000, "globalid": null, "gisglobalid": "msdRBdmo-l54d-Pml6-Q5Bl-Q666sm5ll4R4", "remark": "", "st_area(shape)": 0.0025892022801822906, "st_perimeter(shape)": 0.3092691865183781}}, {"type": "Feature", "geometry": {"type": "Polygon", "coordinates": [[[78.1247176, 26.3176174], [78.1311709, 26.3187449], [78.1397367, 26.3179149], [78.1496823, 26.3196182], [78.167479, 26.3165636], [78.1783398, 26.317771], [78.1825343, 26.3173899], [78.1856301, 26.316024], [78.190721, 26.3150713], [78.1960865, 26.3121489], [78.2000614, 26.3073391], [78.1946979, 26.3025291], [78.1911197, 26.2977189], [78.1875415, 26.2929085], [78.1889143, 26.2895977], [78.185618, 26.285548], [78.191031, 26.2778147], [78.1895775, 26.2757455], [78.187097, 26.2743858], [78.1827856, 26.2747976], [78.1833672, 26.2735721], [78.1813241, 26.2637146], [78.1855673, 26.2601251], [78.1811588, 26.2498847], [78.1750348, 26.254029], [78.160977, 26.2615294], [78.1451371, 26.2694034], [78.1321057, 26.2738321], [78.1287716, 26.2789456], [78.1173696, 26.3136776], [78.1247176, 26.3176174]]]}, "properties": {"objectid": 249498, "statename": "Madhya Pradesh", "statecode": "23", "districtname": "Gwalior", "districtcode": "421", "ulbname": "Gwalior", "ulbcode": "802100", "wardname": "Purani Chawni Ward", "wardcode": "63", "id": null, "status": "APPROVED", "misglobalid": null, "approved_by": null, "createdate": 1648194890000, "updateddate": 1648195360000, "globalid": null, "gisglobalid": "aaRKPdlo-sKn5-PRoB-sK4d-6dad5nl6moda", "remark": "", "st_area(shape)": 0.0035367664071170976, "st_perimeter(shape)": 0.26039321568087076}}]}